{
  "authorDailyContributionsMap": {
    "shaungohsc": [
      {
        "insertions": 0,
        "deletions": 0,
        "date": "2019-02-10",
        "commitResults": []
      },
      {
        "insertions": 0,
        "deletions": 0,
        "date": "2019-02-11",
        "commitResults": []
      },
      {
        "insertions": 0,
        "deletions": 0,
        "date": "2019-02-12",
        "commitResults": []
      },
      {
        "insertions": 0,
        "deletions": 0,
        "date": "2019-02-13",
        "commitResults": []
      },
      {
        "insertions": 0,
        "deletions": 0,
        "date": "2019-02-14",
        "commitResults": []
      },
      {
        "insertions": 0,
        "deletions": 0,
        "date": "2019-02-15",
        "commitResults": []
      },
      {
        "insertions": 0,
        "deletions": 0,
        "date": "2019-02-16",
        "commitResults": []
      },
      {
        "insertions": 0,
        "deletions": 0,
        "date": "2019-02-17",
        "commitResults": []
      },
      {
        "insertions": 0,
        "deletions": 0,
        "date": "2019-02-18",
        "commitResults": []
      },
      {
        "insertions": 4,
        "deletions": 14,
        "date": "2019-02-19",
        "commitResults": [
          {
            "hash": "b807b2a8a583d1895254ab93415fb5823648634d",
            "message": "Update About Us and Add photo of shaungohsc",
            "insertions": 4,
            "deletions": 14
          }
        ]
      },
      {
        "insertions": 0,
        "deletions": 0,
        "date": "2019-02-20",
        "commitResults": []
      },
      {
        "insertions": 0,
        "deletions": 0,
        "date": "2019-02-21",
        "commitResults": []
      },
      {
        "insertions": 0,
        "deletions": 0,
        "date": "2019-02-22",
        "commitResults": []
      },
      {
        "insertions": 0,
        "deletions": 0,
        "date": "2019-02-23",
        "commitResults": []
      },
      {
        "insertions": 0,
        "deletions": 0,
        "date": "2019-02-24",
        "commitResults": []
      },
      {
        "insertions": 0,
        "deletions": 0,
        "date": "2019-02-25",
        "commitResults": []
      },
      {
        "insertions": 0,
        "deletions": 0,
        "date": "2019-02-26",
        "commitResults": []
      },
      {
        "insertions": 0,
        "deletions": 0,
        "date": "2019-02-27",
        "commitResults": []
      },
      {
        "insertions": 0,
        "deletions": 0,
        "date": "2019-02-28",
        "commitResults": []
      },
      {
        "insertions": 0,
        "deletions": 0,
        "date": "2019-03-01",
        "commitResults": []
      },
      {
        "insertions": 0,
        "deletions": 0,
        "date": "2019-03-02",
        "commitResults": []
      },
      {
        "insertions": 0,
        "deletions": 0,
        "date": "2019-03-03",
        "commitResults": []
      },
      {
        "insertions": 0,
        "deletions": 0,
        "date": "2019-03-04",
        "commitResults": []
      },
      {
        "insertions": 0,
        "deletions": 0,
        "date": "2019-03-05",
        "commitResults": []
      },
      {
        "insertions": 0,
        "deletions": 0,
        "date": "2019-03-06",
        "commitResults": []
      },
      {
        "insertions": 0,
        "deletions": 0,
        "date": "2019-03-07",
        "commitResults": []
      },
      {
        "insertions": 0,
        "deletions": 0,
        "date": "2019-03-08",
        "commitResults": []
      },
      {
        "insertions": 0,
        "deletions": 0,
        "date": "2019-03-09",
        "commitResults": []
      },
      {
        "insertions": 0,
        "deletions": 0,
        "date": "2019-03-10",
        "commitResults": []
      },
      {
        "insertions": 0,
        "deletions": 0,
        "date": "2019-03-11",
        "commitResults": []
      },
      {
        "insertions": 0,
        "deletions": 0,
        "date": "2019-03-12",
        "commitResults": []
      },
      {
        "insertions": 0,
        "deletions": 0,
        "date": "2019-03-13",
        "commitResults": []
      },
      {
        "insertions": 0,
        "deletions": 0,
        "date": "2019-03-14",
        "commitResults": []
      },
      {
        "insertions": 0,
        "deletions": 0,
        "date": "2019-03-15",
        "commitResults": []
      },
      {
        "insertions": 0,
        "deletions": 0,
        "date": "2019-03-16",
        "commitResults": []
      },
      {
        "insertions": 88,
        "deletions": 66,
        "date": "2019-03-17",
        "commitResults": [
          {
            "hash": "0c729e7bbdbdfefcd059e676a61e30ee31acca00",
            "message": "Edit UserGuide for Chapter 1, 3.10 to 3.19 and 5",
            "insertions": 88,
            "deletions": 66
          }
        ]
      },
      {
        "insertions": 120,
        "deletions": 26,
        "date": "2019-03-18",
        "commitResults": [
          {
            "hash": "79a0cedf5bc90fefd0b9aa1a535ac16f2c850488",
            "message": "Change App Icon and Title in MainWindow",
            "insertions": 5,
            "deletions": 5
          },
          {
            "hash": "77667f820498d05911f1c61e05ca143faf009abf",
            "message": "Add Field Names to PlaceListCards of each Place",
            "insertions": 115,
            "deletions": 21
          }
        ]
      },
      {
        "insertions": 34,
        "deletions": 62,
        "date": "2019-03-19",
        "commitResults": [
          {
            "hash": "c15a396bf5da9184eee4503a0688f8c2d5592ff1",
            "message": "Updated UI Component details for DG",
            "insertions": 34,
            "deletions": 62
          }
        ]
      },
      {
        "insertions": 0,
        "deletions": 0,
        "date": "2019-03-20",
        "commitResults": []
      },
      {
        "insertions": 0,
        "deletions": 0,
        "date": "2019-03-21",
        "commitResults": []
      },
      {
        "insertions": 0,
        "deletions": 0,
        "date": "2019-03-22",
        "commitResults": []
      },
      {
        "insertions": 0,
        "deletions": 0,
        "date": "2019-03-23",
        "commitResults": []
      },
      {
        "insertions": 0,
        "deletions": 0,
        "date": "2019-03-24",
        "commitResults": []
      },
      {
        "insertions": 0,
        "deletions": 0,
        "date": "2019-03-25",
        "commitResults": []
      },
      {
        "insertions": 0,
        "deletions": 0,
        "date": "2019-03-26",
        "commitResults": []
      },
      {
        "insertions": 0,
        "deletions": 0,
        "date": "2019-03-27",
        "commitResults": []
      },
      {
        "insertions": 0,
        "deletions": 0,
        "date": "2019-03-28",
        "commitResults": []
      },
      {
        "insertions": 292,
        "deletions": 35,
        "date": "2019-03-29",
        "commitResults": [
          {
            "hash": "f7898ef86c438e74d43b54a619abd0844d606abb",
            "message": "Add SimpleBooleanProperty in Logic and Model for displaying Generate command",
            "insertions": 292,
            "deletions": 35
          }
        ]
      },
      {
        "insertions": 151,
        "deletions": 48,
        "date": "2019-03-30",
        "commitResults": [
          {
            "hash": "a5a7ad3ac4ea229e3463f55765c209142508e3f1",
            "message": "Change Generate command so it displays chart on execution",
            "insertions": 136,
            "deletions": 16
          },
          {
            "hash": "5cacf44a924edc250b6efe6930b4186eb9cb9cf3",
            "message": "Add ExtendedPlacePanel to RightParentPanel",
            "insertions": 14,
            "deletions": 32
          },
          {
            "hash": "98fefe7e2568da0264b57c4f4fabfa56263a52c4",
            "message": "Try a different method of updating nodes in VBox",
            "insertions": 1,
            "deletions": 0
          }
        ]
      },
      {
        "insertions": 5,
        "deletions": 16,
        "date": "2019-03-31",
        "commitResults": [
          {
            "hash": "ea5dc6c1636749c9bf9c0864c06cf4fd085d7f4f",
            "message": "Correct style violations",
            "insertions": 5,
            "deletions": 16
          }
        ]
      },
      {
        "insertions": 153,
        "deletions": 114,
        "date": "2019-04-01",
        "commitResults": [
          {
            "hash": "ac864d5d800b96cf82641e5b04cdb1f2b0e50cad",
            "message": "[Not passing System tests] Added Pane-switching betwteen DisplayListPanel and ExpandedPlacePanel",
            "insertions": 149,
            "deletions": 110
          },
          {
            "hash": "d8016e59a243c75533878579ed977b6654d5c7a8",
            "message": "Fix BufferOverflow Exception for all Systemtests",
            "insertions": 4,
            "deletions": 4
          }
        ]
      },
      {
        "insertions": 161,
        "deletions": 159,
        "date": "2019-04-02",
        "commitResults": [
          {
            "hash": "5dd4e95e20652afed0f51de86cd70d231308d73e",
            "message": "Updated DG/UI Component for v1.4",
            "insertions": 16,
            "deletions": 13
          },
          {
            "hash": "c55bfc1703ad6155791ec36246f2ccc68b6cdc26",
            "message": "Updated DG diagrams and added intro for overall DG, and sections 1 and 2",
            "insertions": 8,
            "deletions": 0
          },
          {
            "hash": "d2ea8346df1030acea649c2d5000b93d47b03b65",
            "message": "Updated all instances of \"address book\" to \"TravelBuddy\", changes to Section 3.1.1",
            "insertions": 37,
            "deletions": 34
          },
          {
            "hash": "520f42bca53ab69421db0e0baff6358e6479dc80",
            "message": "Add details to Section 3.1.1",
            "insertions": 2,
            "deletions": 0
          },
          {
            "hash": "010b16b740e007536f4c83f09706a9c45d0186b3",
            "message": "Fix tag Flowplane overflow and Place Card misalignment issue",
            "insertions": 90,
            "deletions": 94
          },
          {
            "hash": "4e14e5345322469cefc5f2b9b313bed687ba68a6",
            "message": "Correct minor errors to DG",
            "insertions": 8,
            "deletions": 18
          }
        ]
      }
    ],
    "chung-ming": [
      {
        "insertions": 0,
        "deletions": 0,
        "date": "2019-02-10",
        "commitResults": []
      },
      {
        "insertions": 0,
        "deletions": 0,
        "date": "2019-02-11",
        "commitResults": []
      },
      {
        "insertions": 0,
        "deletions": 0,
        "date": "2019-02-12",
        "commitResults": []
      },
      {
        "insertions": 0,
        "deletions": 0,
        "date": "2019-02-13",
        "commitResults": []
      },
      {
        "insertions": 0,
        "deletions": 0,
        "date": "2019-02-14",
        "commitResults": []
      },
      {
        "insertions": 0,
        "deletions": 0,
        "date": "2019-02-15",
        "commitResults": []
      },
      {
        "insertions": 7,
        "deletions": 7,
        "date": "2019-02-16",
        "commitResults": [
          {
            "hash": "8a3aafad385f9c91a36e75b2f7e4bc2eb9e6edd7",
            "message": "modify repo URL from se-edu to our repo",
            "insertions": 4,
            "deletions": 4
          },
          {
            "hash": "2987fb598c804ea40f40991ea65875acc04a0466",
            "message": "README.adoc: point the build status to my own repo",
            "insertions": 2,
            "deletions": 2
          },
          {
            "hash": "bab7414b4f8c54f1d2906f350f4159c1d7225a01",
            "message": "README.adoc: point build status to team repo",
            "insertions": 1,
            "deletions": 1
          }
        ]
      },
      {
        "insertions": 13,
        "deletions": 18,
        "date": "2019-02-17",
        "commitResults": [
          {
            "hash": "bffd32e80eec59171e5d0c7e13bfa9679a142d55",
            "message": "modify documents",
            "insertions": 13,
            "deletions": 18
          }
        ]
      },
      {
        "insertions": 15,
        "deletions": 1,
        "date": "2019-02-18",
        "commitResults": [
          {
            "hash": "9e13c0784f4f460667e20a0fb153bb753c3f36b3",
            "message": "Add a local backup storage for the address book",
            "insertions": 15,
            "deletions": 1
          }
        ]
      },
      {
        "insertions": 109,
        "deletions": 8,
        "date": "2019-02-19",
        "commitResults": [
          {
            "hash": "3a33eb1dc4370dfe09b09378d178c20e3b40b228",
            "message": " Add command aliases",
            "insertions": 109,
            "deletions": 8
          }
        ]
      },
      {
        "insertions": 0,
        "deletions": 0,
        "date": "2019-02-20",
        "commitResults": []
      },
      {
        "insertions": 0,
        "deletions": 0,
        "date": "2019-02-21",
        "commitResults": []
      },
      {
        "insertions": 0,
        "deletions": 0,
        "date": "2019-02-22",
        "commitResults": []
      },
      {
        "insertions": 0,
        "deletions": 0,
        "date": "2019-02-23",
        "commitResults": []
      },
      {
        "insertions": 0,
        "deletions": 0,
        "date": "2019-02-24",
        "commitResults": []
      },
      {
        "insertions": 301,
        "deletions": 82,
        "date": "2019-02-25",
        "commitResults": [
          {
            "hash": "bbbb9297a7c4a6d4537a52296dfef138f07958fa",
            "message": "Add description of TravelBuddy in ReadMe",
            "insertions": 3,
            "deletions": 1
          },
          {
            "hash": "cba5197425e387c2c43e380ac0eb3abc2218d50e",
            "message": "Add target user to ReadMe",
            "insertions": 2,
            "deletions": 2
          },
          {
            "hash": "6ad1552598dd5a0ecaab1cd4d1f8d1639a28cfd3",
            "message": "Add everyone\u0027s email to ContactUs",
            "insertions": 2,
            "deletions": 1
          },
          {
            "hash": "fc88f911ac53f25d485d8f21eb18d955e1daaa24",
            "message": "Create team\u0027s individual Project Portfolio and removed the default",
            "insertions": 0,
            "deletions": 72
          },
          {
            "hash": "894d975af2f6508f72e7a00576cb22423f6f3f5d",
            "message": "Insert template to team\u0027s Project Portfolios",
            "insertions": 216,
            "deletions": 0
          },
          {
            "hash": "986e1c049b75a3e0db30fdde2a44fdc08b3c127f",
            "message": "Modify Project Portfolio link in AboutUs",
            "insertions": 6,
            "deletions": 6
          },
          {
            "hash": "1919a6c72e1cb5ad4d459211ebcef3764352eeb2",
            "message": "Update Project Profile with template",
            "insertions": 72,
            "deletions": 0
          }
        ]
      },
      {
        "insertions": 0,
        "deletions": 0,
        "date": "2019-02-26",
        "commitResults": []
      },
      {
        "insertions": 484,
        "deletions": 432,
        "date": "2019-02-27",
        "commitResults": [
          {
            "hash": "861944b0b508b0222f5c7a2688d7efe05af648c2",
            "message": "Rename Email classes to Description classes",
            "insertions": 0,
            "deletions": 0
          },
          {
            "hash": "db84293c0c7bd690856931cedf7421f782070e41",
            "message": "Modify documentations and diagrams for Description object",
            "insertions": 18,
            "deletions": 15
          },
          {
            "hash": "af2008668c93c21fceb5729c0e481e6789b2ca38",
            "message": "Modify .json storage files for Description",
            "insertions": 13,
            "deletions": 13
          },
          {
            "hash": "03fe3fb662c3024cfba306fd0cfa0d28c31f0a72",
            "message": "Modify Email object to Description object",
            "insertions": 453,
            "deletions": 404
          }
        ]
      },
      {
        "insertions": 0,
        "deletions": 0,
        "date": "2019-02-28",
        "commitResults": []
      },
      {
        "insertions": 0,
        "deletions": 0,
        "date": "2019-03-01",
        "commitResults": []
      },
      {
        "insertions": 0,
        "deletions": 0,
        "date": "2019-03-02",
        "commitResults": []
      },
      {
        "insertions": 0,
        "deletions": 0,
        "date": "2019-03-03",
        "commitResults": []
      },
      {
        "insertions": 0,
        "deletions": 0,
        "date": "2019-03-04",
        "commitResults": []
      },
      {
        "insertions": 0,
        "deletions": 0,
        "date": "2019-03-05",
        "commitResults": []
      },
      {
        "insertions": 0,
        "deletions": 0,
        "date": "2019-03-06",
        "commitResults": []
      },
      {
        "insertions": 0,
        "deletions": 0,
        "date": "2019-03-07",
        "commitResults": []
      },
      {
        "insertions": 0,
        "deletions": 0,
        "date": "2019-03-08",
        "commitResults": []
      },
      {
        "insertions": 0,
        "deletions": 0,
        "date": "2019-03-09",
        "commitResults": []
      },
      {
        "insertions": 0,
        "deletions": 0,
        "date": "2019-03-10",
        "commitResults": []
      },
      {
        "insertions": 0,
        "deletions": 0,
        "date": "2019-03-11",
        "commitResults": []
      },
      {
        "insertions": 57,
        "deletions": 0,
        "date": "2019-03-12",
        "commitResults": [
          {
            "hash": "501beb69dc0d816d903bb2522ab2180cf0bc0efc",
            "message": "Add \u0027generate\u0027 command that does nothing",
            "insertions": 57,
            "deletions": 0
          }
        ]
      },
      {
        "insertions": 18,
        "deletions": 6,
        "date": "2019-03-13",
        "commitResults": [
          {
            "hash": "50a1030842713138429a33a6c37ced7f2cf905c6",
            "message": "Modify checkstyle and user guide",
            "insertions": 7,
            "deletions": 5
          },
          {
            "hash": "3d8554f198626b022bed082827a37a5684ca90ae",
            "message": "Modify checkstyle, user guide and ppp",
            "insertions": 11,
            "deletions": 1
          }
        ]
      },
      {
        "insertions": 0,
        "deletions": 0,
        "date": "2019-03-14",
        "commitResults": []
      },
      {
        "insertions": 6,
        "deletions": 3,
        "date": "2019-03-15",
        "commitResults": [
          {
            "hash": "d992fa9ab20e4d2a29546aa09ea4172b5c701980",
            "message": "Format User Guide to suit CS2101 standards.",
            "insertions": 6,
            "deletions": 3
          }
        ]
      },
      {
        "insertions": 0,
        "deletions": 0,
        "date": "2019-03-16",
        "commitResults": []
      },
      {
        "insertions": 0,
        "deletions": 0,
        "date": "2019-03-17",
        "commitResults": []
      },
      {
        "insertions": 0,
        "deletions": 0,
        "date": "2019-03-18",
        "commitResults": []
      },
      {
        "insertions": 382,
        "deletions": 231,
        "date": "2019-03-19",
        "commitResults": [
          {
            "hash": "9f779fe15dce3203f0ab1836b10ea366655cfc3b",
            "message": "Modify formatting in AddCommand and ListCommand. Remove tests for GenerateCommand.",
            "insertions": 8,
            "deletions": 23
          },
          {
            "hash": "bbc0707e7eb1613043fd6d467598652a6a33e98f",
            "message": "Minor formatting",
            "insertions": 21,
            "deletions": 25
          },
          {
            "hash": "fc7bc34b1bd19671765041795ec4417c0180b659",
            "message": "Modify generate feature",
            "insertions": 176,
            "deletions": 10
          },
          {
            "hash": "de49522ab263819db03354ade46c67c77c89c78e",
            "message": "Modify generate feature",
            "insertions": 93,
            "deletions": 136
          },
          {
            "hash": "a06f37a086ffe74d7f6af64fcef8f2c8cd308459",
            "message": "Add category names in PlaceCard",
            "insertions": 4,
            "deletions": 8
          },
          {
            "hash": "6b7f41bc5364a16b3a51b6d6c0d04adb9c0f19d3",
            "message": "Undo category names in PlaceCard",
            "insertions": 8,
            "deletions": 5
          },
          {
            "hash": "590b16512690d4f6c01bb7eeb91f3412992e8948",
            "message": "Modify Developer Guide",
            "insertions": 72,
            "deletions": 24
          }
        ]
      },
      {
        "insertions": 102,
        "deletions": 46,
        "date": "2019-03-20",
        "commitResults": [
          {
            "hash": "6d4b42b1d646513442cb4d95f9b44f6b3f0f4c2c",
            "message": "Format Developer Guide",
            "insertions": 81,
            "deletions": 35
          },
          {
            "hash": "43477e751535b826124c44f58bc4f503069a1beb",
            "message": "Convert Map to JSON and store the data in a JSON file",
            "insertions": 21,
            "deletions": 3
          },
          {
            "hash": "c80c4dc2edea2ad8d3c4a7e4f479291cf096e0d3",
            "message": "Remove dataencryption tags to conform to asciidoctor",
            "insertions": 0,
            "deletions": 8
          }
        ]
      },
      {
        "insertions": 0,
        "deletions": 0,
        "date": "2019-03-21",
        "commitResults": []
      },
      {
        "insertions": 3027,
        "deletions": 2854,
        "date": "2019-03-22",
        "commitResults": [
          {
            "hash": "7a118e4be50f74d7e15072c73a89f29479e4bfbf",
            "message": "Add Chart and Maps functionality",
            "insertions": 207,
            "deletions": 34
          },
          {
            "hash": "5407558c2ab193ecd660c0104fb44dc505399bd1",
            "message": "Modify \"addressbook\", \"address book\", \"person\" and \"persons\" to \"travelbuddy\", \"place\" or \"places\"",
            "insertions": 2753,
            "deletions": 2753
          },
          {
            "hash": "ee4daba61a07fd5446e2412c637729a77d5ee3c5",
            "message": "Fix checkstyle and test errors",
            "insertions": 13,
            "deletions": 13
          },
          {
            "hash": "639d7918b5429536eca50fbb3d7534f85bb60b19",
            "message": "Fix unchecked errors",
            "insertions": 1,
            "deletions": 0
          },
          {
            "hash": "16477605b27c4368b39b818f9927de29267f1f97",
            "message": "Fix test errors",
            "insertions": 48,
            "deletions": 48
          },
          {
            "hash": "d976a778736a4944aeb1d1c0633e08dadd02ba8e",
            "message": "Fix test errors",
            "insertions": 2,
            "deletions": 3
          },
          {
            "hash": "4de3894061b738ca1f078b89acac4ee70baa1360",
            "message": "Fix test errors",
            "insertions": 3,
            "deletions": 3
          }
        ]
      },
      {
        "insertions": 0,
        "deletions": 0,
        "date": "2019-03-23",
        "commitResults": []
      },
      {
        "insertions": 0,
        "deletions": 0,
        "date": "2019-03-24",
        "commitResults": []
      },
      {
        "insertions": 0,
        "deletions": 0,
        "date": "2019-03-25",
        "commitResults": []
      },
      {
        "insertions": 0,
        "deletions": 0,
        "date": "2019-03-26",
        "commitResults": []
      },
      {
        "insertions": 514,
        "deletions": 58,
        "date": "2019-03-27",
        "commitResults": [
          {
            "hash": "71b3b686e041eb5ad811cd8ce9927701200782f0",
            "message": "Modify UI",
            "insertions": 510,
            "deletions": 54
          },
          {
            "hash": "a2ff4129d55a8bdb57d2fe49ee881dadc3a86825",
            "message": "Modify test errors",
            "insertions": 4,
            "deletions": 4
          }
        ]
      },
      {
        "insertions": 559,
        "deletions": 62,
        "date": "2019-03-28",
        "commitResults": [
          {
            "hash": "4172a29646edfbb179d480d6c247b69bcdfd89e1",
            "message": "Modify chart feature",
            "insertions": 209,
            "deletions": 40
          },
          {
            "hash": "d851f6fa0de091c9b7884587818262672f90f685",
            "message": "Modify UI. Duplicate PlaceListPanel.",
            "insertions": 340,
            "deletions": 9
          },
          {
            "hash": "c78c0ab967824e110a66318326edb68554f74b74",
            "message": "Modify UI",
            "insertions": 10,
            "deletions": 13
          }
        ]
      },
      {
        "insertions": 305,
        "deletions": 378,
        "date": "2019-03-29",
        "commitResults": [
          {
            "hash": "c7f26e30e84a9c7b14e9245ad1764e7ccc7db748",
            "message": "Modify UI for Chart feature",
            "insertions": 305,
            "deletions": 378
          }
        ]
      },
      {
        "insertions": 245,
        "deletions": 107,
        "date": "2019-03-30",
        "commitResults": [
          {
            "hash": "aa84777c1ad903ca2cfeac649e5697fd2a453ce2",
            "message": "Add Rating and Year Charts",
            "insertions": 245,
            "deletions": 107
          }
        ]
      },
      {
        "insertions": 0,
        "deletions": 0,
        "date": "2019-03-31",
        "commitResults": []
      },
      {
        "insertions": 0,
        "deletions": 0,
        "date": "2019-04-01",
        "commitResults": []
      },
      {
        "insertions": 0,
        "deletions": 0,
        "date": "2019-04-02",
        "commitResults": []
      }
    ],
    "PremBagda": [
      {
        "insertions": 0,
        "deletions": 0,
        "date": "2019-02-10",
        "commitResults": []
      },
      {
        "insertions": 0,
        "deletions": 0,
        "date": "2019-02-11",
        "commitResults": []
      },
      {
        "insertions": 0,
        "deletions": 0,
        "date": "2019-02-12",
        "commitResults": []
      },
      {
        "insertions": 0,
        "deletions": 0,
        "date": "2019-02-13",
        "commitResults": []
      },
      {
        "insertions": 0,
        "deletions": 0,
        "date": "2019-02-14",
        "commitResults": []
      },
      {
        "insertions": 0,
        "deletions": 0,
        "date": "2019-02-15",
        "commitResults": []
      },
      {
        "insertions": 0,
        "deletions": 0,
        "date": "2019-02-16",
        "commitResults": []
      },
      {
        "insertions": 0,
        "deletions": 0,
        "date": "2019-02-17",
        "commitResults": []
      },
      {
        "insertions": 0,
        "deletions": 0,
        "date": "2019-02-18",
        "commitResults": []
      },
      {
        "insertions": 137,
        "deletions": 11,
        "date": "2019-02-19",
        "commitResults": [
          {
            "hash": "b8c0b7969c2716fac1b569a29e096aac21936248",
            "message": "Update AboutUs.adoc",
            "insertions": 4,
            "deletions": 5
          },
          {
            "hash": "9347d57c9ee45a56bf6c60917bde4328bea85cb3",
            "message": "Fix coding standard issues.",
            "insertions": 132,
            "deletions": 5
          },
          {
            "hash": "6b2c8b1df21c779f75b677384ec576cf7b7e5b81",
            "message": "DarkTheme: Add newline at EOF",
            "insertions": 1,
            "deletions": 1
          }
        ]
      },
      {
        "insertions": 0,
        "deletions": 0,
        "date": "2019-02-20",
        "commitResults": []
      },
      {
        "insertions": 0,
        "deletions": 0,
        "date": "2019-02-21",
        "commitResults": []
      },
      {
        "insertions": 0,
        "deletions": 0,
        "date": "2019-02-22",
        "commitResults": []
      },
      {
        "insertions": 0,
        "deletions": 0,
        "date": "2019-02-23",
        "commitResults": []
      },
      {
        "insertions": 0,
        "deletions": 0,
        "date": "2019-02-24",
        "commitResults": []
      },
      {
        "insertions": 0,
        "deletions": 0,
        "date": "2019-02-25",
        "commitResults": []
      },
      {
        "insertions": 0,
        "deletions": 0,
        "date": "2019-02-26",
        "commitResults": []
      },
      {
        "insertions": 2063,
        "deletions": 2062,
        "date": "2019-02-27",
        "commitResults": [
          {
            "hash": "436363babbf8fd7458afb5957bae481f4656fa58",
            "message": "Convert Person object to Place object",
            "insertions": 2062,
            "deletions": 2061
          },
          {
            "hash": "321252e602dcda053058d32e1d8627cf77aa58e9",
            "message": "Update lexicographical order of imports",
            "insertions": 1,
            "deletions": 1
          }
        ]
      },
      {
        "insertions": 0,
        "deletions": 0,
        "date": "2019-02-28",
        "commitResults": []
      },
      {
        "insertions": 0,
        "deletions": 0,
        "date": "2019-03-01",
        "commitResults": []
      },
      {
        "insertions": 0,
        "deletions": 0,
        "date": "2019-03-02",
        "commitResults": []
      },
      {
        "insertions": 0,
        "deletions": 0,
        "date": "2019-03-03",
        "commitResults": []
      },
      {
        "insertions": 0,
        "deletions": 0,
        "date": "2019-03-04",
        "commitResults": []
      },
      {
        "insertions": 0,
        "deletions": 0,
        "date": "2019-03-05",
        "commitResults": []
      },
      {
        "insertions": 0,
        "deletions": 0,
        "date": "2019-03-06",
        "commitResults": []
      },
      {
        "insertions": 0,
        "deletions": 0,
        "date": "2019-03-07",
        "commitResults": []
      },
      {
        "insertions": 0,
        "deletions": 0,
        "date": "2019-03-08",
        "commitResults": []
      },
      {
        "insertions": 0,
        "deletions": 0,
        "date": "2019-03-09",
        "commitResults": []
      },
      {
        "insertions": 0,
        "deletions": 0,
        "date": "2019-03-10",
        "commitResults": []
      },
      {
        "insertions": 0,
        "deletions": 0,
        "date": "2019-03-11",
        "commitResults": []
      },
      {
        "insertions": 163,
        "deletions": 112,
        "date": "2019-03-12",
        "commitResults": [
          {
            "hash": "ad91d14e550621bfdac072aa2470854a150bd365",
            "message": "Updated Diagrams and Developer guide based on v1.1 updated objects.",
            "insertions": 163,
            "deletions": 112
          }
        ]
      },
      {
        "insertions": 0,
        "deletions": 0,
        "date": "2019-03-13",
        "commitResults": []
      },
      {
        "insertions": 0,
        "deletions": 0,
        "date": "2019-03-14",
        "commitResults": []
      },
      {
        "insertions": 0,
        "deletions": 0,
        "date": "2019-03-15",
        "commitResults": []
      },
      {
        "insertions": 0,
        "deletions": 0,
        "date": "2019-03-16",
        "commitResults": []
      },
      {
        "insertions": 551,
        "deletions": 92,
        "date": "2019-03-17",
        "commitResults": [
          {
            "hash": "fd342cab5e854abeaf1c6901a7ba05a7872f44be",
            "message": "Add Country Code",
            "insertions": 551,
            "deletions": 92
          }
        ]
      },
      {
        "insertions": 17,
        "deletions": 33,
        "date": "2019-03-18",
        "commitResults": [
          {
            "hash": "50295740590e2d2aa5a55c12dd494892d6c58f4a",
            "message": "Update UserGuide from 3.1 to 3.9",
            "insertions": 17,
            "deletions": 33
          }
        ]
      },
      {
        "insertions": 82,
        "deletions": 26,
        "date": "2019-03-19",
        "commitResults": [
          {
            "hash": "67f938a8ba8d7f400f9de52c5cd9b37e7ff68ab7",
            "message": "Update Diagrams, UG \u0026 DG to match features in V1.2",
            "insertions": 82,
            "deletions": 26
          }
        ]
      },
      {
        "insertions": 0,
        "deletions": 0,
        "date": "2019-03-20",
        "commitResults": []
      },
      {
        "insertions": 0,
        "deletions": 0,
        "date": "2019-03-21",
        "commitResults": []
      },
      {
        "insertions": 0,
        "deletions": 0,
        "date": "2019-03-22",
        "commitResults": []
      },
      {
        "insertions": 0,
        "deletions": 0,
        "date": "2019-03-23",
        "commitResults": []
      },
      {
        "insertions": 648,
        "deletions": 183,
        "date": "2019-03-24",
        "commitResults": [
          {
            "hash": "b23e0ba24bbd98e67f934bef38a3b1e9fd894fa6",
            "message": "Add Date Visited",
            "insertions": 633,
            "deletions": 168
          },
          {
            "hash": "10db9a944437fb64976e906db101c5008ebe93fa",
            "message": "Fix bug on typicalPlacesTravelBuddy",
            "insertions": 8,
            "deletions": 8
          },
          {
            "hash": "3c02688c450cbda89d641b1837f217e8d742afc0",
            "message": "Remove commented code related to google import statements.",
            "insertions": 7,
            "deletions": 7
          }
        ]
      },
      {
        "insertions": 0,
        "deletions": 0,
        "date": "2019-03-25",
        "commitResults": []
      },
      {
        "insertions": 30,
        "deletions": 28,
        "date": "2019-03-26",
        "commitResults": [
          {
            "hash": "3e5a6acd14cabf3bed42be1f0afc7432b3ec9bcb",
            "message": "Update UG \u0026 DG and re-alignment of PlaceCard",
            "insertions": 30,
            "deletions": 28
          }
        ]
      },
      {
        "insertions": 1,
        "deletions": 1,
        "date": "2019-03-27",
        "commitResults": [
          {
            "hash": "770204a981a06165c9b69e4fe9f421d2132aea78",
            "message": "Update Java version in PlaceListCard from 8 to 11",
            "insertions": 1,
            "deletions": 1
          }
        ]
      },
      {
        "insertions": 38,
        "deletions": 12,
        "date": "2019-03-28",
        "commitResults": [
          {
            "hash": "aae38bc02a5a673c82e5cc320fcd34485a534757",
            "message": "Add _reposense/config.json for correct RepoSense Data",
            "insertions": 25,
            "deletions": 0
          },
          {
            "hash": "0cac0dfebdefcb71ecf413d58a49ca0c972bda83",
            "message": "Fix #2 RepoSense",
            "insertions": 2,
            "deletions": 2
          },
          {
            "hash": "3804f0c7c47ec74c004cabd47a386bd6920f7cf9",
            "message": "Fix #2 RepoSense",
            "insertions": 2,
            "deletions": 2
          },
          {
            "hash": "83fb82792a55c62077d77ab379a1c789a69c622b",
            "message": "RepoSense Fix#2",
            "insertions": 1,
            "deletions": 0
          },
          {
            "hash": "f478aff0885be14c212212b61cf12cef3586ec87",
            "message": "Update RepoSense config to display accurate info for all.",
            "insertions": 8,
            "deletions": 8
          }
        ]
      },
      {
        "insertions": 0,
        "deletions": 0,
        "date": "2019-03-29",
        "commitResults": []
      },
      {
        "insertions": 0,
        "deletions": 0,
        "date": "2019-03-30",
        "commitResults": []
      },
      {
        "insertions": 51,
        "deletions": 386,
        "date": "2019-03-31",
        "commitResults": [
          {
            "hash": "9c9df086273e06510f228e83c0677eba4ae18b13",
            "message": "Update DG to CS2101 \u0026 CS2103T standard",
            "insertions": 49,
            "deletions": 384
          },
          {
            "hash": "4141fa6e3300ef841f7ca92998e1db99db322aa5",
            "message": "Update Name of image to prevent merge conflict",
            "insertions": 1,
            "deletions": 1
          },
          {
            "hash": "fba6d8832197f72a9b5a222cc914bf844a5c1bf1",
            "message": "Attempt #3 fix image conflict issue.",
            "insertions": 1,
            "deletions": 1
          }
        ]
      },
      {
        "insertions": 3,
        "deletions": 4,
        "date": "2019-04-01",
        "commitResults": [
          {
            "hash": "6bfe94e5a32827395a41861bd9cd69d49adc3c16",
            "message": "Fix broken image links in DG",
            "insertions": 1,
            "deletions": 1
          },
          {
            "hash": "05a43507d102955cbc51214b5b35f7b368a93f27",
            "message": "Minor documentation update",
            "insertions": 2,
            "deletions": 3
          }
        ]
      },
      {
        "insertions": 8,
        "deletions": 6,
        "date": "2019-04-02",
        "commitResults": [
          {
            "hash": "ff520dbb1c96642caaa0adddfedf4ecd46ecf496",
            "message": "Update PPP and add tags to UG.",
            "insertions": 8,
            "deletions": 6
          }
        ]
      }
    ],
    "nivenang": [
      {
        "insertions": 0,
        "deletions": 0,
        "date": "2019-02-10",
        "commitResults": []
      },
      {
        "insertions": 0,
        "deletions": 0,
        "date": "2019-02-11",
        "commitResults": []
      },
      {
        "insertions": 0,
        "deletions": 0,
        "date": "2019-02-12",
        "commitResults": []
      },
      {
        "insertions": 0,
        "deletions": 0,
        "date": "2019-02-13",
        "commitResults": []
      },
      {
        "insertions": 0,
        "deletions": 0,
        "date": "2019-02-14",
        "commitResults": []
      },
      {
        "insertions": 0,
        "deletions": 0,
        "date": "2019-02-15",
        "commitResults": []
      },
      {
        "insertions": 0,
        "deletions": 0,
        "date": "2019-02-16",
        "commitResults": []
      },
      {
        "insertions": 0,
        "deletions": 0,
        "date": "2019-02-17",
        "commitResults": []
      },
      {
        "insertions": 394,
        "deletions": 1,
        "date": "2019-02-18",
        "commitResults": [
          {
            "hash": "1efe66af0e96c5f397d263fb63c3cdac44c8adcf",
            "message": "Add new feature delete multiple from addressbook, updated JUnit tests",
            "insertions": 393,
            "deletions": 0
          },
          {
            "hash": "c24830ebdd098956cebcfb9a714fb76c099a120e",
            "message": "UserGuide.adoc: Add new feature deletem",
            "insertions": 1,
            "deletions": 1
          }
        ]
      },
      {
        "insertions": 43,
        "deletions": 19,
        "date": "2019-02-19",
        "commitResults": [
          {
            "hash": "e4aaff7575f5f29833298c4d5478b28f4b42a16d",
            "message": "DeleteMultipleCommandParser: Remove extra empty line at EOF",
            "insertions": 0,
            "deletions": 1
          },
          {
            "hash": "cf6f5f1bd855136294c0d413bda4b0ecb770999d",
            "message": "DeleteMultipleCommandParser: Add newline at EOF",
            "insertions": 1,
            "deletions": 1
          },
          {
            "hash": "8cfba9fc289d44dc24aa7c30c010ca85a2301535",
            "message": "DeleteMultipleCommand: Add javadocs for class Update code to follow Java coding standard",
            "insertions": 8,
            "deletions": 3
          },
          {
            "hash": "8aba195a5f068aba4afca1aea050826a8fa37d39",
            "message": "DeleteMultipleCommandTest: Update code to follow Java coding standard, insert javadocs comment",
            "insertions": 20,
            "deletions": 9
          },
          {
            "hash": "ea82c2141e50afae6ac2763173fee29c69f95544",
            "message": "UserGuide: Add alias command",
            "insertions": 10,
            "deletions": 0
          },
          {
            "hash": "ac1ed1e77ae1940252c4e5b5ad664de7aab5725e",
            "message": "AboutUs: Update team member profile",
            "insertions": 4,
            "deletions": 5
          }
        ]
      },
      {
        "insertions": 0,
        "deletions": 0,
        "date": "2019-02-20",
        "commitResults": []
      },
      {
        "insertions": 0,
        "deletions": 0,
        "date": "2019-02-21",
        "commitResults": []
      },
      {
        "insertions": 9,
        "deletions": 5,
        "date": "2019-02-22",
        "commitResults": [
          {
            "hash": "0409658dd80433520909a6ce082826502e509d54",
            "message": "AboutUs: Update responsibilities of team members",
            "insertions": 9,
            "deletions": 5
          }
        ]
      },
      {
        "insertions": 0,
        "deletions": 0,
        "date": "2019-02-23",
        "commitResults": []
      },
      {
        "insertions": 0,
        "deletions": 0,
        "date": "2019-02-24",
        "commitResults": []
      },
      {
        "insertions": 68,
        "deletions": 14,
        "date": "2019-02-25",
        "commitResults": [
          {
            "hash": "d64cbff045c1cd14966a17a6d6a72a9d134ad4b3",
            "message": "Update features in UserGuide to include search feature",
            "insertions": 68,
            "deletions": 14
          }
        ]
      },
      {
        "insertions": 0,
        "deletions": 0,
        "date": "2019-02-26",
        "commitResults": []
      },
      {
        "insertions": 422,
        "deletions": 416,
        "date": "2019-02-27",
        "commitResults": [
          {
            "hash": "1a00463e6d0ebaaa7b3a40c4707fed22d1a02167",
            "message": "Rename find to search feature",
            "insertions": 61,
            "deletions": 61
          },
          {
            "hash": "0fb65624c9a2e4df89b338b68d67c0ce7502364b",
            "message": "Convert Phone class to Rating class",
            "insertions": 361,
            "deletions": 355
          }
        ]
      },
      {
        "insertions": 624,
        "deletions": 585,
        "date": "2019-02-28",
        "commitResults": [
          {
            "hash": "d6e4c5237838b60f55f116c7f51e4968604d6376",
            "message": "Update addressbook and JUnit tests from persons to actual places",
            "insertions": 624,
            "deletions": 585
          }
        ]
      },
      {
        "insertions": 0,
        "deletions": 0,
        "date": "2019-03-01",
        "commitResults": []
      },
      {
        "insertions": 0,
        "deletions": 0,
        "date": "2019-03-02",
        "commitResults": []
      },
      {
        "insertions": 0,
        "deletions": 0,
        "date": "2019-03-03",
        "commitResults": []
      },
      {
        "insertions": 0,
        "deletions": 0,
        "date": "2019-03-04",
        "commitResults": []
      },
      {
        "insertions": 0,
        "deletions": 0,
        "date": "2019-03-05",
        "commitResults": []
      },
      {
        "insertions": 0,
        "deletions": 0,
        "date": "2019-03-06",
        "commitResults": []
      },
      {
        "insertions": 0,
        "deletions": 0,
        "date": "2019-03-07",
        "commitResults": []
      },
      {
        "insertions": 0,
        "deletions": 0,
        "date": "2019-03-08",
        "commitResults": []
      },
      {
        "insertions": 587,
        "deletions": 13,
        "date": "2019-03-09",
        "commitResults": [
          {
            "hash": "1cc36b7173855546e72c43def358a40b4019a1c2",
            "message": "Create SearchRatingCommand feature to search places by rating",
            "insertions": 137,
            "deletions": 1
          },
          {
            "hash": "bf0f6fb5e6c314e5e435d0be93a8dfdb9ca45654",
            "message": "Implement JUnit tests for SearchRatingCommand and associated files",
            "insertions": 445,
            "deletions": 7
          },
          {
            "hash": "11c0215385dfd6b0fede10920bee0a363236421e",
            "message": "Update UserGuide with SearchRatingCommand",
            "insertions": 5,
            "deletions": 5
          }
        ]
      },
      {
        "insertions": 0,
        "deletions": 0,
        "date": "2019-03-10",
        "commitResults": []
      },
      {
        "insertions": 0,
        "deletions": 0,
        "date": "2019-03-11",
        "commitResults": []
      },
      {
        "insertions": 141,
        "deletions": 1,
        "date": "2019-03-12",
        "commitResults": [
          {
            "hash": "90cee5e9cd37aec3ac56d63a1ac94d8fcab38662",
            "message": "Implement SearchTagsCommand feature to search for places with associated tags",
            "insertions": 141,
            "deletions": 1
          }
        ]
      },
      {
        "insertions": 492,
        "deletions": 2,
        "date": "2019-03-13",
        "commitResults": [
          {
            "hash": "de5fe37f51a07d7e2c7ab05e7471f38475f9b404",
            "message": "Create JUnit tests for SearchTags feature",
            "insertions": 492,
            "deletions": 2
          }
        ]
      },
      {
        "insertions": 0,
        "deletions": 0,
        "date": "2019-03-14",
        "commitResults": []
      },
      {
        "insertions": 0,
        "deletions": 0,
        "date": "2019-03-15",
        "commitResults": []
      },
      {
        "insertions": 0,
        "deletions": 0,
        "date": "2019-03-16",
        "commitResults": []
      },
      {
        "insertions": 43,
        "deletions": 2,
        "date": "2019-03-17",
        "commitResults": [
          {
            "hash": "e04c16214efe3e6423d07e843ea22fd8a3f0f7c9",
            "message": "Update UserGuide FAQ Update PPP for nivenang",
            "insertions": 43,
            "deletions": 2
          }
        ]
      },
      {
        "insertions": 107,
        "deletions": 2,
        "date": "2019-03-18",
        "commitResults": [
          {
            "hash": "9fe59292d09ce1d67a9f2a5f75ee5a2a40bcb70e",
            "message": "Update DeveloperGuide with search feature",
            "insertions": 96,
            "deletions": 2
          },
          {
            "hash": "ff4a11744f4cbe1a84aaee4ff54ee112c0175aeb",
            "message": "Update DeveloperGuide search feature implemention with sequence diagram",
            "insertions": 11,
            "deletions": 0
          }
        ]
      },
      {
        "insertions": 0,
        "deletions": 0,
        "date": "2019-03-19",
        "commitResults": []
      },
      {
        "insertions": 0,
        "deletions": 0,
        "date": "2019-03-20",
        "commitResults": []
      },
      {
        "insertions": 90,
        "deletions": 35,
        "date": "2019-03-21",
        "commitResults": [
          {
            "hash": "4251cef95c911cdae2e0dba1d0478225c746f000",
            "message": "Update UserGuide with graphics of executing commands and improve readability.",
            "insertions": 90,
            "deletions": 35
          }
        ]
      },
      {
        "insertions": 0,
        "deletions": 0,
        "date": "2019-03-22",
        "commitResults": []
      },
      {
        "insertions": 80,
        "deletions": 3,
        "date": "2019-03-23",
        "commitResults": [
          {
            "hash": "3e0899fe30747af3047b8bff566f4e88d94143e4",
            "message": "Fix unable to edit only country code bug",
            "insertions": 1,
            "deletions": 1
          },
          {
            "hash": "1b6033d3a73a0ac75fae457f3c9ce91ec2569be2",
            "message": "Implement SearchCountryCommand to search the list for places belonging to a certain country",
            "insertions": 79,
            "deletions": 2
          }
        ]
      },
      {
        "insertions": 553,
        "deletions": 30,
        "date": "2019-03-24",
        "commitResults": [
          {
            "hash": "8768cbcfe23509ad0ee643f9c505e755a7d1014c",
            "message": "Update JUnit tests for searchCountryCommand and associated class files Fix searchRatingCommand bugs",
            "insertions": 539,
            "deletions": 28
          },
          {
            "hash": "07d160fc4a02ab81eb37de23fd930229f37f67af",
            "message": "Add test for SearchCountryCommandParser and SearchRatingCommandParser to improve coverage",
            "insertions": 14,
            "deletions": 0
          },
          {
            "hash": "8366d145444bc53ece40a0a6d9312dd8671f050f",
            "message": "Update TypicalPlaces.java",
            "insertions": 0,
            "deletions": 2
          }
        ]
      },
      {
        "insertions": 911,
        "deletions": 36,
        "date": "2019-03-25",
        "commitResults": [
          {
            "hash": "322c44febf7e2dfafc5a27813561b727cff1c988",
            "message": "Update UserGuide with searchCountryCommand",
            "insertions": 20,
            "deletions": 1
          },
          {
            "hash": "bac40b628440371627052390dded7c22336f8d9f",
            "message": "Implement SearchYearCommand",
            "insertions": 177,
            "deletions": 2
          },
          {
            "hash": "1aaa66e9597300c9165e849c2428b676186ff877",
            "message": "Fix SearchYearCommand bugs Update JUnit tests for SearchYearCommand",
            "insertions": 508,
            "deletions": 19
          },
          {
            "hash": "37ad9f54fb7505a48674562576f8913c6783d706",
            "message": "Update UserGuide for SearchYearCommand",
            "insertions": 19,
            "deletions": 0
          },
          {
            "hash": "ec6617b09d24b526bdc40e696b017e4b5d0c6034",
            "message": "Update DateVisitedTest cases for method isValidYear to improve coverage",
            "insertions": 21,
            "deletions": 0
          },
          {
            "hash": "53f8d8b41168af2c74a6a58d6a948369d9afcd2a",
            "message": "Fix DateVisitedTest checkstyle errors and Update DeveloperGuide for SearchCountryCommand and SearchYearCommand",
            "insertions": 53,
            "deletions": 6
          },
          {
            "hash": "299502dff4fa75db43972cab1238edf5a6509238",
            "message": "Add functionality of search a range of years for SearchYearCommand",
            "insertions": 77,
            "deletions": 2
          },
          {
            "hash": "844975cf00a87ae3cc3e9958da35208bef50bbc1",
            "message": "Include additional test cases for isYearARange method in SearchYearCommandParser and update javadocs for SearchYearCommandParser",
            "insertions": 34,
            "deletions": 4
          },
          {
            "hash": "8a8a914fae100e16e35691500487f337e0cc6071",
            "message": "Fix checkstyle errors",
            "insertions": 2,
            "deletions": 2
          }
        ]
      },
      {
        "insertions": 0,
        "deletions": 0,
        "date": "2019-03-26",
        "commitResults": []
      },
      {
        "insertions": 0,
        "deletions": 0,
        "date": "2019-03-27",
        "commitResults": []
      },
      {
        "insertions": 0,
        "deletions": 0,
        "date": "2019-03-28",
        "commitResults": []
      },
      {
        "insertions": 0,
        "deletions": 0,
        "date": "2019-03-29",
        "commitResults": []
      },
      {
        "insertions": 160,
        "deletions": 110,
        "date": "2019-03-30",
        "commitResults": [
          {
            "hash": "7bc7d0cfdea10e749a5e090a340eb151eba5a404",
            "message": "Update UserGuide with Commands cheatsheet Update DeveloperGuide search feature and UI graphics Update PPP for nivenang Update README Update CountryCode MESSAGE_CONSTRAINTS",
            "insertions": 157,
            "deletions": 108
          },
          {
            "hash": "bb6d6f219b25f947eeac5d3cbc1b9ffb11576afa",
            "message": "Fix checkstyle errors",
            "insertions": 1,
            "deletions": 1
          },
          {
            "hash": "6954bd91a74b3afab381bdf0196266bf0fc9e63c",
            "message": "Update search command shortcut in UserGuide",
            "insertions": 1,
            "deletions": 0
          },
          {
            "hash": "630c27cf50f0078785279e100c5bd67cddae3363",
            "message": "Fix StringUtil bugs",
            "insertions": 1,
            "deletions": 1
          }
        ]
      },
      {
        "insertions": 268,
        "deletions": 268,
        "date": "2019-03-31",
        "commitResults": [
          {
            "hash": "d68102328207045ffee7098e2bcbce0a73dc6ebf",
            "message": "Revert \"Update documentation for UserGuide, DeveloperGuide, README\"",
            "insertions": 109,
            "deletions": 159
          },
          {
            "hash": "e1764351ed05fb9c3d2027c8826d52c60ebd78f0",
            "message": "Update UserGuide with Commands cheatsheet Update DeveloperGuide search feature and UI graphics Update PPP for nivenang Update README Update CountryCode MESSAGE_CONSTRAINTS",
            "insertions": 159,
            "deletions": 109
          }
        ]
      },
      {
        "insertions": 0,
        "deletions": 0,
        "date": "2019-04-01",
        "commitResults": []
      },
      {
        "insertions": 76,
        "deletions": 36,
        "date": "2019-04-02",
        "commitResults": [
          {
            "hash": "cf1737d1b77750b091d93f8456d4aa3a296c6ff1",
            "message": "Update UserGuide, DeveloperGuide, PPP and graphics for UG and DG",
            "insertions": 76,
            "deletions": 36
          }
        ]
      }
    ]
  },
  "authorFinalContributionMap": {
    "shaungohsc": 676,
    "chung-ming": 4683,
    "PremBagda": 2680,
    "nivenang": 3771
  },
  "authorContributionVariance": {
    "shaungohsc": 6329.794,
    "chung-ming": 676864.94,
    "PremBagda": 337552.38,
    "nivenang": 72141.555
  },
  "authorDisplayNameMap": {
    "shaungohsc": "Goh Shau Cher Shaun",
    "chung-ming": "Arielyte Tsen Chung Ming",
    "PremBagda": "Prem Rajeshkumar Bagdawala",
    "nivenang": "Niven Ang Jia Hao"
  }
}
