{
  "authorDailyContributionsMap": {
    "ChangDarren": [
      {
        "insertions": 0,
        "deletions": 0,
        "date": "2019-02-10",
        "commitResults": []
      },
      {
        "insertions": 0,
        "deletions": 0,
        "date": "2019-02-11",
        "commitResults": []
      },
      {
        "insertions": 0,
        "deletions": 0,
        "date": "2019-02-12",
        "commitResults": []
      },
      {
        "insertions": 0,
        "deletions": 0,
        "date": "2019-02-13",
        "commitResults": []
      },
      {
        "insertions": 0,
        "deletions": 0,
        "date": "2019-02-14",
        "commitResults": []
      },
      {
        "insertions": 0,
        "deletions": 0,
        "date": "2019-02-15",
        "commitResults": []
      },
      {
        "insertions": 0,
        "deletions": 0,
        "date": "2019-02-16",
        "commitResults": []
      },
      {
        "insertions": 0,
        "deletions": 0,
        "date": "2019-02-17",
        "commitResults": []
      },
      {
        "insertions": 0,
        "deletions": 0,
        "date": "2019-02-18",
        "commitResults": []
      },
      {
        "insertions": 306,
        "deletions": 274,
        "date": "2019-02-19",
        "commitResults": [
          {
            "hash": "d1b3f8a199db890fda3616b90b15d06584791657",
            "message": "Edited the User Guide",
            "insertions": 64,
            "deletions": 102
          },
          {
            "hash": "37acc00d25ab91deac68de6f2336f8f719a35339",
            "message": "Initialise Tag Coloring",
            "insertions": 42,
            "deletions": 3
          },
          {
            "hash": "d627f3da62f498db777dd815d3d4b264fc6cc17e",
            "message": "Update Tag Model",
            "insertions": 37,
            "deletions": 3
          },
          {
            "hash": "a73447a65f91f71c41a659d071d853fca234a179",
            "message": "Update JSON Tag Model",
            "insertions": 17,
            "deletions": 9
          },
          {
            "hash": "c8a7875708c2f795c815eeeb31934e84023c5311",
            "message": "Fix Tagging for edit and add",
            "insertions": 38,
            "deletions": 42
          },
          {
            "hash": "132b509486499570b666d573a9cca5d127207129",
            "message": "Add javadocs comment for initTag()",
            "insertions": 6,
            "deletions": 1
          },
          {
            "hash": "47ae5db7d2fcad4b313e5f55f0d89a5a238d39cd",
            "message": "Separate out the color mapping of tags from the tags.",
            "insertions": 74,
            "deletions": 46
          },
          {
            "hash": "e16ea32ab120512df7228d0c6f9cf7bfac676105",
            "message": "Revert back the changes",
            "insertions": 10,
            "deletions": 56
          },
          {
            "hash": "4b1411816103a281708b55bdee6df68e730dec31",
            "message": "Create test to check that tags are the same",
            "insertions": 15,
            "deletions": 2
          },
          {
            "hash": "1640dd09cc8ee060c03431939546efe3751bc13d",
            "message": "Remove bugs caused by ColorMapping",
            "insertions": 0,
            "deletions": 5
          },
          {
            "hash": "7530bf6e79ae6385699c498d7904b03058a38b36",
            "message": "Remove unnecessary imports",
            "insertions": 0,
            "deletions": 1
          },
          {
            "hash": "1fa7087069f3b0e5cdc04893c080ddecd8ee44d4",
            "message": "Remove outdated comments",
            "insertions": 3,
            "deletions": 4
          }
        ]
      },
      {
        "insertions": 0,
        "deletions": 0,
        "date": "2019-02-20",
        "commitResults": []
      },
      {
        "insertions": 0,
        "deletions": 0,
        "date": "2019-02-21",
        "commitResults": []
      },
      {
        "insertions": 0,
        "deletions": 0,
        "date": "2019-02-22",
        "commitResults": []
      },
      {
        "insertions": 0,
        "deletions": 0,
        "date": "2019-02-23",
        "commitResults": []
      },
      {
        "insertions": 0,
        "deletions": 0,
        "date": "2019-02-24",
        "commitResults": []
      },
      {
        "insertions": 0,
        "deletions": 0,
        "date": "2019-02-25",
        "commitResults": []
      },
      {
        "insertions": 0,
        "deletions": 0,
        "date": "2019-02-26",
        "commitResults": []
      },
      {
        "insertions": 0,
        "deletions": 0,
        "date": "2019-02-27",
        "commitResults": []
      },
      {
        "insertions": 920,
        "deletions": 434,
        "date": "2019-02-28",
        "commitResults": [
          {
            "hash": "32551e5cf2f7daba4009f505dcbe0348f1a3115e",
            "message": "Create Card class",
            "insertions": 119,
            "deletions": 38
          },
          {
            "hash": "f7fc279af60d4b70a93a04e8e7187b2e1ee7292d",
            "message": "Create CardBuilder class for testing",
            "insertions": 67,
            "deletions": 0
          },
          {
            "hash": "d5d5834f6a8e8bfe2225c9fc49b9ef4f5cb9cffd",
            "message": "Create equality test case for Card",
            "insertions": 89,
            "deletions": 2
          },
          {
            "hash": "99d9056d89125aed7c7b55defae057b0922dfea4",
            "message": "Create isSameCard test case for Card",
            "insertions": 13,
            "deletions": 0
          },
          {
            "hash": "f94611450c148c2fd1acbd54ddc27f520c11d023",
            "message": "Create JsonAdaptedCard",
            "insertions": 74,
            "deletions": 0
          },
          {
            "hash": "91b7efb65daf88442e630c6044c2f76e37039cd7",
            "message": "Create UniqueCardList base on UniquePersonList",
            "insertions": 158,
            "deletions": 2
          },
          {
            "hash": "5c63d28de7b75ecd61726a828b4fc931965e8b40",
            "message": "Edit formatting for Card.java",
            "insertions": 2,
            "deletions": 3
          },
          {
            "hash": "faaa278ec498adb0d9f9de81c2778a42797695a2",
            "message": "Edit indenting for Card.java",
            "insertions": 79,
            "deletions": 79
          },
          {
            "hash": "a3ef8d114b7e33f0f6057a5696b475da7a1cddd2",
            "message": "Change back wrongly edited comments and set all tabs to 4 spaces.",
            "insertions": 298,
            "deletions": 298
          },
          {
            "hash": "b02bef59522ed831862e7b5cf8538abc0f5c583e",
            "message": "Add javadocs comment for JsonAdaptedCard",
            "insertions": 5,
            "deletions": 2
          },
          {
            "hash": "e56cb061aae640c9333447e519979777a31b547c",
            "message": "Fix indentation issues in TypicalCards.java",
            "insertions": 16,
            "deletions": 10
          }
        ]
      },
      {
        "insertions": 882,
        "deletions": 464,
        "date": "2019-03-01",
        "commitResults": [
          {
            "hash": "de0e4b7675981d96b19680800f0a4e4c0e2ce30c",
            "message": "Create TopDeck object",
            "insertions": 160,
            "deletions": 0
          },
          {
            "hash": "f7afdd0a3b4b1ad9249a096a348a93b18674927b",
            "message": "Create VersionedTopDeck object",
            "insertions": 109,
            "deletions": 0
          },
          {
            "hash": "fb86615e04db561ed0feb2c29efb196af5e68201",
            "message": "Create test cases for TopDeck",
            "insertions": 149,
            "deletions": 3
          },
          {
            "hash": "9a2e5c34916752beb5ac900161ef863fe2d70dc0",
            "message": "Fix bug in UniqueCardList",
            "insertions": 3,
            "deletions": 2
          },
          {
            "hash": "2eaa8ec3e9454ddbee2579709cda99e3c445019d",
            "message": "Alter ModelManager to fit TopDeck",
            "insertions": 294,
            "deletions": 296
          },
          {
            "hash": "815ead2625c5826b2c409a7bf401b122bedfb788",
            "message": "Change the JSON storage from AB4 to TopDeck",
            "insertions": 167,
            "deletions": 163
          }
        ]
      },
      {
        "insertions": 1672,
        "deletions": 2244,
        "date": "2019-03-02",
        "commitResults": [
          {
            "hash": "e62c2693524a888d344ec7de884bba5c6db721ba",
            "message": "Edit Storage manager to change from AB4 to TopDeck",
            "insertions": 10,
            "deletions": 11
          },
          {
            "hash": "e21e1abe9206bc6b2ff466dae0b01f301c0508d5",
            "message": "Change the sample data from persons to cards",
            "insertions": 26,
            "deletions": 53
          },
          {
            "hash": "e032cb1bd4245fbdc857408191fcffdea8172462",
            "message": "Change LogicManager to fit TopDeck instead of AB4",
            "insertions": 65,
            "deletions": 63
          },
          {
            "hash": "7a11b0ad4d9992b537ed8a33918dcb3c3cb20090",
            "message": "Change AddCommand to fit TopDeck instead of AB4",
            "insertions": 35,
            "deletions": 55
          },
          {
            "hash": "efc48b62aa020357f06f7077e930b06184bc2cf3",
            "message": "Change Edit and Find Command to fit TopDeck instead of AB4",
            "insertions": 317,
            "deletions": 365
          },
          {
            "hash": "b8dfc921440f114345329bff93a010b57e56bff5",
            "message": "Change Redo and Select Command to fit TopDeck instead of AB4",
            "insertions": 8,
            "deletions": 8
          },
          {
            "hash": "eb00436c2c280654e9238ae4ac7ef6effe9adb5e",
            "message": "Change PersonCard to CardDisplay to fit TopDeck instead of AB4",
            "insertions": 252,
            "deletions": 422
          },
          {
            "hash": "c2cc139b5788cebadc58510beca81a59b416e0c1",
            "message": "Change UI to fit TopDeck instead of AB4",
            "insertions": 17,
            "deletions": 16
          },
          {
            "hash": "11b93a5997f194cd9535038e1e2ec802772590a8",
            "message": "Fix test utilities to match the changes from AB4 to TopDeck",
            "insertions": 213,
            "deletions": 413
          },
          {
            "hash": "44726d2ab4b0612c535884615e75bbe5aff4c54a",
            "message": "Update the command test utility",
            "insertions": 104,
            "deletions": 121
          },
          {
            "hash": "f377cf2945b9da91d1269e7b7b8bb6b412908b5d",
            "message": "Add UniqueCardList test",
            "insertions": 7,
            "deletions": 8
          },
          {
            "hash": "8851d6f6b09119efabecdbcf40a0720c634fddcd",
            "message": "Add UniqueCardList test",
            "insertions": 295,
            "deletions": 0
          },
          {
            "hash": "3144c50b8712c8896b4e3c37d3c5a77a776db030",
            "message": "Update ModelManager Test",
            "insertions": 52,
            "deletions": 378
          },
          {
            "hash": "8f2abae08b6b5a4f5bba3a1580144b5b0f877723",
            "message": "Update JsonAdaptedCardTest",
            "insertions": 120,
            "deletions": 184
          },
          {
            "hash": "13107491b68cc3541005768f1989e0cface1fb82",
            "message": "Update TopDeckStorageTest",
            "insertions": 143,
            "deletions": 139
          },
          {
            "hash": "409d2a5feb7651f2e54978c4da49643b4e2909f3",
            "message": "Fix documentation due to mass refactoring",
            "insertions": 8,
            "deletions": 8
          }
        ]
      },
      {
        "insertions": 941,
        "deletions": 1005,
        "date": "2019-03-03",
        "commitResults": [
          {
            "hash": "8bb75f77278d5857cf3f03244fbccad52e78825e",
            "message": "Fix documentation due to mass refactoring",
            "insertions": 192,
            "deletions": 192
          },
          {
            "hash": "07ec96ddface965877a5b533ee1bd68bf81782b0",
            "message": "Fix documentation due to mass refactoring",
            "insertions": 14,
            "deletions": 14
          },
          {
            "hash": "7ea03622a8272b472418e25aaeb850d9b9dc0c6b",
            "message": "Update Add Command tests",
            "insertions": 122,
            "deletions": 63
          },
          {
            "hash": "94d11a85496c3e7a9e3e951ac751245a5c33403e",
            "message": "Move NameContainsKeywordsPredicate from person to deck package",
            "insertions": 24,
            "deletions": 29
          },
          {
            "hash": "6aeee80ff18df87b4ff26392679cbc6331692658",
            "message": "Update Delete and Edit command test",
            "insertions": 112,
            "deletions": 122
          },
          {
            "hash": "8edd956434d057ae31a4a37e94d77bd765c9dc86",
            "message": "Update Find, List and Select command test",
            "insertions": 21,
            "deletions": 21
          },
          {
            "hash": "0a530b42fb5862bbcfc36954b620809a6c2fa91a",
            "message": "Update Add, Edit Command parser tests",
            "insertions": 87,
            "deletions": 192
          },
          {
            "hash": "9c28b2acb9b28fd4015a727227dcf9c1d67e5c3a",
            "message": "Update Logic Manager and Storage Manager tests",
            "insertions": 369,
            "deletions": 372
          }
        ]
      },
      {
        "insertions": 612,
        "deletions": 1123,
        "date": "2019-03-04",
        "commitResults": [
          {
            "hash": "725b64ddac248114478e302f5c80a3c7060cd765",
            "message": "Updated ui tests for TopDeck",
            "insertions": 178,
            "deletions": 198
          },
          {
            "hash": "55416283d8b4dae3aabb6a30620356b2580f4730",
            "message": "Update Add and Delete Command System Test",
            "insertions": 162,
            "deletions": 203
          },
          {
            "hash": "abf83d39e0cdf89c4bba59050d14cae29e3700aa",
            "message": "Update Edit and Find Command System test",
            "insertions": 138,
            "deletions": 179
          },
          {
            "hash": "a7707bde5c7ea94ff9284f5a5c079292d03db707",
            "message": "Fix edit and find commands test",
            "insertions": 78,
            "deletions": 489
          },
          {
            "hash": "c60ee44bd58f7e7269ff3d5eda6f26abd1b7e5c1",
            "message": "Fix Card UI tests",
            "insertions": 28,
            "deletions": 31
          },
          {
            "hash": "5d7408517d83b8b3701405da7eac3ee9f4e903bf",
            "message": "Fix Add Command System tests",
            "insertions": 28,
            "deletions": 23
          }
        ]
      },
      {
        "insertions": 287,
        "deletions": 1220,
        "date": "2019-03-05",
        "commitResults": [
          {
            "hash": "2cf6b603f4999bdefa03a36706bd90805f63dd1f",
            "message": "Update Edit Command System Test",
            "insertions": 24,
            "deletions": 23
          },
          {
            "hash": "605be51fb718a535f62d26d63881e7a283c03afb",
            "message": "Update Find Command System Test",
            "insertions": 8,
            "deletions": 11
          },
          {
            "hash": "04ebbb249f3ca4559907b6f1e8fe04c3faebe943",
            "message": "Remove the * imports and get rid of unused imports",
            "insertions": 31,
            "deletions": 20
          },
          {
            "hash": "e8b36c4f0d90c385abb0519ef8073732f34c8611",
            "message": "Remove unnecessary import statement",
            "insertions": 15,
            "deletions": 282
          },
          {
            "hash": "3356b9305c2dc1ef050a919067ec373f6f71219d",
            "message": "Remove unnecessary import statements and reorder the import statements by lexicographical order.",
            "insertions": 61,
            "deletions": 56
          },
          {
            "hash": "6a90c2d7ed42a5eb4bdbb3bbc1d797fe64958073",
            "message": "Reorder import statements in TopDeckTest",
            "insertions": 14,
            "deletions": 14
          },
          {
            "hash": "5318d4b67d355088a625c6e01f7c3965b72e2b48",
            "message": "Remove Person and Person\u0027s test",
            "insertions": 134,
            "deletions": 814
          }
        ]
      },
      {
        "insertions": 0,
        "deletions": 0,
        "date": "2019-03-06",
        "commitResults": []
      },
      {
        "insertions": 0,
        "deletions": 0,
        "date": "2019-03-07",
        "commitResults": []
      },
      {
        "insertions": 0,
        "deletions": 0,
        "date": "2019-03-08",
        "commitResults": []
      },
      {
        "insertions": 0,
        "deletions": 0,
        "date": "2019-03-09",
        "commitResults": []
      },
      {
        "insertions": 0,
        "deletions": 0,
        "date": "2019-03-10",
        "commitResults": []
      },
      {
        "insertions": 0,
        "deletions": 0,
        "date": "2019-03-11",
        "commitResults": []
      },
      {
        "insertions": 6,
        "deletions": 11,
        "date": "2019-03-12",
        "commitResults": [
          {
            "hash": "d4cab36d4f79b3d12b0fc2131e97041ef292cee1",
            "message": "Update class diagram for Model, Storage and UI in dev guide",
            "insertions": 6,
            "deletions": 11
          }
        ]
      },
      {
        "insertions": 0,
        "deletions": 0,
        "date": "2019-03-13",
        "commitResults": []
      },
      {
        "insertions": 0,
        "deletions": 0,
        "date": "2019-03-14",
        "commitResults": []
      },
      {
        "insertions": 0,
        "deletions": 0,
        "date": "2019-03-15",
        "commitResults": []
      },
      {
        "insertions": 0,
        "deletions": 0,
        "date": "2019-03-16",
        "commitResults": []
      },
      {
        "insertions": 0,
        "deletions": 0,
        "date": "2019-03-17",
        "commitResults": []
      },
      {
        "insertions": 276,
        "deletions": 258,
        "date": "2019-03-18",
        "commitResults": [
          {
            "hash": "c36de8cc5d3f1891f1c70e1f8b541daf74152d8f",
            "message": "Fix initial sample data load up",
            "insertions": 41,
            "deletions": 85
          },
          {
            "hash": "120b6db1da3c19f68bb4aa8a153423dc0ca76b8d",
            "message": "Change global card list to local card list within deck.",
            "insertions": 45,
            "deletions": 10
          },
          {
            "hash": "3480033c3e5567f1d5e8ee1f1b0b8dda93cc854b",
            "message": "Update AddCardCommandTest",
            "insertions": 91,
            "deletions": 101
          },
          {
            "hash": "8b94a8c4d1022ef6ba15fe7db52b5218a1d4adfc",
            "message": "Update DeleteCardCommand",
            "insertions": 99,
            "deletions": 62
          }
        ]
      },
      {
        "insertions": 56,
        "deletions": 1,
        "date": "2019-03-19",
        "commitResults": [
          {
            "hash": "bc69696062e5f9456b61eb5c24613069a1d6b02e",
            "message": "Initial dev guide update for card management",
            "insertions": 47,
            "deletions": 0
          },
          {
            "hash": "d250df46b88498d416b08b8966478dac5114a9f4",
            "message": "Initial dev guide update for card management",
            "insertions": 9,
            "deletions": 1
          }
        ]
      },
      {
        "insertions": 0,
        "deletions": 0,
        "date": "2019-03-20",
        "commitResults": []
      },
      {
        "insertions": 227,
        "deletions": 134,
        "date": "2019-03-21",
        "commitResults": [
          {
            "hash": "68474b91def3da817d9fa98738ad27d846f163ca",
            "message": "Update Command Tests",
            "insertions": 86,
            "deletions": 37
          },
          {
            "hash": "3223a7d0f837c7476b12738b15c983677518f139",
            "message": "Update Parser Tests",
            "insertions": 86,
            "deletions": 47
          },
          {
            "hash": "03885b90ebfc08b9ca0427cbf01a31f2100402df",
            "message": "Update Storage Tests",
            "insertions": 6,
            "deletions": 3
          },
          {
            "hash": "995ed31e6a3e5afefc9c10a06f7d26668433ddf6",
            "message": "Comment out System test of commands that have not been implemented",
            "insertions": 47,
            "deletions": 45
          },
          {
            "hash": "002697b95395072bfbb7d0a8dffab4ce411d64f2",
            "message": "Update ModelHelper",
            "insertions": 2,
            "deletions": 2
          }
        ]
      },
      {
        "insertions": 209,
        "deletions": 188,
        "date": "2019-03-22",
        "commitResults": [
          {
            "hash": "eb5953e63abc9eb11dde5d01d48b2bd3ac02fdcf",
            "message": "Fix duplicate card bug",
            "insertions": 16,
            "deletions": 11
          },
          {
            "hash": "33e51cca795618e9524e92fa59a4bce8f92e4d12",
            "message": "Fix EditCardCommand",
            "insertions": 141,
            "deletions": 143
          },
          {
            "hash": "f855aafc48ecd2f5f0deb0f6df46296bc1127607",
            "message": "Fix EditCardCommandTest",
            "insertions": 52,
            "deletions": 34
          }
        ]
      },
      {
        "insertions": 204,
        "deletions": 156,
        "date": "2019-03-23",
        "commitResults": [
          {
            "hash": "f958e47179fc2f23b66fe9402ca76e6466e277c5",
            "message": "Fix all broken tests and update the UI tests to work on ListItem",
            "insertions": 159,
            "deletions": 125
          },
          {
            "hash": "29b077499378ce2b6ca6dfcce224877e2990c8fe",
            "message": "Fix ListPanelTest",
            "insertions": 45,
            "deletions": 31
          }
        ]
      },
      {
        "insertions": 0,
        "deletions": 0,
        "date": "2019-03-24",
        "commitResults": []
      },
      {
        "insertions": 1312,
        "deletions": 950,
        "date": "2019-03-25",
        "commitResults": [
          {
            "hash": "34b34cd4c7158656a1acf55e34d84978b690ce04",
            "message": "Fix LogicManager and ModelManager tests",
            "insertions": 110,
            "deletions": 31
          },
          {
            "hash": "b39017c28fb0134ad77e975dae6626ffef5d40c2",
            "message": "Fix EditCardCommandTest",
            "insertions": 18,
            "deletions": 11
          },
          {
            "hash": "b8cdbe2f2f397a865061375317c1ec9b98e974e1",
            "message": "Fix Undo/Redo command tests",
            "insertions": 34,
            "deletions": 21
          },
          {
            "hash": "618574d7b43a63c8ab36d64789d4adb2dd8c74d3",
            "message": "Fix DeleteCardCommandTest",
            "insertions": 90,
            "deletions": 41
          },
          {
            "hash": "5ec44bc2d1124c0465a39c5a916fc40f0bb4b518",
            "message": "Add FindCardCommand",
            "insertions": 177,
            "deletions": 111
          },
          {
            "hash": "9e97bce385b205c4fad214d8062c2f6cdebd7577",
            "message": "Create FindCardCommandTest",
            "insertions": 137,
            "deletions": 31
          },
          {
            "hash": "2c879e6fb497bc507a2370867117053081c39c9a",
            "message": "Fix SelectCardCommandTest",
            "insertions": 21,
            "deletions": 10
          },
          {
            "hash": "7e3b60ab0cb0d01a31f6d98e7e20863a82ac5bc1",
            "message": "Fix TopDeckParserTest",
            "insertions": 45,
            "deletions": 41
          },
          {
            "hash": "31f78f873040117de877ff647904bed307ec4ff3",
            "message": "Add Word matching method in StringUtil",
            "insertions": 27,
            "deletions": 0
          },
          {
            "hash": "075e390024a0f054cd421ac2a063cc124261f61a",
            "message": "Comment out all of the SystemTest",
            "insertions": 596,
            "deletions": 594
          },
          {
            "hash": "22fcb018615d0bd0b2553e6974e5480d67a62c3e",
            "message": "Remove unnecessary imports",
            "insertions": 57,
            "deletions": 59
          }
        ]
      },
      {
        "insertions": 39,
        "deletions": 39,
        "date": "2019-03-26",
        "commitResults": [
          {
            "hash": "47bdaa89386036c72247f5c7ddfb743590c82573",
            "message": "Fix duplicate commands and EditDeckCommandTest",
            "insertions": 6,
            "deletions": 19
          },
          {
            "hash": "115fb1dae0bb6f191a0435ea1c261fdfbc4b904c",
            "message": "Fix StatusBarFooterTest",
            "insertions": 33,
            "deletions": 20
          }
        ]
      },
      {
        "insertions": 0,
        "deletions": 0,
        "date": "2019-03-27",
        "commitResults": []
      },
      {
        "insertions": 329,
        "deletions": 106,
        "date": "2019-03-28",
        "commitResults": [
          {
            "hash": "2bbb29af06466f60dc015e6f9195f9d0fd69446f",
            "message": "Fix Undo-Redo on cards",
            "insertions": 37,
            "deletions": 9
          },
          {
            "hash": "40e9bbb8ddcc564dc24f2f9fa83c163f40642c59",
            "message": "Change Edit and Delete Card for Undo-Redo",
            "insertions": 31,
            "deletions": 19
          },
          {
            "hash": "2553482dec1ead9c6e1d9a8bb20a64f4c9873821",
            "message": "Fix Redo Command",
            "insertions": 25,
            "deletions": 8
          },
          {
            "hash": "0caf1c5034599a54e272af11ddb072f006d6ef2f",
            "message": "Add Card management test in TopDeckTest",
            "insertions": 146,
            "deletions": 14
          },
          {
            "hash": "5609b27785ea517b43aafcd7f477a58f1605d2ce",
            "message": "Add Card management test in ModelManagerTest",
            "insertions": 90,
            "deletions": 56
          }
        ]
      },
      {
        "insertions": 289,
        "deletions": 240,
        "date": "2019-03-29",
        "commitResults": [
          {
            "hash": "44bb4c8722775834ef402ed8910cf5177534a801",
            "message": "Fix part of EditCardCommandTest",
            "insertions": 2,
            "deletions": 2
          },
          {
            "hash": "b846e7e26924fe2f77c5a17e9cd7817c1b6c79de",
            "message": "Fix all Cards test",
            "insertions": 92,
            "deletions": 44
          },
          {
            "hash": "7037bee4ec3d3406d667e3e75c8cec072339ea7f",
            "message": "Fix Card related checkstyle issues",
            "insertions": 10,
            "deletions": 7
          },
          {
            "hash": "0135195fd3a2336118546653b2d31007ab60effe",
            "message": "Update the Card management API",
            "insertions": 25,
            "deletions": 22
          },
          {
            "hash": "eb9ac3147f0b1105de16cf4f218337cee7f57498",
            "message": "Update test to support new card management API",
            "insertions": 137,
            "deletions": 115
          },
          {
            "hash": "481b2cf37e96e007678eb74d7a744144b489e8cc",
            "message": "Update some checkstyle issues and fix list command bug",
            "insertions": 15,
            "deletions": 12
          },
          {
            "hash": "efa69725f594f85181dece38da98c00127e7b1e0",
            "message": "Remove ViewState checking in ModelManager",
            "insertions": 8,
            "deletions": 38
          }
        ]
      },
      {
        "insertions": 111,
        "deletions": 55,
        "date": "2019-03-30",
        "commitResults": [
          {
            "hash": "9509d4f3c5fa33c0a2f7080769706f4eab3ceea8",
            "message": "Update Deck guide for Card management",
            "insertions": 99,
            "deletions": 55
          },
          {
            "hash": "d8ba4992af5ad513f11bf76e4d28d2e14491f6bf",
            "message": "Add in design consideration for Card management",
            "insertions": 12,
            "deletions": 0
          }
        ]
      },
      {
        "insertions": 107,
        "deletions": 84,
        "date": "2019-03-31",
        "commitResults": [
          {
            "hash": "cf4aa4a104ed6ea94ab247bc9bfdcc39cd13dbf0",
            "message": "Add captions for diagrams",
            "insertions": 13,
            "deletions": 12
          },
          {
            "hash": "6f88afcdd86bbdf5b5ced8be87bd2a644ff34116",
            "message": "Fix checkstyle issues",
            "insertions": 76,
            "deletions": 63
          },
          {
            "hash": "64024bbc4b46c2bfed63032c66859c3a950a16ff",
            "message": "Fix checkstyle issues",
            "insertions": 18,
            "deletions": 9
          }
        ]
      },
      {
        "insertions": 74,
        "deletions": 70,
        "date": "2019-04-01",
        "commitResults": [
          {
            "hash": "bd14554bbc54f9d8c74cd274ba61b64c0d2a26b4",
            "message": "Fix minor checkstyle issues",
            "insertions": 27,
            "deletions": 35
          },
          {
            "hash": "dd213d502cb9e74a0a2d05e5b835aae056d6a2c3",
            "message": "Fix minor checkstyle issues",
            "insertions": 2,
            "deletions": 2
          },
          {
            "hash": "96c8675276a442e8165addfe5cadf6b8bdacf352",
            "message": "Fix minor checkstyle issues for test",
            "insertions": 41,
            "deletions": 25
          },
          {
            "hash": "870a2a5a636582e49c3d588dc5286786ac96cdc1",
            "message": "Fix minor checkstyle issues for UIPartTest",
            "insertions": 4,
            "deletions": 8
          }
        ]
      },
      {
        "insertions": 828,
        "deletions": 248,
        "date": "2019-04-02",
        "commitResults": [
          {
            "hash": "f477e9ea88882cb7a183edb580828dc3a3aec5bf",
            "message": "Initialize CardCommandSystemTest",
            "insertions": 302,
            "deletions": 27
          },
          {
            "hash": "53e602d72cfb418ae1ee6f56d4414d87f906c793",
            "message": "Fix checkstyle for AddCardCommandSystemTest",
            "insertions": 22,
            "deletions": 101
          },
          {
            "hash": "c1ec2499d5eedba701b814832fe3d114fb29bd9e",
            "message": "Add AddCardCommandSystemTest",
            "insertions": 129,
            "deletions": 22
          },
          {
            "hash": "1fcee4bd1b7ed0bed892fe1d2df0cbe789e07e05",
            "message": "Add DeleteCardCommandSystemTest",
            "insertions": 217,
            "deletions": 0
          },
          {
            "hash": "a6da6cfa69cf7ed880125dd972da74fba04df711",
            "message": "Fix checkstyle",
            "insertions": 76,
            "deletions": 76
          },
          {
            "hash": "85ff8b1ad32fac30569b55c7965f2949fb542336",
            "message": "Update UG for Card management",
            "insertions": 82,
            "deletions": 22
          }
        ]
      }
    ],
    "ckjohn000": [
      {
        "insertions": 0,
        "deletions": 0,
        "date": "2019-02-10",
        "commitResults": []
      },
      {
        "insertions": 0,
        "deletions": 0,
        "date": "2019-02-11",
        "commitResults": []
      },
      {
        "insertions": 0,
        "deletions": 0,
        "date": "2019-02-12",
        "commitResults": []
      },
      {
        "insertions": 0,
        "deletions": 0,
        "date": "2019-02-13",
        "commitResults": []
      },
      {
        "insertions": 0,
        "deletions": 0,
        "date": "2019-02-14",
        "commitResults": []
      },
      {
        "insertions": 0,
        "deletions": 0,
        "date": "2019-02-15",
        "commitResults": []
      },
      {
        "insertions": 0,
        "deletions": 0,
        "date": "2019-02-16",
        "commitResults": []
      },
      {
        "insertions": 0,
        "deletions": 0,
        "date": "2019-02-17",
        "commitResults": []
      },
      {
        "insertions": 0,
        "deletions": 0,
        "date": "2019-02-18",
        "commitResults": []
      },
      {
        "insertions": 0,
        "deletions": 0,
        "date": "2019-02-19",
        "commitResults": []
      },
      {
        "insertions": 0,
        "deletions": 0,
        "date": "2019-02-20",
        "commitResults": []
      },
      {
        "insertions": 0,
        "deletions": 0,
        "date": "2019-02-21",
        "commitResults": []
      },
      {
        "insertions": 0,
        "deletions": 0,
        "date": "2019-02-22",
        "commitResults": []
      },
      {
        "insertions": 0,
        "deletions": 0,
        "date": "2019-02-23",
        "commitResults": []
      },
      {
        "insertions": 0,
        "deletions": 0,
        "date": "2019-02-24",
        "commitResults": []
      },
      {
        "insertions": 0,
        "deletions": 0,
        "date": "2019-02-25",
        "commitResults": []
      },
      {
        "insertions": 0,
        "deletions": 0,
        "date": "2019-02-26",
        "commitResults": []
      },
      {
        "insertions": 0,
        "deletions": 0,
        "date": "2019-02-27",
        "commitResults": []
      },
      {
        "insertions": 0,
        "deletions": 0,
        "date": "2019-02-28",
        "commitResults": []
      },
      {
        "insertions": 0,
        "deletions": 0,
        "date": "2019-03-01",
        "commitResults": []
      },
      {
        "insertions": 0,
        "deletions": 0,
        "date": "2019-03-02",
        "commitResults": []
      },
      {
        "insertions": 0,
        "deletions": 0,
        "date": "2019-03-03",
        "commitResults": []
      },
      {
        "insertions": 0,
        "deletions": 0,
        "date": "2019-03-04",
        "commitResults": []
      },
      {
        "insertions": 0,
        "deletions": 0,
        "date": "2019-03-05",
        "commitResults": []
      },
      {
        "insertions": 0,
        "deletions": 0,
        "date": "2019-03-06",
        "commitResults": []
      },
      {
        "insertions": 0,
        "deletions": 0,
        "date": "2019-03-07",
        "commitResults": []
      },
      {
        "insertions": 0,
        "deletions": 0,
        "date": "2019-03-08",
        "commitResults": []
      },
      {
        "insertions": 0,
        "deletions": 0,
        "date": "2019-03-09",
        "commitResults": []
      },
      {
        "insertions": 461,
        "deletions": 2,
        "date": "2019-03-10",
        "commitResults": [
          {
            "hash": "1398afb5f3539a351a0299c489f92ed46d62046a",
            "message": "Add prefix CLisyntax",
            "insertions": 2,
            "deletions": 1
          },
          {
            "hash": "440dd95e813bf537a76b6773c72aca1b1eb40830",
            "message": "Add exceptions for deck",
            "insertions": 49,
            "deletions": 0
          },
          {
            "hash": "dbe28a464da97c246d89eebafc485da0314f6bff",
            "message": "add deck model and deck name",
            "insertions": 136,
            "deletions": 0
          },
          {
            "hash": "ceb3fee9e1533ab1bae9df9b1d62fbbda39f8bcc",
            "message": "add unique deck list and sort and search for unique card list",
            "insertions": 189,
            "deletions": 0
          },
          {
            "hash": "ee0f551d87dd3c635a246befb31584fc1c1ee029",
            "message": "add Json deck storage",
            "insertions": 85,
            "deletions": 1
          }
        ]
      },
      {
        "insertions": 0,
        "deletions": 0,
        "date": "2019-03-11",
        "commitResults": []
      },
      {
        "insertions": 290,
        "deletions": 4,
        "date": "2019-03-12",
        "commitResults": [
          {
            "hash": "9dc2ad043a6e361126a5a9c783ba6127dbf95881",
            "message": "Add deck model",
            "insertions": 290,
            "deletions": 4
          }
        ]
      },
      {
        "insertions": 163,
        "deletions": 13,
        "date": "2019-03-13",
        "commitResults": [
          {
            "hash": "c87b452070ce49e9723fe80ce8ae7eaedb7e5556",
            "message": "add newdeck command",
            "insertions": 163,
            "deletions": 13
          }
        ]
      },
      {
        "insertions": 0,
        "deletions": 0,
        "date": "2019-03-14",
        "commitResults": []
      },
      {
        "insertions": 0,
        "deletions": 0,
        "date": "2019-03-15",
        "commitResults": []
      },
      {
        "insertions": 1131,
        "deletions": 120,
        "date": "2019-03-16",
        "commitResults": [
          {
            "hash": "aace33a0019fca49a796030533de9381e87bac48",
            "message": "minor styling changes",
            "insertions": 30,
            "deletions": 8
          },
          {
            "hash": "d61260086daf21aed7224013330f745edbd5a9a1",
            "message": "add test for deck",
            "insertions": 1101,
            "deletions": 112
          }
        ]
      },
      {
        "insertions": 0,
        "deletions": 0,
        "date": "2019-03-17",
        "commitResults": []
      },
      {
        "insertions": 0,
        "deletions": 0,
        "date": "2019-03-18",
        "commitResults": []
      },
      {
        "insertions": 44,
        "deletions": 0,
        "date": "2019-03-19",
        "commitResults": [
          {
            "hash": "126caf919c03b3ca9b78d09dcd79a1c53f3867e6",
            "message": "update dev guide for deck",
            "insertions": 44,
            "deletions": 0
          }
        ]
      },
      {
        "insertions": 35,
        "deletions": 0,
        "date": "2019-03-20",
        "commitResults": [
          {
            "hash": "2449efcbc5f3879bc1bd8d515c62c5071e244989",
            "message": "add command summary in userguide",
            "insertions": 35,
            "deletions": 0
          }
        ]
      },
      {
        "insertions": 0,
        "deletions": 0,
        "date": "2019-03-21",
        "commitResults": []
      },
      {
        "insertions": 375,
        "deletions": 270,
        "date": "2019-03-22",
        "commitResults": [
          {
            "hash": "f44cf2028f36d6dfd06cc3481584713c06e68676",
            "message": "minor ug  changes",
            "insertions": 10,
            "deletions": 3
          },
          {
            "hash": "4e3566090d4d5061b5d61345c708221ca92d8d70",
            "message": "fix test util",
            "insertions": 28,
            "deletions": 5
          },
          {
            "hash": "8058736d621a4af036d4bd18a3b5ebf89e16986a",
            "message": "fix ui test - listpaneltest still needs changing",
            "insertions": 70,
            "deletions": 20
          },
          {
            "hash": "067bb7a12ee5532bf168cd33dc0e77ef7cf58369",
            "message": "fix versionedtopdecktest",
            "insertions": 50,
            "deletions": 39
          },
          {
            "hash": "7024bcad65a69fc4e516d1e8f78bb4b25a366691",
            "message": "fix modelmanagertest",
            "insertions": 11,
            "deletions": 3
          },
          {
            "hash": "d5ce8a051afc0dd91d37a92b9971fbb5e546a6b6",
            "message": "add deckdisplayhandle fix test",
            "insertions": 206,
            "deletions": 200
          }
        ]
      },
      {
        "insertions": 0,
        "deletions": 0,
        "date": "2019-03-23",
        "commitResults": []
      },
      {
        "insertions": 431,
        "deletions": 40,
        "date": "2019-03-24",
        "commitResults": [
          {
            "hash": "92d0d8fdad2f5675bd3502a4287d083b1f467204",
            "message": "add test for jsondeck",
            "insertions": 42,
            "deletions": 0
          },
          {
            "hash": "66c5beb7820e044ff00b4f98c6cdc97baff34534",
            "message": "add deck test, TODO- add deck delete and set",
            "insertions": 91,
            "deletions": 27
          },
          {
            "hash": "d8ff78b8247306326877c094378acec65a0e06af",
            "message": "add delete deck",
            "insertions": 61,
            "deletions": 0
          },
          {
            "hash": "de934c1cfe428963f80e63a0e8b1f53538fb0e0a",
            "message": "update model and topdeck",
            "insertions": 4,
            "deletions": 0
          },
          {
            "hash": "4181b3fae63c2b9afa3cb7979ca893adc6ca3083",
            "message": "add delete deck parser",
            "insertions": 75,
            "deletions": 12
          },
          {
            "hash": "c65e32028296425dbf2340721af4b0a83de8b227",
            "message": "add deletedeckcommandparser test",
            "insertions": 40,
            "deletions": 0
          },
          {
            "hash": "b905a981920eac3a0eb2ed629131beec762aafed",
            "message": "add delete deckcommandtest",
            "insertions": 118,
            "deletions": 1
          }
        ]
      },
      {
        "insertions": 937,
        "deletions": 48,
        "date": "2019-03-25",
        "commitResults": [
          {
            "hash": "be97285abb0234bed0143ac17f216eae47aff6a1",
            "message": "add editdeckcommand",
            "insertions": 4,
            "deletions": 0
          },
          {
            "hash": "f3ce4230d20145526328c858e4885b01794ec6a3",
            "message": "add editdeckcommand",
            "insertions": 232,
            "deletions": 8
          },
          {
            "hash": "de04a730d7adcd2fa9a1703c417337b1c59ed3d2",
            "message": "add editcommandparser",
            "insertions": 53,
            "deletions": 0
          },
          {
            "hash": "0ddde6a0f310d9dfe9a4431576922644824c0327",
            "message": "add editdeckdescriptorbuilder",
            "insertions": 77,
            "deletions": 1
          },
          {
            "hash": "ea750afe0c4be0d2952176900e1fd78afeac1e8f",
            "message": "add editdeckcommandparser test",
            "insertions": 85,
            "deletions": 0
          },
          {
            "hash": "215cd76f788a1e6c3851845abe931bd204be89a4",
            "message": "add editdeckcommandtest",
            "insertions": 276,
            "deletions": 0
          },
          {
            "hash": "e61d057b6343829d17f1badd5463451abf7bef4d",
            "message": "fix test case in jsonserializable",
            "insertions": 122,
            "deletions": 31
          },
          {
            "hash": "1547e2254574b8610a33eae9122992414362e7ac",
            "message": "fix typicaldeck test case in jsonserializable",
            "insertions": 88,
            "deletions": 8
          }
        ]
      },
      {
        "insertions": 0,
        "deletions": 0,
        "date": "2019-03-26",
        "commitResults": []
      },
      {
        "insertions": 0,
        "deletions": 0,
        "date": "2019-03-27",
        "commitResults": []
      },
      {
        "insertions": 0,
        "deletions": 0,
        "date": "2019-03-28",
        "commitResults": []
      },
      {
        "insertions": 0,
        "deletions": 0,
        "date": "2019-03-29",
        "commitResults": []
      },
      {
        "insertions": 0,
        "deletions": 0,
        "date": "2019-03-30",
        "commitResults": []
      },
      {
        "insertions": 0,
        "deletions": 0,
        "date": "2019-03-31",
        "commitResults": []
      },
      {
        "insertions": 0,
        "deletions": 0,
        "date": "2019-04-01",
        "commitResults": []
      },
      {
        "insertions": 0,
        "deletions": 0,
        "date": "2019-04-02",
        "commitResults": []
      }
    ],
    "xsot": [
      {
        "insertions": 7,
        "deletions": 8,
        "date": "2019-02-10",
        "commitResults": [
          {
            "hash": "80eb216883a560d46ec69484af72e35988a41f5b",
            "message": "Update documentation to match fork",
            "insertions": 4,
            "deletions": 5
          },
          {
            "hash": "216d196beabae562ad21ab8b4258f2418044648b",
            "message": "Update badges in README",
            "insertions": 3,
            "deletions": 3
          }
        ]
      },
      {
        "insertions": 0,
        "deletions": 0,
        "date": "2019-02-11",
        "commitResults": []
      },
      {
        "insertions": 0,
        "deletions": 0,
        "date": "2019-02-12",
        "commitResults": []
      },
      {
        "insertions": 0,
        "deletions": 0,
        "date": "2019-02-13",
        "commitResults": []
      },
      {
        "insertions": 0,
        "deletions": 0,
        "date": "2019-02-14",
        "commitResults": []
      },
      {
        "insertions": 0,
        "deletions": 0,
        "date": "2019-02-15",
        "commitResults": []
      },
      {
        "insertions": 0,
        "deletions": 0,
        "date": "2019-02-16",
        "commitResults": []
      },
      {
        "insertions": 16,
        "deletions": 295,
        "date": "2019-02-17",
        "commitResults": [
          {
            "hash": "3d01cbff5ed05b325c639b0f8736ba378f09049a",
            "message": "Remove AB4-specific content from docs",
            "insertions": 16,
            "deletions": 295
          }
        ]
      },
      {
        "insertions": 0,
        "deletions": 0,
        "date": "2019-02-18",
        "commitResults": []
      },
      {
        "insertions": 84,
        "deletions": 10,
        "date": "2019-02-19",
        "commitResults": [
          {
            "hash": "65f544eeb51ba0c2461811cf9ba3e583ab213b92",
            "message": "Show total number of persons in status bar",
            "insertions": 16,
            "deletions": 1
          },
          {
            "hash": "ef62ef026a1b6cc14a5945c8dfdfadf3add5ff88",
            "message": "Add tests for total person count in status bar",
            "insertions": 67,
            "deletions": 8
          },
          {
            "hash": "a1118ca308ebdd3d0633161f403edb3f9562ff47",
            "message": "Fix broken test",
            "insertions": 1,
            "deletions": 1
          }
        ]
      },
      {
        "insertions": 0,
        "deletions": 0,
        "date": "2019-02-20",
        "commitResults": []
      },
      {
        "insertions": 0,
        "deletions": 0,
        "date": "2019-02-21",
        "commitResults": []
      },
      {
        "insertions": 0,
        "deletions": 0,
        "date": "2019-02-22",
        "commitResults": []
      },
      {
        "insertions": 0,
        "deletions": 0,
        "date": "2019-02-23",
        "commitResults": []
      },
      {
        "insertions": 0,
        "deletions": 0,
        "date": "2019-02-24",
        "commitResults": []
      },
      {
        "insertions": 0,
        "deletions": 0,
        "date": "2019-02-25",
        "commitResults": []
      },
      {
        "insertions": 12,
        "deletions": 12,
        "date": "2019-02-26",
        "commitResults": [
          {
            "hash": "fc82e7c4cbae4d179b017f6f4a7875988f815f98",
            "message": "Update images",
            "insertions": 12,
            "deletions": 12
          }
        ]
      },
      {
        "insertions": 185,
        "deletions": 94,
        "date": "2019-02-27",
        "commitResults": [
          {
            "hash": "6d29c6464313cc74be0d8dbcb40677f5cd7df4ee",
            "message": "Rename files to comply with requirements",
            "insertions": 4,
            "deletions": 4
          },
          {
            "hash": "08fc0341a4763a7d9282fec4cf87791f6d2471db",
            "message": "Refactor CommandResult",
            "insertions": 42,
            "deletions": 49
          },
          {
            "hash": "635e243000698cbaed774a4891a08897469ea54f",
            "message": "Update comments",
            "insertions": 3,
            "deletions": 6
          },
          {
            "hash": "d9a93d99c6ec6397617c31298488eff415869ec3",
            "message": "Add new CommandResult subclass to edit command box text",
            "insertions": 80,
            "deletions": 21
          },
          {
            "hash": "0ca73a276d4fb829f37a82712c8842bdddcc9840",
            "message": "Generate correct edit command string",
            "insertions": 19,
            "deletions": 8
          },
          {
            "hash": "a4c35b1b318a3cc346f7c2bab2e08302531dfb43",
            "message": "Delete unused string",
            "insertions": 0,
            "deletions": 1
          },
          {
            "hash": "0b928a5bd986e459a38a20e7fdf22a8ef45d0962",
            "message": "Add hashcode() and equals() tests",
            "insertions": 37,
            "deletions": 5
          }
        ]
      },
      {
        "insertions": 47,
        "deletions": 46,
        "date": "2019-02-28",
        "commitResults": [
          {
            "hash": "719d20c45ef75c96e5de100e0e25782f9a5ead47",
            "message": "Add simple test",
            "insertions": 10,
            "deletions": 1
          },
          {
            "hash": "51b030dc8a2548abba0c3e020fbf34207c735432",
            "message": "More test coverage",
            "insertions": 37,
            "deletions": 45
          }
        ]
      },
      {
        "insertions": 0,
        "deletions": 0,
        "date": "2019-03-01",
        "commitResults": []
      },
      {
        "insertions": 0,
        "deletions": 0,
        "date": "2019-03-02",
        "commitResults": []
      },
      {
        "insertions": 0,
        "deletions": 0,
        "date": "2019-03-03",
        "commitResults": []
      },
      {
        "insertions": 0,
        "deletions": 0,
        "date": "2019-03-04",
        "commitResults": []
      },
      {
        "insertions": 0,
        "deletions": 0,
        "date": "2019-03-05",
        "commitResults": []
      },
      {
        "insertions": 0,
        "deletions": 0,
        "date": "2019-03-06",
        "commitResults": []
      },
      {
        "insertions": 0,
        "deletions": 0,
        "date": "2019-03-07",
        "commitResults": []
      },
      {
        "insertions": 0,
        "deletions": 0,
        "date": "2019-03-08",
        "commitResults": []
      },
      {
        "insertions": 0,
        "deletions": 0,
        "date": "2019-03-09",
        "commitResults": []
      },
      {
        "insertions": 0,
        "deletions": 0,
        "date": "2019-03-10",
        "commitResults": []
      },
      {
        "insertions": 0,
        "deletions": 0,
        "date": "2019-03-11",
        "commitResults": []
      },
      {
        "insertions": 132,
        "deletions": 128,
        "date": "2019-03-12",
        "commitResults": [
          {
            "hash": "6598fe13da7caf2225beacf07c43d888ae498595",
            "message": "Stylistic changes to user guide",
            "insertions": 6,
            "deletions": 4
          },
          {
            "hash": "defc15c7faefd0ddb82db3daa82f06ba6362305d",
            "message": "More stylistic changes",
            "insertions": 15,
            "deletions": 24
          },
          {
            "hash": "68ea0516b12343c62a11e68f7f257815ea750860",
            "message": "Document intended commands in user guide",
            "insertions": 106,
            "deletions": 95
          },
          {
            "hash": "b4cb71fe67f4a7581b093b3134ad725ec76bc52e",
            "message": "Minor edits",
            "insertions": 5,
            "deletions": 5
          }
        ]
      },
      {
        "insertions": 0,
        "deletions": 0,
        "date": "2019-03-13",
        "commitResults": []
      },
      {
        "insertions": 0,
        "deletions": 0,
        "date": "2019-03-14",
        "commitResults": []
      },
      {
        "insertions": 0,
        "deletions": 0,
        "date": "2019-03-15",
        "commitResults": []
      },
      {
        "insertions": 81,
        "deletions": 73,
        "date": "2019-03-16",
        "commitResults": [
          {
            "hash": "a1a3a4ef4946e87862783de79509c2b067a3e473",
            "message": "Rename newDeck to addDeck",
            "insertions": 0,
            "deletions": 0
          },
          {
            "hash": "29802807672048c02c0716b99ce043c60a608503",
            "message": "Rename all affected symbols",
            "insertions": 42,
            "deletions": 44
          },
          {
            "hash": "3c5c076ec441f4b5c985e04a1e4cc8b94b51d61d",
            "message": "Prevent users from creating duplicate decks",
            "insertions": 12,
            "deletions": 10
          },
          {
            "hash": "9d775f8790491ce5d8656bfd52a83c4c13ecc19b",
            "message": "Fix bug in reading serialized decks",
            "insertions": 2,
            "deletions": 1
          },
          {
            "hash": "70d0333375649c50ac154677b01d862bd3e22a01",
            "message": "Fix bug in loading data",
            "insertions": 10,
            "deletions": 0
          },
          {
            "hash": "b01b8944c3f1c29b00739573fc95d150786e1433",
            "message": "Fix a failing test",
            "insertions": 1,
            "deletions": 1
          },
          {
            "hash": "583535b80a3afbc19e830869122b7512927eb2f9",
            "message": "Remove redundant loop",
            "insertions": 0,
            "deletions": 3
          },
          {
            "hash": "0d5dd1970a44eb0663d0098c5e59f7837e0f9240",
            "message": "Rename stuff from ab4",
            "insertions": 14,
            "deletions": 14
          }
        ]
      },
      {
        "insertions": 654,
        "deletions": 499,
        "date": "2019-03-17",
        "commitResults": [
          {
            "hash": "e532b10f310c082fe4413236ee59f0b29c645051",
            "message": "Convert some card code to handle ListItem",
            "insertions": 50,
            "deletions": 51
          },
          {
            "hash": "bd9ae4aea8f6b81f8b39db19caa79464369f8c55",
            "message": "Fix regression in selection",
            "insertions": 31,
            "deletions": 51
          },
          {
            "hash": "cef82dc938df4184aded583324de4987f9a7dec2",
            "message": "Hard code view state for now",
            "insertions": 35,
            "deletions": 23
          },
          {
            "hash": "8a22ff7780f8620ab351015bba6a47080c70957a",
            "message": "Make model hold generic filtered list",
            "insertions": 110,
            "deletions": 176
          },
          {
            "hash": "d7cec03618baba2f948cc6f6d1ace55a36127dac",
            "message": "Use generic types in model manager",
            "insertions": 25,
            "deletions": 27
          },
          {
            "hash": "794f44276e83c8070bce206e9efad791700f7dc6",
            "message": "Create ViewState",
            "insertions": 99,
            "deletions": 33
          },
          {
            "hash": "2d5008c44ac1e108d7b9e847dc23ec58b7d3220d",
            "message": "Integrate ViewState to the parsing chain",
            "insertions": 64,
            "deletions": 4
          },
          {
            "hash": "d551b1e69b7d50bcd1cc6e63848f9712f762cecb",
            "message": "Reimplement select",
            "insertions": 162,
            "deletions": 13
          },
          {
            "hash": "662f114e83c5d00518c27856ed51ffe4a11f5490",
            "message": "Reimplement add",
            "insertions": 78,
            "deletions": 121
          }
        ]
      },
      {
        "insertions": 250,
        "deletions": 167,
        "date": "2019-03-18",
        "commitResults": [
          {
            "hash": "1ac6304185f0d8aaaaa47a2bd8b66f35e1694f55",
            "message": "Implement open and back",
            "insertions": 169,
            "deletions": 10
          },
          {
            "hash": "68009c268733f5526cfd95f577b851526e7e7bdb",
            "message": "Rename CardListPanel to ListPanel",
            "insertions": 47,
            "deletions": 123
          },
          {
            "hash": "f15f104cdace8a30a9c09b63aa9469604e80f283",
            "message": "Update gui handles",
            "insertions": 34,
            "deletions": 34
          }
        ]
      },
      {
        "insertions": 46,
        "deletions": 238,
        "date": "2019-03-19",
        "commitResults": [
          {
            "hash": "f2e5ea2b5bc372334c0519bbbe81eccb09921c36",
            "message": "Remove browser",
            "insertions": 3,
            "deletions": 89
          },
          {
            "hash": "01ce37c0788c6b3a2cee2e661c5d69fcc5ffbfa3",
            "message": "Remove browser panel tests",
            "insertions": 4,
            "deletions": 149
          },
          {
            "hash": "c19ebefce934089f23b48c7424ef6270dd3cbf42",
            "message": "Add section on stateful ui to dev guide",
            "insertions": 39,
            "deletions": 0
          }
        ]
      },
      {
        "insertions": 104,
        "deletions": 61,
        "date": "2019-03-20",
        "commitResults": [
          {
            "hash": "bb936e02f12cd3ab7f297951ab0120ee35ba3fa8",
            "message": "Improve user guide",
            "insertions": 92,
            "deletions": 50
          },
          {
            "hash": "7d8fc48c5b7b50e787dd703ad4170c8b32289f40",
            "message": "Tweak CSS",
            "insertions": 12,
            "deletions": 11
          }
        ]
      },
      {
        "insertions": 0,
        "deletions": 0,
        "date": "2019-03-21",
        "commitResults": []
      },
      {
        "insertions": 0,
        "deletions": 0,
        "date": "2019-03-22",
        "commitResults": []
      },
      {
        "insertions": 0,
        "deletions": 0,
        "date": "2019-03-23",
        "commitResults": []
      },
      {
        "insertions": 0,
        "deletions": 0,
        "date": "2019-03-24",
        "commitResults": []
      },
      {
        "insertions": 0,
        "deletions": 0,
        "date": "2019-03-25",
        "commitResults": []
      },
      {
        "insertions": 484,
        "deletions": 381,
        "date": "2019-03-26",
        "commitResults": [
          {
            "hash": "eec7d2f2a37de41b5c16536c7c045dbbd97497e5",
            "message": "Pass viewState into FindCommand",
            "insertions": 16,
            "deletions": 5
          },
          {
            "hash": "fe4bf4a77e0ba91651e424d3be3a25869fe37a92",
            "message": "Reorder arguments in SelectCommands",
            "insertions": 4,
            "deletions": 4
          },
          {
            "hash": "0fd5b959491cea856ef3967179f5c83f620ea043",
            "message": "Pass viewState into AddCardCommand",
            "insertions": 13,
            "deletions": 3
          },
          {
            "hash": "cc35f10afce80a20dac44e3fc1458bbd2265b560",
            "message": "Pass viewState into AddDeckCommand",
            "insertions": 37,
            "deletions": 27
          },
          {
            "hash": "2184136551ebc060c1bc629477b37ae17ba5f9c9",
            "message": "Update other commands to accept viewState",
            "insertions": 78,
            "deletions": 36
          },
          {
            "hash": "db694325be8c55f2ed22c33c2b2181369fb4b690",
            "message": "Remove usage of ModelManager::getFilteredList",
            "insertions": 42,
            "deletions": 154
          },
          {
            "hash": "0ff88bf1e7e136a8557a8bbe7eaf8929a50f2acc",
            "message": "Implement FilteredList methods in view states",
            "insertions": 49,
            "deletions": 14
          },
          {
            "hash": "f83b02c11ab87140c09fc218cc8bacb604014c7a",
            "message": "Update command tests",
            "insertions": 125,
            "deletions": 103
          },
          {
            "hash": "ab01446885b4afa6e5b1621a74437b1655ad183d",
            "message": "Update parser tests",
            "insertions": 120,
            "deletions": 35
          }
        ]
      },
      {
        "insertions": 154,
        "deletions": 140,
        "date": "2019-03-27",
        "commitResults": [
          {
            "hash": "8384b6fa04b3b2b32b969bb8f7929d20b11a97e4",
            "message": "Migrate some outdated api calls",
            "insertions": 154,
            "deletions": 140
          }
        ]
      },
      {
        "insertions": 0,
        "deletions": 0,
        "date": "2019-03-28",
        "commitResults": []
      },
      {
        "insertions": 0,
        "deletions": 0,
        "date": "2019-03-29",
        "commitResults": []
      },
      {
        "insertions": 0,
        "deletions": 0,
        "date": "2019-03-30",
        "commitResults": []
      },
      {
        "insertions": 140,
        "deletions": 376,
        "date": "2019-03-31",
        "commitResults": [
          {
            "hash": "439a93346fd05dc0ab2ce81c3a6105ec857b5200",
            "message": "Update dev guide",
            "insertions": 135,
            "deletions": 371
          },
          {
            "hash": "729953e15d29b0e97903b462cc88c171d7f0b7e5",
            "message": "Fix missing newline at EOF",
            "insertions": 5,
            "deletions": 5
          }
        ]
      },
      {
        "insertions": 33,
        "deletions": 41,
        "date": "2019-04-01",
        "commitResults": [
          {
            "hash": "8af5baf6b1255b4ed38533dcf1d620c14409d326",
            "message": "Fix missing newline at EOF",
            "insertions": 1,
            "deletions": 1
          },
          {
            "hash": "7d5494e7f5d055eda499d882492761bbeb1b2bf5",
            "message": "Update checkstyle caseindent rule",
            "insertions": 1,
            "deletions": 1
          },
          {
            "hash": "4f8a5934543c5973778f713f5fda66af4634f25e",
            "message": "Fix more checkstyle errors",
            "insertions": 16,
            "deletions": 17
          },
          {
            "hash": "48e79f92890a7b0b3769ce3268866e5711d40aec",
            "message": "Update dev guide",
            "insertions": 15,
            "deletions": 22
          }
        ]
      },
      {
        "insertions": 0,
        "deletions": 0,
        "date": "2019-04-02",
        "commitResults": []
      }
    ],
    "sciffany": [
      {
        "insertions": 0,
        "deletions": 0,
        "date": "2019-02-10",
        "commitResults": []
      },
      {
        "insertions": 0,
        "deletions": 0,
        "date": "2019-02-11",
        "commitResults": []
      },
      {
        "insertions": 0,
        "deletions": 0,
        "date": "2019-02-12",
        "commitResults": []
      },
      {
        "insertions": 0,
        "deletions": 0,
        "date": "2019-02-13",
        "commitResults": []
      },
      {
        "insertions": 0,
        "deletions": 0,
        "date": "2019-02-14",
        "commitResults": []
      },
      {
        "insertions": 0,
        "deletions": 0,
        "date": "2019-02-15",
        "commitResults": []
      },
      {
        "insertions": 0,
        "deletions": 0,
        "date": "2019-02-16",
        "commitResults": []
      },
      {
        "insertions": 0,
        "deletions": 0,
        "date": "2019-02-17",
        "commitResults": []
      },
      {
        "insertions": 0,
        "deletions": 0,
        "date": "2019-02-18",
        "commitResults": []
      },
      {
        "insertions": 0,
        "deletions": 0,
        "date": "2019-02-19",
        "commitResults": []
      },
      {
        "insertions": 0,
        "deletions": 0,
        "date": "2019-02-20",
        "commitResults": []
      },
      {
        "insertions": 0,
        "deletions": 0,
        "date": "2019-02-21",
        "commitResults": []
      },
      {
        "insertions": 0,
        "deletions": 0,
        "date": "2019-02-22",
        "commitResults": []
      },
      {
        "insertions": 0,
        "deletions": 0,
        "date": "2019-02-23",
        "commitResults": []
      },
      {
        "insertions": 0,
        "deletions": 0,
        "date": "2019-02-24",
        "commitResults": []
      },
      {
        "insertions": 0,
        "deletions": 0,
        "date": "2019-02-25",
        "commitResults": []
      },
      {
        "insertions": 0,
        "deletions": 0,
        "date": "2019-02-26",
        "commitResults": []
      },
      {
        "insertions": 0,
        "deletions": 0,
        "date": "2019-02-27",
        "commitResults": []
      },
      {
        "insertions": 0,
        "deletions": 0,
        "date": "2019-02-28",
        "commitResults": []
      },
      {
        "insertions": 0,
        "deletions": 0,
        "date": "2019-03-01",
        "commitResults": []
      },
      {
        "insertions": 0,
        "deletions": 0,
        "date": "2019-03-02",
        "commitResults": []
      },
      {
        "insertions": 0,
        "deletions": 0,
        "date": "2019-03-03",
        "commitResults": []
      },
      {
        "insertions": 0,
        "deletions": 0,
        "date": "2019-03-04",
        "commitResults": []
      },
      {
        "insertions": 7,
        "deletions": 7,
        "date": "2019-03-05",
        "commitResults": [
          {
            "hash": "5a947622856b8a033eb7b60962db5654fbb5f4d5",
            "message": "Update UserGuide.adoc",
            "insertions": 7,
            "deletions": 7
          }
        ]
      },
      {
        "insertions": 108,
        "deletions": 74,
        "date": "2019-03-06",
        "commitResults": [
          {
            "hash": "09131bc223f256a656b93200ecd8cc97824c4f00",
            "message": "update features",
            "insertions": 35,
            "deletions": 26
          },
          {
            "hash": "456e7f74e5bdf4ba49f7453c8eb23bcad37f473b",
            "message": "added glossary",
            "insertions": 73,
            "deletions": 48
          }
        ]
      },
      {
        "insertions": 0,
        "deletions": 0,
        "date": "2019-03-07",
        "commitResults": []
      },
      {
        "insertions": 0,
        "deletions": 0,
        "date": "2019-03-08",
        "commitResults": []
      },
      {
        "insertions": 0,
        "deletions": 0,
        "date": "2019-03-09",
        "commitResults": []
      },
      {
        "insertions": 0,
        "deletions": 0,
        "date": "2019-03-10",
        "commitResults": []
      },
      {
        "insertions": 0,
        "deletions": 0,
        "date": "2019-03-11",
        "commitResults": []
      },
      {
        "insertions": 0,
        "deletions": 0,
        "date": "2019-03-12",
        "commitResults": []
      },
      {
        "insertions": 0,
        "deletions": 0,
        "date": "2019-03-13",
        "commitResults": []
      },
      {
        "insertions": 0,
        "deletions": 0,
        "date": "2019-03-14",
        "commitResults": []
      },
      {
        "insertions": 0,
        "deletions": 0,
        "date": "2019-03-15",
        "commitResults": []
      },
      {
        "insertions": 0,
        "deletions": 0,
        "date": "2019-03-16",
        "commitResults": []
      },
      {
        "insertions": 0,
        "deletions": 0,
        "date": "2019-03-17",
        "commitResults": []
      },
      {
        "insertions": 0,
        "deletions": 0,
        "date": "2019-03-18",
        "commitResults": []
      },
      {
        "insertions": 418,
        "deletions": 69,
        "date": "2019-03-19",
        "commitResults": [
          {
            "hash": "89faa5dcb664bd4b116cc6bea368af26c9074b8c",
            "message": "update aDocs",
            "insertions": 15,
            "deletions": 0
          },
          {
            "hash": "547feac570f6c9d52b766287176a5290e59b6a6d",
            "message": "add studyview and closedeckcommand",
            "insertions": 100,
            "deletions": 0
          },
          {
            "hash": "0c2665f5ccb786016080541044be60f8f8f7a1d4",
            "message": "add study commands to deck commands",
            "insertions": 89,
            "deletions": 6
          },
          {
            "hash": "4e0aec625ac2eca257a4109e7c2881d0a62913a5",
            "message": "enable study deck in models",
            "insertions": 68,
            "deletions": 34
          },
          {
            "hash": "b136c7af50c12b4a86569970ad0a5cd25466b024",
            "message": "rename close to done",
            "insertions": 1,
            "deletions": 1
          },
          {
            "hash": "814811c0229abdec40ad819e1bbcce30f7f4a2b7",
            "message": "add questionPanel to UI",
            "insertions": 62,
            "deletions": 17
          },
          {
            "hash": "80a21604b3025cd3c60f21fbcb7cf08b6ce21e7f",
            "message": "simplify stuffs",
            "insertions": 1,
            "deletions": 10
          },
          {
            "hash": "ad94fc4c91c41a67efe7e9245e25d357abbf4d20",
            "message": "disable question panel",
            "insertions": 10,
            "deletions": 1
          },
          {
            "hash": "aa417720078cc49e9de847cc33e52f6db14898b3",
            "message": "add back line to check null item",
            "insertions": 1,
            "deletions": 0
          },
          {
            "hash": "871b2b8b2495a68f5cf795ae67613e5fcaeb72ee",
            "message": "update dev guide",
            "insertions": 60,
            "deletions": 0
          },
          {
            "hash": "7fb54955e0774dab5ac24a02d3d2a3a3fd4a05e0",
            "message": "Update UserGuide.adoc",
            "insertions": 11,
            "deletions": 0
          }
        ]
      },
      {
        "insertions": 385,
        "deletions": 208,
        "date": "2019-03-20",
        "commitResults": [
          {
            "hash": "439a7ccfad9a6580e5a156e98c052ac6693d0e59",
            "message": "change to display contentPanel",
            "insertions": 3,
            "deletions": 3
          },
          {
            "hash": "9533718b0d2f08f7dbd4fe36d4d2a136ee714074",
            "message": "enable switch to studyPanel",
            "insertions": 20,
            "deletions": 8
          },
          {
            "hash": "ed4c25bfba34522a6a3709ff2949ef5938a13511",
            "message": "add property currentCard into model",
            "insertions": 48,
            "deletions": 39
          },
          {
            "hash": "8d3e04c1ba992ee8620ed17422e6919bd7e89dc4",
            "message": "catch empty deck exception",
            "insertions": 16,
            "deletions": 0
          },
          {
            "hash": "d415f28a3a7a8ae179c08411b3c1118b53820678",
            "message": "add text shown property",
            "insertions": 51,
            "deletions": 6
          },
          {
            "hash": "4c34de174e36f1ec3238c850256342f76bc14227",
            "message": "use study state enums",
            "insertions": 26,
            "deletions": 16
          },
          {
            "hash": "95d335dd8d447a1489027967380e942588376286",
            "message": "add command for showing q and a",
            "insertions": 4,
            "deletions": 3
          },
          {
            "hash": "d8286c1ab6f0fd1f97e3c9d551a002c82e39554c",
            "message": "add showAnswerCommand",
            "insertions": 28,
            "deletions": 0
          },
          {
            "hash": "2681510db678f677d821f17e7dbf097f7b192ae2",
            "message": "fix command priority for study state",
            "insertions": 7,
            "deletions": 6
          },
          {
            "hash": "6d4fff19725b76684c5076269a5411dc34a46d68",
            "message": "update showanswer logic",
            "insertions": 19,
            "deletions": 4
          },
          {
            "hash": "911d0d13225d6f6f3c9e8dacf7e20636e41c4528",
            "message": "enable question generation",
            "insertions": 37,
            "deletions": 3
          },
          {
            "hash": "505ca75e61b19c55814dc05fe2d53afa1221e7dd",
            "message": "randomise card generation",
            "insertions": 2,
            "deletions": 1
          },
          {
            "hash": "8734e0073526e1d23ab7b5131b75e6fd36b5658d",
            "message": "move properties to StudyView",
            "insertions": 62,
            "deletions": 92
          },
          {
            "hash": "267787373629716bd8b1a50f0e31139558cf0b6c",
            "message": "refactoring questionPanel to studyPanel",
            "insertions": 7,
            "deletions": 10
          },
          {
            "hash": "58b49c0990397981fab7ea63aa0635b4682c8d7c",
            "message": "add Strategy class",
            "insertions": 28,
            "deletions": 15
          },
          {
            "hash": "c91cc836ae0a60b7229ed72da87bc42af3a2ea8d",
            "message": "basic UI changes",
            "insertions": 27,
            "deletions": 2
          }
        ]
      },
      {
        "insertions": 198,
        "deletions": 67,
        "date": "2019-03-21",
        "commitResults": [
          {
            "hash": "a254f21f2fa68e3a102445c0190c93089523906a",
            "message": "refactor Strategy to DeckShuffler",
            "insertions": 5,
            "deletions": 8
          },
          {
            "hash": "e1a0125d50c40bfe12f4f928b4e3952785fc00f8",
            "message": "responsive UI",
            "insertions": 17,
            "deletions": 2
          },
          {
            "hash": "04bf5b8983462d885a3bbc37d5b8c5e793177f34",
            "message": "turn studyState into observable property",
            "insertions": 21,
            "deletions": 6
          },
          {
            "hash": "e2d82e3097e984e1c0f13139e693f719bd8cf645",
            "message": "make flash cards look nice",
            "insertions": 1,
            "deletions": 0
          },
          {
            "hash": "229cba63d88e07f1af2dd59aebcb5bf2afb7e826",
            "message": "add graphics changes",
            "insertions": 19,
            "deletions": 1
          },
          {
            "hash": "19b4384f590ebeffa646c007dc1a4ab7997202ac",
            "message": "overload StudyDeckCommand constructor",
            "insertions": 13,
            "deletions": 0
          },
          {
            "hash": "c630528003df4aedd4b3304baf386ab62ba2436c",
            "message": "enable study from cards view",
            "insertions": 20,
            "deletions": 9
          },
          {
            "hash": "fb039c23e2f68f6514ee513a9c53052cb8548091",
            "message": "add userAnswer Label in UI",
            "insertions": 13,
            "deletions": 0
          },
          {
            "hash": "1ce796213d875c526fbde38febc98bc562bfaa1a",
            "message": "take in userAnswer for showAnswerCommand",
            "insertions": 8,
            "deletions": 2
          },
          {
            "hash": "f2d7631b44ef7faa7e4d88bba63754cba2dc2be7",
            "message": "format study view",
            "insertions": 23,
            "deletions": 11
          },
          {
            "hash": "3a8800383e928a8da39f5847b2c3249d4ccfd282",
            "message": "create userAnswer functions in study view",
            "insertions": 10,
            "deletions": 1
          },
          {
            "hash": "517e95f6d7500704953ae67bf692a43fdfada401",
            "message": "record userAnswer in studyview",
            "insertions": 2,
            "deletions": 1
          },
          {
            "hash": "541016f93804224ec2d42fcaab9c2201909b29f4",
            "message": "cleanup questionPanelPlaceholder",
            "insertions": 0,
            "deletions": 3
          },
          {
            "hash": "d0e929c087f7412cae00a4add96fe0a737db46f9",
            "message": "show userAnswer in UI",
            "insertions": 10,
            "deletions": 3
          },
          {
            "hash": "b850f05b80c293fec58dbcb07f2b39e5060179e1",
            "message": "clean up code in studypanel",
            "insertions": 0,
            "deletions": 4
          },
          {
            "hash": "ccb535d7e963f0c5341032c24e1dbe7206202ee3",
            "message": "link userAnswer in ui and studyview through logicmanager",
            "insertions": 13,
            "deletions": 2
          },
          {
            "hash": "cb2222c7c22a54242eb3471e8cf1cb9dad78f15b",
            "message": "make userInput equivalent to command word instead of arguments",
            "insertions": 1,
            "deletions": 1
          },
          {
            "hash": "21ba09cbcd8de98340812ed7be41eaf321464fcb",
            "message": "label user\u0027s answer",
            "insertions": 4,
            "deletions": 2
          },
          {
            "hash": "1beacdc9d676114481a4e86e3a7d366fc23438c2",
            "message": "remove message success for answer",
            "insertions": 1,
            "deletions": 1
          },
          {
            "hash": "3509ce091cf0f66cf95ba6bc4de92e9ece8560e7",
            "message": "set userAnswer to invisible when viewing qns",
            "insertions": 6,
            "deletions": 5
          },
          {
            "hash": "ed98c0a120420ca973c30ba25fa911d7e7f5daf5",
            "message": "remove success statements",
            "insertions": 2,
            "deletions": 5
          },
          {
            "hash": "e77cbb223fc66458b3452b7b2840fa69dad82ff5",
            "message": "write fxml to main/resources",
            "insertions": 9,
            "deletions": 0
          }
        ]
      },
      {
        "insertions": 0,
        "deletions": 0,
        "date": "2019-03-22",
        "commitResults": []
      },
      {
        "insertions": 0,
        "deletions": 0,
        "date": "2019-03-23",
        "commitResults": []
      },
      {
        "insertions": 0,
        "deletions": 0,
        "date": "2019-03-24",
        "commitResults": []
      },
      {
        "insertions": 0,
        "deletions": 0,
        "date": "2019-03-25",
        "commitResults": []
      },
      {
        "insertions": 21,
        "deletions": 0,
        "date": "2019-03-26",
        "commitResults": [
          {
            "hash": "52c06240d8ad96ae795e368b4d3b7434d219355e",
            "message": "Create config.json",
            "insertions": 21,
            "deletions": 0
          }
        ]
      },
      {
        "insertions": 6,
        "deletions": 2,
        "date": "2019-03-27",
        "commitResults": [
          {
            "hash": "4e5e874208ccb445591d1a7b29918af87d7b7978",
            "message": "Update config.json",
            "insertions": 1,
            "deletions": 1
          },
          {
            "hash": "c3c1b848fb87a961c1a23cd7067ec64a7907335d",
            "message": "Update config.json",
            "insertions": 4,
            "deletions": 0
          },
          {
            "hash": "715020104432ac6f0fe38fca421c3d5242129707",
            "message": "Update config.json",
            "insertions": 1,
            "deletions": 1
          }
        ]
      },
      {
        "insertions": 65,
        "deletions": 64,
        "date": "2019-03-28",
        "commitResults": [
          {
            "hash": "a1492d06349cef94273d0d7cd6969b81b31ebfe2",
            "message": "make deckShuffler go through all cards instead of randomly picking",
            "insertions": 26,
            "deletions": 2
          },
          {
            "hash": "d0f95eef9269f0028ca343cecdc651254d7fbc3f",
            "message": "make parser accept empty string",
            "insertions": 7,
            "deletions": 5
          },
          {
            "hash": "5ca796927be4d8909886f763c6a3d1ed5aec18d4",
            "message": "enable study view to deck view",
            "insertions": 28,
            "deletions": 19
          },
          {
            "hash": "ffdb96bcf6edc3e9b78f4789bd0dada12b16fcd1",
            "message": "remove done command",
            "insertions": 1,
            "deletions": 35
          },
          {
            "hash": "44ec8c69560db16a429ad3981d79b77c314ba72b",
            "message": "fix test",
            "insertions": 3,
            "deletions": 3
          }
        ]
      },
      {
        "insertions": 0,
        "deletions": 0,
        "date": "2019-03-29",
        "commitResults": []
      },
      {
        "insertions": 0,
        "deletions": 0,
        "date": "2019-03-30",
        "commitResults": []
      },
      {
        "insertions": 0,
        "deletions": 0,
        "date": "2019-03-31",
        "commitResults": []
      },
      {
        "insertions": 2865,
        "deletions": 2529,
        "date": "2019-04-01",
        "commitResults": [
          {
            "hash": "836b0aa3bfb7ad3f51343b988eac10abdadb27b7",
            "message": "move things around",
            "insertions": 156,
            "deletions": 148
          },
          {
            "hash": "fdbd0e334902d409177d1b6e2f265bf276f4d77f",
            "message": "update dev guide",
            "insertions": 34,
            "deletions": 13
          },
          {
            "hash": "2d3dea4c017fb8f590faaa0c07e95bb96266585a",
            "message": "dev guide",
            "insertions": 33,
            "deletions": 29
          },
          {
            "hash": "a7c53bfddc97d769b36bc6358cc17770944341d5",
            "message": "update dev",
            "insertions": 29,
            "deletions": 18
          },
          {
            "hash": "a32f463bc6d8905f1ebddf77afbceafb26b7a0a8",
            "message": "some checkstyle",
            "insertions": 2542,
            "deletions": 2246
          },
          {
            "hash": "bd7d7aee275672d9f7d78759494cfe33a73aebb9",
            "message": "fix switch cases",
            "insertions": 71,
            "deletions": 75
          }
        ]
      },
      {
        "insertions": 765,
        "deletions": 105,
        "date": "2019-04-02",
        "commitResults": [
          {
            "hash": "611524f5af470f360ad3196f1749c99bcae9f74d",
            "message": "explain null statements",
            "insertions": 2,
            "deletions": 2
          },
          {
            "hash": "f4a467ecefe013674af1af740d8bcd79a016e7ed",
            "message": "fix import conflict",
            "insertions": 0,
            "deletions": 4
          },
          {
            "hash": "3ab948dc825c7a7c142a990dc015d70163342d28",
            "message": "capitalise enum",
            "insertions": 1,
            "deletions": 1
          },
          {
            "hash": "a51bcf974788fee86e28e3c56763ea31850103a5",
            "message": "fix indents",
            "insertions": 10,
            "deletions": 10
          },
          {
            "hash": "be24540cfcb10aaac026d8f18f6d120a31f288c1",
            "message": "Add tests for StudyView",
            "insertions": 117,
            "deletions": 5
          },
          {
            "hash": "efa845a292b4858426132a48c8920cdad59220b3",
            "message": "Format import statements",
            "insertions": 10,
            "deletions": 9
          },
          {
            "hash": "197b94ad56f4d3d2af9ae80676771b56b5537949",
            "message": "Rename StudyPanelCommand to StudyPanelCommandResult",
            "insertions": 5,
            "deletions": 5
          },
          {
            "hash": "bde57f6063dc4ffd624abd6a830001d3881a1a50",
            "message": "Write tests for studyDeckCommand",
            "insertions": 161,
            "deletions": 2
          },
          {
            "hash": "ebc225cb314316c1bd4e13a64646c4f8685e6d22",
            "message": "Remove unnecessary lines in Study Mode",
            "insertions": 13,
            "deletions": 12
          },
          {
            "hash": "12d5a232d8e21850bdcc731fe3f00d363b7ec67f",
            "message": "Add isAtStudyViewMethod",
            "insertions": 20,
            "deletions": 0
          },
          {
            "hash": "3beb94d1b5bafae3cb2904589560bda4eaf83ce5",
            "message": "Write OpenDeckCommandTest",
            "insertions": 157,
            "deletions": 2
          },
          {
            "hash": "ef6c04593f480c09c974cfe8c1d8b3dc1745cd3c",
            "message": "Include empty deck in typical indices",
            "insertions": 2,
            "deletions": 0
          },
          {
            "hash": "8d6f46e4dc2cd15c5da42d135b19e1632cc4bd4f",
            "message": "Remove unnecessary DoneCommand",
            "insertions": 0,
            "deletions": 32
          },
          {
            "hash": "fc7eb9dd5f6ab5073c6f8ff36ffebdfe780d058d",
            "message": "Reformat code",
            "insertions": 10,
            "deletions": 12
          },
          {
            "hash": "e789f1dcb5d1f0d6efe0315ff5b23431234160ba",
            "message": "Write BackCommandTest",
            "insertions": 99,
            "deletions": 1
          },
          {
            "hash": "dd80fb3951c7e2de28b4230440e6f12469592ced",
            "message": "Correct minor errors in Open- and Study- DeckCommandTest",
            "insertions": 2,
            "deletions": 4
          },
          {
            "hash": "10a8fabbde9b914871be2530e845f20192f10b6d",
            "message": "Write ShowAnswerCommandTest",
            "insertions": 45,
            "deletions": 0
          },
          {
            "hash": "9f947ba3056790412c28787b6f5c298bcab86893",
            "message": "Write GenerateQuestionCommandTest",
            "insertions": 40,
            "deletions": 0
          },
          {
            "hash": "c659041ab5ff6836c8a9c6320719df6017f09056",
            "message": "Remove imports from HelpCommandTest",
            "insertions": 0,
            "deletions": 4
          },
          {
            "hash": "cdc3a0c2468d95835c725232d231c985f308942e",
            "message": "Write DeckShufflerTest",
            "insertions": 71,
            "deletions": 0
          }
        ]
      }
    ]
  },
  "authorFinalContributionMap": {
    "ChangDarren": 5281,
    "ckjohn000": 2830,
    "xsot": 1565,
    "sciffany": 2793
  },
  "authorContributionVariance": {
    "ChangDarren": 557490.75,
    "ckjohn000": 60419.098,
    "xsot": 48487.523,
    "sciffany": 564273.7
  },
  "authorDisplayNameMap": {
    "ChangDarren": "ChangDarren",
    "ckjohn000": "ckjohn000",
    "xsot": "xsot",
    "sciffany": "sciffany"
  }
}
