{
  "authorDailyContributionsMap": {
    "siyingpoof": [
      {
        "insertions": 0,
        "deletions": 0,
        "date": "2019-02-10",
        "commitResults": []
      },
      {
        "insertions": 0,
        "deletions": 0,
        "date": "2019-02-11",
        "commitResults": []
      },
      {
        "insertions": 0,
        "deletions": 0,
        "date": "2019-02-12",
        "commitResults": []
      },
      {
        "insertions": 0,
        "deletions": 0,
        "date": "2019-02-13",
        "commitResults": []
      },
      {
        "insertions": 0,
        "deletions": 0,
        "date": "2019-02-14",
        "commitResults": []
      },
      {
        "insertions": 0,
        "deletions": 0,
        "date": "2019-02-15",
        "commitResults": []
      },
      {
        "insertions": 0,
        "deletions": 0,
        "date": "2019-02-16",
        "commitResults": []
      },
      {
        "insertions": 0,
        "deletions": 0,
        "date": "2019-02-17",
        "commitResults": []
      },
      {
        "insertions": 0,
        "deletions": 0,
        "date": "2019-02-18",
        "commitResults": []
      },
      {
        "insertions": 0,
        "deletions": 0,
        "date": "2019-02-19",
        "commitResults": []
      },
      {
        "insertions": 0,
        "deletions": 0,
        "date": "2019-02-20",
        "commitResults": []
      },
      {
        "insertions": 0,
        "deletions": 0,
        "date": "2019-02-21",
        "commitResults": []
      },
      {
        "insertions": 0,
        "deletions": 0,
        "date": "2019-02-22",
        "commitResults": []
      },
      {
        "insertions": 0,
        "deletions": 0,
        "date": "2019-02-23",
        "commitResults": []
      },
      {
        "insertions": 0,
        "deletions": 0,
        "date": "2019-02-24",
        "commitResults": []
      },
      {
        "insertions": 0,
        "deletions": 0,
        "date": "2019-02-25",
        "commitResults": []
      },
      {
        "insertions": 288,
        "deletions": 49,
        "date": "2019-02-26",
        "commitResults": [
          {
            "hash": "594714e40a9f307fef3d26d31f87bd458cc6613e",
            "message": "Initial changes to UG",
            "insertions": 288,
            "deletions": 49
          }
        ]
      },
      {
        "insertions": 0,
        "deletions": 0,
        "date": "2019-02-27",
        "commitResults": []
      },
      {
        "insertions": 0,
        "deletions": 0,
        "date": "2019-02-28",
        "commitResults": []
      },
      {
        "insertions": 0,
        "deletions": 0,
        "date": "2019-03-01",
        "commitResults": []
      },
      {
        "insertions": 0,
        "deletions": 0,
        "date": "2019-03-02",
        "commitResults": []
      },
      {
        "insertions": 0,
        "deletions": 0,
        "date": "2019-03-03",
        "commitResults": []
      },
      {
        "insertions": 0,
        "deletions": 0,
        "date": "2019-03-04",
        "commitResults": []
      },
      {
        "insertions": 448,
        "deletions": 95,
        "date": "2019-03-05",
        "commitResults": [
          {
            "hash": "ea14eca4f485f86115780c51b5af132ecc8655cb",
            "message": "Teaching the app to accept \u0027add doctor\u0027 which does nothing",
            "insertions": 40,
            "deletions": 1
          },
          {
            "hash": "01566650b77619d2c6ed59fc02e24d01ab81d436",
            "message": "Adding in AddDoctorCommandParse file",
            "insertions": 13,
            "deletions": 0
          },
          {
            "hash": "12c212bdcb65dba9fa4848e5c1d63dab57502ae8",
            "message": "Edited AddDoctorCommand file",
            "insertions": 0,
            "deletions": 1
          },
          {
            "hash": "e71b9c8708cac93952e3bc2a7338d929d1e8fd7d",
            "message": "Added javadoc comments for CheckStyle to AddDoctorCommand and its parser file",
            "insertions": 8,
            "deletions": 1
          },
          {
            "hash": "4dd4b8283e86db18cf9cfc0d1ac6177c4ceb3fa3",
            "message": "Edited AddressBookParserTest file",
            "insertions": 0,
            "deletions": 1
          },
          {
            "hash": "5ec1e4b8c1ac5d5ebec666e01af7d4010ea13890",
            "message": "Teaching the app to accept \u0027add-doctor\u0027 arguments",
            "insertions": 30,
            "deletions": 2
          },
          {
            "hash": "5c617e76839845dab83daf342ed869ac4fa04a70",
            "message": "Edited files according to checkStyle",
            "insertions": 99,
            "deletions": 14
          },
          {
            "hash": "44a8e6f36d39c2ee002a31f3556996f06780bee7",
            "message": "second edit for checkStyle",
            "insertions": 5,
            "deletions": 5
          },
          {
            "hash": "e56034334625b22f8456aaa126ef2d0b5f561e76",
            "message": "3rd edit for checkStyle",
            "insertions": 4,
            "deletions": 1
          },
          {
            "hash": "1ef5bdefe97ddf9301e19b8dfee5c3d22f8cb4a2",
            "message": "4th edit for checkStyle",
            "insertions": 6,
            "deletions": 2
          },
          {
            "hash": "c0cae433eb0cc2f48ee64a28b04336cb849f6ea8",
            "message": "5th edit for checkStyle",
            "insertions": 2,
            "deletions": 2
          },
          {
            "hash": "d978308fc9910de7fc1c90f5941b376d4ac2280f",
            "message": "6th edit for checkStyle",
            "insertions": 2,
            "deletions": 2
          },
          {
            "hash": "0a1b246bd47825f9763dd67b5d6ad5ed6bd0093b",
            "message": "Changed test in AddDoctorCommandParserTest file",
            "insertions": 23,
            "deletions": 7
          },
          {
            "hash": "ab76744fb7beda7112b4f0268779ea48f3e2964d",
            "message": "remove the test due to travis check failure",
            "insertions": 25,
            "deletions": 25
          },
          {
            "hash": "f5f47f11802c7955ab7adb54d3e32d4e2f8e7d43",
            "message": "Added Doctor and Specialisation classes",
            "insertions": 171,
            "deletions": 1
          },
          {
            "hash": "b4ded5d71c867815d861bdc89b6f9b9e0e44d3e4",
            "message": "Added Doctor and Specialisation classes",
            "insertions": 2,
            "deletions": 3
          },
          {
            "hash": "c6b8a0574a1ea971bfaee5917ec7cbe3635aa04b",
            "message": "Added Doctor and Specialisation classes",
            "insertions": 2,
            "deletions": 3
          },
          {
            "hash": "532848663fa9425b9c64a23b646b92c3241eb550",
            "message": "Added Doctor and Specialisation classes",
            "insertions": 2,
            "deletions": 3
          },
          {
            "hash": "a1d88da3c1b2e13df658174ff27f497f08e107be",
            "message": "Added Doctor and Specialisation classes",
            "insertions": 2,
            "deletions": 3
          },
          {
            "hash": "693435bb3f87ba88bd1cfe19308861f8d32ce162",
            "message": "Added Doctor and Specialisation classes",
            "insertions": 2,
            "deletions": 3
          },
          {
            "hash": "0709fa269f1d39f531f54bd0f0b7bb22f3352bf7",
            "message": "Added Doctor and Specialisation classes",
            "insertions": 2,
            "deletions": 3
          },
          {
            "hash": "88d22725f573c394f7365afae9e06f0820dd361d",
            "message": "Added Doctor and Specialisation classes",
            "insertions": 2,
            "deletions": 3
          },
          {
            "hash": "ca9ed00b3f4f8bf45e019570a1d9d8706f380182",
            "message": "Added Doctor and Specialisation classes",
            "insertions": 2,
            "deletions": 3
          },
          {
            "hash": "f74c077739d7ec6871576fd02a0ea0e571814a2b",
            "message": "Added Doctor and Specialisation classes",
            "insertions": 2,
            "deletions": 3
          },
          {
            "hash": "cb99cfa59a5cff98def0c0bbb8d7ae416c9e8644",
            "message": "Added Doctor and Specialisation classes",
            "insertions": 2,
            "deletions": 3
          }
        ]
      },
      {
        "insertions": 36,
        "deletions": 24,
        "date": "2019-03-06",
        "commitResults": [
          {
            "hash": "4b69c2571aa85bf89bc1ad37a8dbc45a3d90d9c3",
            "message": "Edited Doctor class file for checkStyle error",
            "insertions": 3,
            "deletions": 2
          },
          {
            "hash": "85e42d3e9f24a6b7083fea71423d077d489dcacb",
            "message": "Edited Doctor class file for checkStyle error",
            "insertions": 3,
            "deletions": 2
          },
          {
            "hash": "0f8354f49a200d50853ad9ac9ae425cfeb1442ec",
            "message": "Edited Doctor class file for checkStyle error",
            "insertions": 3,
            "deletions": 2
          },
          {
            "hash": "3653b6163c163873cd91f7f54c621140a79006d8",
            "message": "Edited Doctor class file for checkStyle error",
            "insertions": 3,
            "deletions": 2
          },
          {
            "hash": "29d4183048234301cbac63c018208d5799ef51f4",
            "message": "Edited Doctor class file for checkStyle error",
            "insertions": 3,
            "deletions": 2
          },
          {
            "hash": "efa770f6c4c38f9ecc273e47a0cdaaba80c3a205",
            "message": "Edited Doctor class file for checkStyle error",
            "insertions": 3,
            "deletions": 2
          },
          {
            "hash": "50008df8bb37824cdf91727c7d0055a597aec7f0",
            "message": "Edited Doctor class file for checkStyle error",
            "insertions": 3,
            "deletions": 2
          },
          {
            "hash": "df864397fd52417562ffdb6c83a063a69aa14862",
            "message": "Edited Doctor class file for checkStyle error",
            "insertions": 3,
            "deletions": 2
          },
          {
            "hash": "2b3e52910af6b6f866646d4a2c9852fd134a02bd",
            "message": "Edited Doctor class file for checkStyle error",
            "insertions": 3,
            "deletions": 2
          },
          {
            "hash": "5e2d65665c6a989bf6ef291a277b406b65b3277d",
            "message": "Edited Doctor class file for checkStyle error",
            "insertions": 3,
            "deletions": 2
          },
          {
            "hash": "c45a8fe38ca54946dfc1b1c83e5e795e335dc267",
            "message": "Edited Doctor class file for checkStyle error",
            "insertions": 3,
            "deletions": 2
          },
          {
            "hash": "37584e96eb4f3a9c835bc9e70acfe26839dbbc87",
            "message": "Edited Doctor class file for checkStyle error",
            "insertions": 3,
            "deletions": 2
          }
        ]
      },
      {
        "insertions": 0,
        "deletions": 0,
        "date": "2019-03-07",
        "commitResults": []
      },
      {
        "insertions": 0,
        "deletions": 0,
        "date": "2019-03-08",
        "commitResults": []
      },
      {
        "insertions": 0,
        "deletions": 0,
        "date": "2019-03-09",
        "commitResults": []
      },
      {
        "insertions": 0,
        "deletions": 0,
        "date": "2019-03-10",
        "commitResults": []
      },
      {
        "insertions": 0,
        "deletions": 0,
        "date": "2019-03-11",
        "commitResults": []
      },
      {
        "insertions": 123,
        "deletions": 54,
        "date": "2019-03-12",
        "commitResults": [
          {
            "hash": "9e92d532fe5a8d4885634093bb2805af501dc0f2",
            "message": "updated UG based on feedback from v1.1",
            "insertions": 21,
            "deletions": 21
          },
          {
            "hash": "0313d16c61e4de0ce70dfe25a61731a0eb60d75e",
            "message": "updated UG command summary",
            "insertions": 76,
            "deletions": 33
          },
          {
            "hash": "319d36e90b1184b7029bd816120475e5786f7509",
            "message": "added new test for Specialisations",
            "insertions": 26,
            "deletions": 0
          }
        ]
      },
      {
        "insertions": 86,
        "deletions": 8,
        "date": "2019-03-13",
        "commitResults": [
          {
            "hash": "7d2f76ff191f5d30a2a30a9437097dffc50e0cf1",
            "message": "edited Specialisation test file for checkstyle",
            "insertions": 2,
            "deletions": 1
          },
          {
            "hash": "17f3af90c3a7e32f974f418bac9cd69725987ef7",
            "message": "edited Specialisation test file for checkstyle",
            "insertions": 1,
            "deletions": 0
          },
          {
            "hash": "04a0348dddb52281efaef6abb7166db89dfe4e81",
            "message": "added more tests for classes",
            "insertions": 77,
            "deletions": 0
          },
          {
            "hash": "b9cadb4692a5f54738d95a0f02f30bd73dcb1285",
            "message": "solved Doctor file conflict",
            "insertions": 2,
            "deletions": 3
          },
          {
            "hash": "f33dd5f9bbe394a19e47f5fed7d39964f5f2ca80",
            "message": "solved conflicts",
            "insertions": 0,
            "deletions": 1
          },
          {
            "hash": "f0b5511deea2cd8e2eef3dba3244f09a2ba6948f",
            "message": "edited GenderTest file for checkstyle error",
            "insertions": 4,
            "deletions": 3
          }
        ]
      },
      {
        "insertions": 0,
        "deletions": 0,
        "date": "2019-03-14",
        "commitResults": []
      },
      {
        "insertions": 0,
        "deletions": 0,
        "date": "2019-03-15",
        "commitResults": []
      },
      {
        "insertions": 0,
        "deletions": 0,
        "date": "2019-03-16",
        "commitResults": []
      },
      {
        "insertions": 0,
        "deletions": 0,
        "date": "2019-03-17",
        "commitResults": []
      },
      {
        "insertions": 0,
        "deletions": 0,
        "date": "2019-03-18",
        "commitResults": []
      },
      {
        "insertions": 481,
        "deletions": 48,
        "date": "2019-03-19",
        "commitResults": [
          {
            "hash": "278a31108d0af721e54250d4c1fbbedcca45cafc",
            "message": "changed validation regrex for gender",
            "insertions": 4,
            "deletions": 4
          },
          {
            "hash": "da602c2b4bf621ed9684d893d9162492c4570f52",
            "message": "Added DoctorCard under ui",
            "insertions": 199,
            "deletions": 0
          },
          {
            "hash": "0ab79c567614368f3e9b2c0e7b10b95bca9b6cd5",
            "message": "edited DoctorCard file for checkStyle error",
            "insertions": 0,
            "deletions": 1
          },
          {
            "hash": "6a51fb8c213a886958454cb9c2d02ae60bb6ab15",
            "message": "edited DoctorCardHandle file for checkStyle error",
            "insertions": 7,
            "deletions": 6
          },
          {
            "hash": "07007a684d11b3fa237ee5eabf2bd4629ef5259a",
            "message": "added sample doctors in SampleDataUtil",
            "insertions": 30,
            "deletions": 2
          },
          {
            "hash": "42b823e9e230a3140a1c07cc421c1e30b87e8c6f",
            "message": "edited SampleDataUtil file for checkStyle error",
            "insertions": 12,
            "deletions": 12
          },
          {
            "hash": "13416a34f4de6a8baeb5b66dd0331bb23fe73b7e",
            "message": "updated UserGuide to include prescription",
            "insertions": 103,
            "deletions": 0
          },
          {
            "hash": "4c1df348451da8b284074d3121c4990f7957e9fc",
            "message": "updated UserGuide to include prescription",
            "insertions": 103,
            "deletions": 0
          },
          {
            "hash": "13eddd499980e9b5211123101452151a506bc63f",
            "message": "updated UserGuide to include prescription",
            "insertions": 21,
            "deletions": 21
          },
          {
            "hash": "1bf7d7e689cd4378c5e56303c78ce798a828a6c9",
            "message": "updated UG to include prescription",
            "insertions": 1,
            "deletions": 1
          },
          {
            "hash": "e3fff066850ead1b7452469bddc7aa7175e8979c",
            "message": "updated UG to include prescription",
            "insertions": 1,
            "deletions": 1
          }
        ]
      },
      {
        "insertions": 0,
        "deletions": 0,
        "date": "2019-03-20",
        "commitResults": []
      },
      {
        "insertions": 0,
        "deletions": 0,
        "date": "2019-03-21",
        "commitResults": []
      },
      {
        "insertions": 0,
        "deletions": 0,
        "date": "2019-03-22",
        "commitResults": []
      },
      {
        "insertions": 0,
        "deletions": 0,
        "date": "2019-03-23",
        "commitResults": []
      },
      {
        "insertions": 847,
        "deletions": 10,
        "date": "2019-03-24",
        "commitResults": [
          {
            "hash": "c2833d0ff9b3a354bb86f989300205f74a7a923b",
            "message": "Added JsonAdaptedDoctor and JsonAdaptedSpecialisation for Storage",
            "insertions": 157,
            "deletions": 0
          },
          {
            "hash": "f30f21fc5a35b360d584da9b8c35ec1eb7f8c01e",
            "message": "fixed files for checkStyle",
            "insertions": 12,
            "deletions": 10
          },
          {
            "hash": "b9a2ab5b1c159849df61dda8e13259e956cd2fe9",
            "message": "Added files for Doctors testing under storage",
            "insertions": 339,
            "deletions": 0
          },
          {
            "hash": "65910f4bf26b4068c2d9a63f039edbe875670e1c",
            "message": "Added files for Doctors testing under storage",
            "insertions": 339,
            "deletions": 0
          }
        ]
      },
      {
        "insertions": 1569,
        "deletions": 333,
        "date": "2019-03-25",
        "commitResults": [
          {
            "hash": "077a9d05b25ce3a5580f1b83eb8ef25b5d39adf7",
            "message": "fixed file for checkStyle error",
            "insertions": 8,
            "deletions": 8
          },
          {
            "hash": "2e7ea47a980a8fcf60229f611bde7c2b2c796a08",
            "message": "fixed files for checkstyle error",
            "insertions": 14,
            "deletions": 25
          },
          {
            "hash": "104ff2f36713f1aefc7e79829003e2f0b73cdbf0",
            "message": "created doctors under ui",
            "insertions": 225,
            "deletions": 0
          },
          {
            "hash": "a876324cad8ffe2ebc8d17023e89b928e0225a6b",
            "message": "created doctors under ui",
            "insertions": 225,
            "deletions": 0
          },
          {
            "hash": "9cf4c9b7c4dc27c5314f06c527309934fee586ad",
            "message": "created doctors under ui",
            "insertions": 225,
            "deletions": 0
          },
          {
            "hash": "c96ad4ba9b2a840e8695c610a483a7a8bd939a69",
            "message": "fixed files for checkstyle errors",
            "insertions": 8,
            "deletions": 8
          },
          {
            "hash": "a96d34027efa62a6db7771d1d8c66787c6e54930",
            "message": "fixed files for checkstyle errors",
            "insertions": 9,
            "deletions": 9
          },
          {
            "hash": "1365b2d5edfa046ce3353d02c1baf3b684b45bf7",
            "message": "fixed files for checkstyle errors",
            "insertions": 8,
            "deletions": 8
          },
          {
            "hash": "80ee04c4174a33b6c4ec52e9c8448d60ad53cbc2",
            "message": "fixed files for checkstyle errors",
            "insertions": 79,
            "deletions": 59
          },
          {
            "hash": "90cb20c1cf8e7b1e043ad56bc477efb3c0f8240e",
            "message": "fixed files for checkstyle errors",
            "insertions": 80,
            "deletions": 60
          },
          {
            "hash": "acfa0f162b4d95a6d27b7d1d08b28b4c2c662ccb",
            "message": "fixed files for checkstyle errors",
            "insertions": 79,
            "deletions": 59
          },
          {
            "hash": "ce3edc073e5ef9c34f179ce49b8cefccb4958645",
            "message": "fixed files for checkstyle errors",
            "insertions": 6,
            "deletions": 7
          },
          {
            "hash": "e996e9631c77f1e76adcaf567248b0e94ba0051b",
            "message": "fixed files for checkstyle errors",
            "insertions": 6,
            "deletions": 7
          },
          {
            "hash": "1c46e3a08ecfe9eef3103236dcba30531483ff4e",
            "message": "fixed files for checkstyle errors",
            "insertions": 6,
            "deletions": 7
          },
          {
            "hash": "a4ecadbbf916b3360542f04914ee040ec55a2d82",
            "message": "implementing addDoctor logic under Logic",
            "insertions": 156,
            "deletions": 9
          },
          {
            "hash": "41e55a9d8c3a9cf457578083d4e19b5755a072d5",
            "message": "implementing addDoctor logic under Logic",
            "insertions": 182,
            "deletions": 11
          },
          {
            "hash": "7aa28ca41e4da7cbbaaf55359a600f798caa3e1e",
            "message": "implementing addDoctor logic under Logic",
            "insertions": 183,
            "deletions": 11
          },
          {
            "hash": "affc6881f3efabbe3008165aa8d2bc756c85b0a0",
            "message": "implementing addDoctor logic under Logic",
            "insertions": 5,
            "deletions": 2
          },
          {
            "hash": "790f771638110ebe81abec098cbeb37902336185",
            "message": "fixed files for checkstyle errors",
            "insertions": 6,
            "deletions": 12
          },
          {
            "hash": "82353b6ba77f2f9fcc0e7cf10951862279e41614",
            "message": "fixed files for checkstyle errors",
            "insertions": 6,
            "deletions": 12
          },
          {
            "hash": "7552e53444445c4552a1e98b70f9fc19f1fe6f0c",
            "message": "fixed files for checkstyle errors",
            "insertions": 6,
            "deletions": 12
          },
          {
            "hash": "a3c6ce73ed5f45bbcc7a39b63ddd6760dca9d0a0",
            "message": "fixed file for checkstyle error",
            "insertions": 0,
            "deletions": 1
          },
          {
            "hash": "944590ad79d1bcf8b8b47ee2b094695b41c78372",
            "message": "fixed file for checkstyle error",
            "insertions": 0,
            "deletions": 1
          },
          {
            "hash": "e88a9ff109ab3b28a343c3f2ff6ed8a45aca13c6",
            "message": "fixed file for checkstyle error",
            "insertions": 0,
            "deletions": 1
          },
          {
            "hash": "4f11f36a65f0ef9fd2c41e365f9ed0ea38311085",
            "message": "fixed files for checkstyle errors",
            "insertions": 7,
            "deletions": 1
          },
          {
            "hash": "bfa56452e827084e3018a6c3925b4052de982b43",
            "message": "fixed files for checkstyle errors",
            "insertions": 7,
            "deletions": 1
          },
          {
            "hash": "44df51695a9d2f762e6a5153caadae1bf498eac5",
            "message": "fixed files for checkstyle errors",
            "insertions": 8,
            "deletions": 1
          },
          {
            "hash": "83409e62528f38d16d1abfdd51f8975e38976bc7",
            "message": "fixed files for checkstyle errors",
            "insertions": 1,
            "deletions": 1
          },
          {
            "hash": "80bddb161df3e0fc4b4811101dff3adab54a7ee3",
            "message": "fixed file for compileTest error",
            "insertions": 7,
            "deletions": 0
          },
          {
            "hash": "b894db362569e1b9bae8410bcf47f49254257582",
            "message": "fixed file for compileTest error",
            "insertions": 8,
            "deletions": 0
          },
          {
            "hash": "cc43c99f91bcdf4b59aa741ee16a2dbb97b630e8",
            "message": "fixed file for compileTest error",
            "insertions": 9,
            "deletions": 0
          }
        ]
      },
      {
        "insertions": 514,
        "deletions": 54,
        "date": "2019-03-26",
        "commitResults": [
          {
            "hash": "0703642575c2f2f1222934e57317ad5e676db24e",
            "message": "added commands in AddressBook file",
            "insertions": 34,
            "deletions": 1
          },
          {
            "hash": "e7e19e99555d4db4dcc6b370c52f94fc7f185839",
            "message": "added commands in AddressBook file",
            "insertions": 34,
            "deletions": 1
          },
          {
            "hash": "9f875adf26b93e23ec7fd904b14c568447f6ecbe",
            "message": "updated DG and fixed conflicts",
            "insertions": 42,
            "deletions": 8
          },
          {
            "hash": "1dce91f8d4f186de2173a7a04323c31bf7141d2f",
            "message": "fixed checkstyle errors",
            "insertions": 4,
            "deletions": 3
          },
          {
            "hash": "30efcce13eaf2b81cfbda93d9fca8b1ef785e8c7",
            "message": "fixed checkstyle errors",
            "insertions": 1,
            "deletions": 1
          },
          {
            "hash": "5129a91e07d5511d02346f8aaaa6a8a3471900e8",
            "message": "fixed test errors",
            "insertions": 0,
            "deletions": 6
          },
          {
            "hash": "d2cc8ed6acd6505d7da68bd91fe22effc1cace19",
            "message": "teaching ui to accept add-doctor command",
            "insertions": 372,
            "deletions": 6
          },
          {
            "hash": "0641f9076ac2c55fb02cf517ae5476d1810f37a2",
            "message": "fixed checkstyle error",
            "insertions": 1,
            "deletions": 1
          },
          {
            "hash": "48b55a2e2dfb700489fae7cf0ab5af8e1828eecd",
            "message": "fixed files for checkstyle errors",
            "insertions": 22,
            "deletions": 24
          },
          {
            "hash": "0f8ed9d62c05276ac8b6e51f32574c5d8801b609",
            "message": "fixed file for checkstyle errors",
            "insertions": 1,
            "deletions": 1
          },
          {
            "hash": "83df743862ac8f6ec5374bdd3ae02b3b427c256f",
            "message": "finishing add-doctor cmd",
            "insertions": 3,
            "deletions": 2
          }
        ]
      },
      {
        "insertions": 0,
        "deletions": 0,
        "date": "2019-03-27",
        "commitResults": []
      },
      {
        "insertions": 0,
        "deletions": 0,
        "date": "2019-03-28",
        "commitResults": []
      },
      {
        "insertions": 0,
        "deletions": 0,
        "date": "2019-03-29",
        "commitResults": []
      },
      {
        "insertions": 0,
        "deletions": 0,
        "date": "2019-03-30",
        "commitResults": []
      },
      {
        "insertions": 0,
        "deletions": 0,
        "date": "2019-03-31",
        "commitResults": []
      }
    ],
    "wayneswq": [
      {
        "insertions": 0,
        "deletions": 0,
        "date": "2019-02-10",
        "commitResults": []
      },
      {
        "insertions": 0,
        "deletions": 0,
        "date": "2019-02-11",
        "commitResults": []
      },
      {
        "insertions": 0,
        "deletions": 0,
        "date": "2019-02-12",
        "commitResults": []
      },
      {
        "insertions": 0,
        "deletions": 0,
        "date": "2019-02-13",
        "commitResults": []
      },
      {
        "insertions": 0,
        "deletions": 0,
        "date": "2019-02-14",
        "commitResults": []
      },
      {
        "insertions": 0,
        "deletions": 0,
        "date": "2019-02-15",
        "commitResults": []
      },
      {
        "insertions": 0,
        "deletions": 0,
        "date": "2019-02-16",
        "commitResults": []
      },
      {
        "insertions": 0,
        "deletions": 0,
        "date": "2019-02-17",
        "commitResults": []
      },
      {
        "insertions": 0,
        "deletions": 0,
        "date": "2019-02-18",
        "commitResults": []
      },
      {
        "insertions": 0,
        "deletions": 0,
        "date": "2019-02-19",
        "commitResults": []
      },
      {
        "insertions": 0,
        "deletions": 0,
        "date": "2019-02-20",
        "commitResults": []
      },
      {
        "insertions": 0,
        "deletions": 0,
        "date": "2019-02-21",
        "commitResults": []
      },
      {
        "insertions": 0,
        "deletions": 0,
        "date": "2019-02-22",
        "commitResults": []
      },
      {
        "insertions": 0,
        "deletions": 0,
        "date": "2019-02-23",
        "commitResults": []
      },
      {
        "insertions": 0,
        "deletions": 0,
        "date": "2019-02-24",
        "commitResults": []
      },
      {
        "insertions": 0,
        "deletions": 0,
        "date": "2019-02-25",
        "commitResults": []
      },
      {
        "insertions": 0,
        "deletions": 0,
        "date": "2019-02-26",
        "commitResults": []
      },
      {
        "insertions": 0,
        "deletions": 0,
        "date": "2019-02-27",
        "commitResults": []
      },
      {
        "insertions": 0,
        "deletions": 0,
        "date": "2019-02-28",
        "commitResults": []
      },
      {
        "insertions": 0,
        "deletions": 0,
        "date": "2019-03-01",
        "commitResults": []
      },
      {
        "insertions": 0,
        "deletions": 0,
        "date": "2019-03-02",
        "commitResults": []
      },
      {
        "insertions": 0,
        "deletions": 0,
        "date": "2019-03-03",
        "commitResults": []
      },
      {
        "insertions": 0,
        "deletions": 0,
        "date": "2019-03-04",
        "commitResults": []
      },
      {
        "insertions": 0,
        "deletions": 0,
        "date": "2019-03-05",
        "commitResults": []
      },
      {
        "insertions": 0,
        "deletions": 0,
        "date": "2019-03-06",
        "commitResults": []
      },
      {
        "insertions": 0,
        "deletions": 0,
        "date": "2019-03-07",
        "commitResults": []
      },
      {
        "insertions": 0,
        "deletions": 0,
        "date": "2019-03-08",
        "commitResults": []
      },
      {
        "insertions": 0,
        "deletions": 0,
        "date": "2019-03-09",
        "commitResults": []
      },
      {
        "insertions": 0,
        "deletions": 0,
        "date": "2019-03-10",
        "commitResults": []
      },
      {
        "insertions": 0,
        "deletions": 0,
        "date": "2019-03-11",
        "commitResults": []
      },
      {
        "insertions": 0,
        "deletions": 0,
        "date": "2019-03-12",
        "commitResults": []
      },
      {
        "insertions": 0,
        "deletions": 0,
        "date": "2019-03-13",
        "commitResults": []
      },
      {
        "insertions": 0,
        "deletions": 0,
        "date": "2019-03-14",
        "commitResults": []
      },
      {
        "insertions": 0,
        "deletions": 0,
        "date": "2019-03-15",
        "commitResults": []
      },
      {
        "insertions": 0,
        "deletions": 0,
        "date": "2019-03-16",
        "commitResults": []
      },
      {
        "insertions": 0,
        "deletions": 0,
        "date": "2019-03-17",
        "commitResults": []
      },
      {
        "insertions": 0,
        "deletions": 0,
        "date": "2019-03-18",
        "commitResults": []
      },
      {
        "insertions": 0,
        "deletions": 0,
        "date": "2019-03-19",
        "commitResults": []
      },
      {
        "insertions": 0,
        "deletions": 0,
        "date": "2019-03-20",
        "commitResults": []
      },
      {
        "insertions": 0,
        "deletions": 0,
        "date": "2019-03-21",
        "commitResults": []
      },
      {
        "insertions": 0,
        "deletions": 0,
        "date": "2019-03-22",
        "commitResults": []
      },
      {
        "insertions": 0,
        "deletions": 0,
        "date": "2019-03-23",
        "commitResults": []
      },
      {
        "insertions": 0,
        "deletions": 0,
        "date": "2019-03-24",
        "commitResults": []
      },
      {
        "insertions": 0,
        "deletions": 0,
        "date": "2019-03-25",
        "commitResults": []
      },
      {
        "insertions": 0,
        "deletions": 0,
        "date": "2019-03-26",
        "commitResults": []
      },
      {
        "insertions": 0,
        "deletions": 0,
        "date": "2019-03-27",
        "commitResults": []
      },
      {
        "insertions": 0,
        "deletions": 0,
        "date": "2019-03-28",
        "commitResults": []
      },
      {
        "insertions": 0,
        "deletions": 0,
        "date": "2019-03-29",
        "commitResults": []
      },
      {
        "insertions": 0,
        "deletions": 0,
        "date": "2019-03-30",
        "commitResults": []
      },
      {
        "insertions": 0,
        "deletions": 0,
        "date": "2019-03-31",
        "commitResults": []
      }
    ],
    "amuletxheart": [
      {
        "insertions": 0,
        "deletions": 0,
        "date": "2019-02-10",
        "commitResults": []
      },
      {
        "insertions": 0,
        "deletions": 0,
        "date": "2019-02-11",
        "commitResults": []
      },
      {
        "insertions": 0,
        "deletions": 0,
        "date": "2019-02-12",
        "commitResults": []
      },
      {
        "insertions": 0,
        "deletions": 0,
        "date": "2019-02-13",
        "commitResults": []
      },
      {
        "insertions": 0,
        "deletions": 0,
        "date": "2019-02-14",
        "commitResults": []
      },
      {
        "insertions": 0,
        "deletions": 0,
        "date": "2019-02-15",
        "commitResults": []
      },
      {
        "insertions": 0,
        "deletions": 0,
        "date": "2019-02-16",
        "commitResults": []
      },
      {
        "insertions": 0,
        "deletions": 0,
        "date": "2019-02-17",
        "commitResults": []
      },
      {
        "insertions": 0,
        "deletions": 0,
        "date": "2019-02-18",
        "commitResults": []
      },
      {
        "insertions": 23,
        "deletions": 25,
        "date": "2019-02-19",
        "commitResults": [
          {
            "hash": "e923004cd56b8147e03a8016ed6210bf15ef7262",
            "message": "Updated names and github profiles of team members",
            "insertions": 16,
            "deletions": 18
          },
          {
            "hash": "0c5ec94924401e1ae34fb21ebf6e44c14657c0da",
            "message": "updated profile photos to use the correct images",
            "insertions": 5,
            "deletions": 5
          },
          {
            "hash": "e8156387d71fd80202ebb06c9288df48083bf600",
            "message": "Updated with project issue tracker",
            "insertions": 2,
            "deletions": 2
          }
        ]
      },
      {
        "insertions": 0,
        "deletions": 0,
        "date": "2019-02-20",
        "commitResults": []
      },
      {
        "insertions": 0,
        "deletions": 0,
        "date": "2019-02-21",
        "commitResults": []
      },
      {
        "insertions": 0,
        "deletions": 0,
        "date": "2019-02-22",
        "commitResults": []
      },
      {
        "insertions": 0,
        "deletions": 0,
        "date": "2019-02-23",
        "commitResults": []
      },
      {
        "insertions": 5,
        "deletions": 11,
        "date": "2019-02-24",
        "commitResults": [
          {
            "hash": "8b45ef58079f216132c5950258b1a1d134ba805a",
            "message": "removed workflow test files",
            "insertions": 0,
            "deletions": 4
          },
          {
            "hash": "4eefa901892a03509a851f4de401b715468a5dcf",
            "message": "done README.adoc",
            "insertions": 5,
            "deletions": 7
          }
        ]
      },
      {
        "insertions": 0,
        "deletions": 0,
        "date": "2019-02-25",
        "commitResults": []
      },
      {
        "insertions": 5,
        "deletions": 4,
        "date": "2019-02-26",
        "commitResults": [
          {
            "hash": "2249c42a4198e7e52dfdbcc00e7b6fd0a8157567",
            "message": "added javafx plugin to build.gradle to resolve intellij issues on macos",
            "insertions": 5,
            "deletions": 0
          },
          {
            "hash": "8ba13b3c2fcb922baf21ad80d9440a177e79a63f",
            "message": "fixed all javafx related issues",
            "insertions": 0,
            "deletions": 4
          }
        ]
      },
      {
        "insertions": 0,
        "deletions": 0,
        "date": "2019-02-27",
        "commitResults": []
      },
      {
        "insertions": 0,
        "deletions": 0,
        "date": "2019-02-28",
        "commitResults": []
      },
      {
        "insertions": 0,
        "deletions": 0,
        "date": "2019-03-01",
        "commitResults": []
      },
      {
        "insertions": 0,
        "deletions": 0,
        "date": "2019-03-02",
        "commitResults": []
      },
      {
        "insertions": 5,
        "deletions": 8,
        "date": "2019-03-03",
        "commitResults": [
          {
            "hash": "59931162da87bdef0d9d501e157d61e813891f9f",
            "message": "Updated AboutUs.adoc with new photo filenames",
            "insertions": 2,
            "deletions": 2
          },
          {
            "hash": "d6a855886a05932fae9ea4342e21b011f1b95cf2",
            "message": "Updated AboutUs.adoc roles",
            "insertions": 3,
            "deletions": 6
          }
        ]
      },
      {
        "insertions": 0,
        "deletions": 0,
        "date": "2019-03-04",
        "commitResults": []
      },
      {
        "insertions": 638,
        "deletions": 65,
        "date": "2019-03-05",
        "commitResults": [
          {
            "hash": "9cf94a557d02b660b3c17a7a9d85fa41cf6fc3b9",
            "message": "Update DeveloperGuide.adoc",
            "insertions": 514,
            "deletions": 20
          },
          {
            "hash": "43d86d41cc41c9584f92b12898059dca69f6b3ee",
            "message": "Update DeveloperGuide.adoc",
            "insertions": 9,
            "deletions": 9
          },
          {
            "hash": "df725abce107862a72e8322ed3c9b7a1f14adb27",
            "message": "Completed step 1 of global change",
            "insertions": 81,
            "deletions": 17
          },
          {
            "hash": "af5c28277f7b9ede48294d0a8ecb6d44b138a5cf",
            "message": "fixed checkstyle",
            "insertions": 34,
            "deletions": 19
          }
        ]
      },
      {
        "insertions": 0,
        "deletions": 0,
        "date": "2019-03-06",
        "commitResults": []
      },
      {
        "insertions": 0,
        "deletions": 0,
        "date": "2019-03-07",
        "commitResults": []
      },
      {
        "insertions": 0,
        "deletions": 0,
        "date": "2019-03-08",
        "commitResults": []
      },
      {
        "insertions": 0,
        "deletions": 0,
        "date": "2019-03-09",
        "commitResults": []
      },
      {
        "insertions": 0,
        "deletions": 0,
        "date": "2019-03-10",
        "commitResults": []
      },
      {
        "insertions": 0,
        "deletions": 0,
        "date": "2019-03-11",
        "commitResults": []
      },
      {
        "insertions": 254,
        "deletions": 22,
        "date": "2019-03-12",
        "commitResults": [
          {
            "hash": "a3f5f50b7813525c7b5eebe1b1a5fe8f44e594cd",
            "message": "Completed step 2 of global change",
            "insertions": 106,
            "deletions": 6
          },
          {
            "hash": "02826d0c377b76b411ca44c67899de6fed2b625e",
            "message": "Completed step 4 of global change",
            "insertions": 127,
            "deletions": 14
          },
          {
            "hash": "3d123bd19edb60a29f0829d8cb9ff432f96f59fd",
            "message": "Increased code coverage",
            "insertions": 15,
            "deletions": 0
          },
          {
            "hash": "91aa1b0a1bad3ca2df305c1fefb38ccd4b87e6c9",
            "message": "Fixed checkstyle",
            "insertions": 6,
            "deletions": 2
          }
        ]
      },
      {
        "insertions": 0,
        "deletions": 0,
        "date": "2019-03-13",
        "commitResults": []
      },
      {
        "insertions": 0,
        "deletions": 0,
        "date": "2019-03-14",
        "commitResults": []
      },
      {
        "insertions": 0,
        "deletions": 0,
        "date": "2019-03-15",
        "commitResults": []
      },
      {
        "insertions": 0,
        "deletions": 0,
        "date": "2019-03-16",
        "commitResults": []
      },
      {
        "insertions": 0,
        "deletions": 0,
        "date": "2019-03-17",
        "commitResults": []
      },
      {
        "insertions": 0,
        "deletions": 0,
        "date": "2019-03-18",
        "commitResults": []
      },
      {
        "insertions": 176,
        "deletions": 36,
        "date": "2019-03-19",
        "commitResults": [
          {
            "hash": "2f6c4b4093387e52706cc8771a793961344aa9b2",
            "message": "Completed step 7 of global change",
            "insertions": 124,
            "deletions": 3
          },
          {
            "hash": "a0659348df26c3eb5bef5fac9e43a1ead35d77cb",
            "message": "reverted JsonAdaptedPerson to previous commit",
            "insertions": 2,
            "deletions": 32
          },
          {
            "hash": "fe1cfe056163caf1e4feaf738826fcb1b847c09f",
            "message": "Fixed README.adoc",
            "insertions": 1,
            "deletions": 0
          },
          {
            "hash": "6f19a6620da1b9fe72790fe0d987542c11ad66b3",
            "message": "Updated DeveloperGuide.adoc",
            "insertions": 46,
            "deletions": 0
          },
          {
            "hash": "ebd5f07f3320970f437e8dafce7542c450f8eb56",
            "message": "Fixed DeveloperGuide.adoc formatting",
            "insertions": 2,
            "deletions": 0
          },
          {
            "hash": "4b4e96b590c64be12015a5e965eb011687367cb9",
            "message": "Fixed trailing whitespace",
            "insertions": 1,
            "deletions": 1
          }
        ]
      },
      {
        "insertions": 2,
        "deletions": 2,
        "date": "2019-03-20",
        "commitResults": [
          {
            "hash": "29219f88c743adb8f0c45bcba43aecf8fdf7e853",
            "message": "Fixed DeveloperGuide.adoc syntax errors",
            "insertions": 2,
            "deletions": 2
          }
        ]
      },
      {
        "insertions": 0,
        "deletions": 0,
        "date": "2019-03-21",
        "commitResults": []
      },
      {
        "insertions": 0,
        "deletions": 0,
        "date": "2019-03-22",
        "commitResults": []
      },
      {
        "insertions": 0,
        "deletions": 0,
        "date": "2019-03-23",
        "commitResults": []
      },
      {
        "insertions": 0,
        "deletions": 0,
        "date": "2019-03-24",
        "commitResults": []
      },
      {
        "insertions": 0,
        "deletions": 0,
        "date": "2019-03-25",
        "commitResults": []
      },
      {
        "insertions": 0,
        "deletions": 0,
        "date": "2019-03-26",
        "commitResults": []
      },
      {
        "insertions": 0,
        "deletions": 0,
        "date": "2019-03-27",
        "commitResults": []
      },
      {
        "insertions": 0,
        "deletions": 0,
        "date": "2019-03-28",
        "commitResults": []
      },
      {
        "insertions": 0,
        "deletions": 0,
        "date": "2019-03-29",
        "commitResults": []
      },
      {
        "insertions": 0,
        "deletions": 0,
        "date": "2019-03-30",
        "commitResults": []
      },
      {
        "insertions": 478,
        "deletions": 141,
        "date": "2019-03-31",
        "commitResults": [
          {
            "hash": "46e901fadd49a66c540e57cef868b55bdc658f62",
            "message": "add-appt in progress",
            "insertions": 148,
            "deletions": 49
          },
          {
            "hash": "5201841006ad5d44095937bb162d34e9c949c503",
            "message": "add-appt command storage working",
            "insertions": 265,
            "deletions": 49
          },
          {
            "hash": "97d14b9c4b17e7c18430a8691ef8d6310e331702",
            "message": "updated test cases",
            "insertions": 65,
            "deletions": 43
          }
        ]
      }
    ],
    "GongChangda": [
      {
        "insertions": 0,
        "deletions": 0,
        "date": "2019-02-10",
        "commitResults": []
      },
      {
        "insertions": 0,
        "deletions": 0,
        "date": "2019-02-11",
        "commitResults": []
      },
      {
        "insertions": 0,
        "deletions": 0,
        "date": "2019-02-12",
        "commitResults": []
      },
      {
        "insertions": 0,
        "deletions": 0,
        "date": "2019-02-13",
        "commitResults": []
      },
      {
        "insertions": 0,
        "deletions": 0,
        "date": "2019-02-14",
        "commitResults": []
      },
      {
        "insertions": 0,
        "deletions": 0,
        "date": "2019-02-15",
        "commitResults": []
      },
      {
        "insertions": 0,
        "deletions": 0,
        "date": "2019-02-16",
        "commitResults": []
      },
      {
        "insertions": 0,
        "deletions": 0,
        "date": "2019-02-17",
        "commitResults": []
      },
      {
        "insertions": 0,
        "deletions": 0,
        "date": "2019-02-18",
        "commitResults": []
      },
      {
        "insertions": 0,
        "deletions": 0,
        "date": "2019-02-19",
        "commitResults": []
      },
      {
        "insertions": 0,
        "deletions": 0,
        "date": "2019-02-20",
        "commitResults": []
      },
      {
        "insertions": 0,
        "deletions": 0,
        "date": "2019-02-21",
        "commitResults": []
      },
      {
        "insertions": 0,
        "deletions": 0,
        "date": "2019-02-22",
        "commitResults": []
      },
      {
        "insertions": 0,
        "deletions": 0,
        "date": "2019-02-23",
        "commitResults": []
      },
      {
        "insertions": 0,
        "deletions": 0,
        "date": "2019-02-24",
        "commitResults": []
      },
      {
        "insertions": 0,
        "deletions": 0,
        "date": "2019-02-25",
        "commitResults": []
      },
      {
        "insertions": 0,
        "deletions": 0,
        "date": "2019-02-26",
        "commitResults": []
      },
      {
        "insertions": 0,
        "deletions": 0,
        "date": "2019-02-27",
        "commitResults": []
      },
      {
        "insertions": 0,
        "deletions": 0,
        "date": "2019-02-28",
        "commitResults": []
      },
      {
        "insertions": 0,
        "deletions": 0,
        "date": "2019-03-01",
        "commitResults": []
      },
      {
        "insertions": 0,
        "deletions": 0,
        "date": "2019-03-02",
        "commitResults": []
      },
      {
        "insertions": 0,
        "deletions": 0,
        "date": "2019-03-03",
        "commitResults": []
      },
      {
        "insertions": 0,
        "deletions": 0,
        "date": "2019-03-04",
        "commitResults": []
      },
      {
        "insertions": 0,
        "deletions": 0,
        "date": "2019-03-05",
        "commitResults": []
      },
      {
        "insertions": 0,
        "deletions": 0,
        "date": "2019-03-06",
        "commitResults": []
      },
      {
        "insertions": 0,
        "deletions": 0,
        "date": "2019-03-07",
        "commitResults": []
      },
      {
        "insertions": 0,
        "deletions": 0,
        "date": "2019-03-08",
        "commitResults": []
      },
      {
        "insertions": 0,
        "deletions": 0,
        "date": "2019-03-09",
        "commitResults": []
      },
      {
        "insertions": 0,
        "deletions": 0,
        "date": "2019-03-10",
        "commitResults": []
      },
      {
        "insertions": 0,
        "deletions": 0,
        "date": "2019-03-11",
        "commitResults": []
      },
      {
        "insertions": 0,
        "deletions": 0,
        "date": "2019-03-12",
        "commitResults": []
      },
      {
        "insertions": 0,
        "deletions": 0,
        "date": "2019-03-13",
        "commitResults": []
      },
      {
        "insertions": 0,
        "deletions": 0,
        "date": "2019-03-14",
        "commitResults": []
      },
      {
        "insertions": 0,
        "deletions": 0,
        "date": "2019-03-15",
        "commitResults": []
      },
      {
        "insertions": 0,
        "deletions": 0,
        "date": "2019-03-16",
        "commitResults": []
      },
      {
        "insertions": 0,
        "deletions": 0,
        "date": "2019-03-17",
        "commitResults": []
      },
      {
        "insertions": 0,
        "deletions": 0,
        "date": "2019-03-18",
        "commitResults": []
      },
      {
        "insertions": 0,
        "deletions": 0,
        "date": "2019-03-19",
        "commitResults": []
      },
      {
        "insertions": 0,
        "deletions": 0,
        "date": "2019-03-20",
        "commitResults": []
      },
      {
        "insertions": 0,
        "deletions": 0,
        "date": "2019-03-21",
        "commitResults": []
      },
      {
        "insertions": 0,
        "deletions": 0,
        "date": "2019-03-22",
        "commitResults": []
      },
      {
        "insertions": 0,
        "deletions": 0,
        "date": "2019-03-23",
        "commitResults": []
      },
      {
        "insertions": 0,
        "deletions": 0,
        "date": "2019-03-24",
        "commitResults": []
      },
      {
        "insertions": 0,
        "deletions": 0,
        "date": "2019-03-25",
        "commitResults": []
      },
      {
        "insertions": 0,
        "deletions": 0,
        "date": "2019-03-26",
        "commitResults": []
      },
      {
        "insertions": 0,
        "deletions": 0,
        "date": "2019-03-27",
        "commitResults": []
      },
      {
        "insertions": 0,
        "deletions": 0,
        "date": "2019-03-28",
        "commitResults": []
      },
      {
        "insertions": 0,
        "deletions": 0,
        "date": "2019-03-29",
        "commitResults": []
      },
      {
        "insertions": 0,
        "deletions": 0,
        "date": "2019-03-30",
        "commitResults": []
      },
      {
        "insertions": 0,
        "deletions": 0,
        "date": "2019-03-31",
        "commitResults": []
      }
    ],
    "Liuyy99": [
      {
        "insertions": 0,
        "deletions": 0,
        "date": "2019-02-10",
        "commitResults": []
      },
      {
        "insertions": 0,
        "deletions": 0,
        "date": "2019-02-11",
        "commitResults": []
      },
      {
        "insertions": 0,
        "deletions": 0,
        "date": "2019-02-12",
        "commitResults": []
      },
      {
        "insertions": 0,
        "deletions": 0,
        "date": "2019-02-13",
        "commitResults": []
      },
      {
        "insertions": 0,
        "deletions": 0,
        "date": "2019-02-14",
        "commitResults": []
      },
      {
        "insertions": 0,
        "deletions": 0,
        "date": "2019-02-15",
        "commitResults": []
      },
      {
        "insertions": 0,
        "deletions": 0,
        "date": "2019-02-16",
        "commitResults": []
      },
      {
        "insertions": 0,
        "deletions": 0,
        "date": "2019-02-17",
        "commitResults": []
      },
      {
        "insertions": 0,
        "deletions": 0,
        "date": "2019-02-18",
        "commitResults": []
      },
      {
        "insertions": 0,
        "deletions": 0,
        "date": "2019-02-19",
        "commitResults": []
      },
      {
        "insertions": 0,
        "deletions": 0,
        "date": "2019-02-20",
        "commitResults": []
      },
      {
        "insertions": 0,
        "deletions": 0,
        "date": "2019-02-21",
        "commitResults": []
      },
      {
        "insertions": 0,
        "deletions": 0,
        "date": "2019-02-22",
        "commitResults": []
      },
      {
        "insertions": 0,
        "deletions": 0,
        "date": "2019-02-23",
        "commitResults": []
      },
      {
        "insertions": 1,
        "deletions": 0,
        "date": "2019-02-24",
        "commitResults": [
          {
            "hash": "4adbdabe96356348a804bdf995f82f7146ded349",
            "message": "test Pull Request",
            "insertions": 1,
            "deletions": 0
          }
        ]
      },
      {
        "insertions": 0,
        "deletions": 0,
        "date": "2019-02-25",
        "commitResults": []
      },
      {
        "insertions": 0,
        "deletions": 0,
        "date": "2019-02-26",
        "commitResults": []
      },
      {
        "insertions": 0,
        "deletions": 0,
        "date": "2019-02-27",
        "commitResults": []
      },
      {
        "insertions": 0,
        "deletions": 0,
        "date": "2019-02-28",
        "commitResults": []
      },
      {
        "insertions": 0,
        "deletions": 0,
        "date": "2019-03-01",
        "commitResults": []
      },
      {
        "insertions": 0,
        "deletions": 0,
        "date": "2019-03-02",
        "commitResults": []
      },
      {
        "insertions": 0,
        "deletions": 0,
        "date": "2019-03-03",
        "commitResults": []
      },
      {
        "insertions": 0,
        "deletions": 0,
        "date": "2019-03-04",
        "commitResults": []
      },
      {
        "insertions": 313,
        "deletions": 74,
        "date": "2019-03-05",
        "commitResults": [
          {
            "hash": "b88a7cbc6227ad29fcd139740dd15bfe97785e71",
            "message": "add WriteUp and MedicalHistory classes",
            "insertions": 92,
            "deletions": 0
          },
          {
            "hash": "fb40808591c07c37b5838c2f4f136501f92a06f6",
            "message": "add and parse AddMedHist Command",
            "insertions": 164,
            "deletions": 26
          },
          {
            "hash": "ea47f4d40cf20cdb8f273996246ffdfed55d64f1",
            "message": "Change coding style",
            "insertions": 52,
            "deletions": 43
          },
          {
            "hash": "4bfd167b57ab2545ec759cc473607888e5dcbc20",
            "message": "Change coding style",
            "insertions": 5,
            "deletions": 5
          }
        ]
      },
      {
        "insertions": 0,
        "deletions": 0,
        "date": "2019-03-06",
        "commitResults": []
      },
      {
        "insertions": 0,
        "deletions": 0,
        "date": "2019-03-07",
        "commitResults": []
      },
      {
        "insertions": 0,
        "deletions": 0,
        "date": "2019-03-08",
        "commitResults": []
      },
      {
        "insertions": 0,
        "deletions": 0,
        "date": "2019-03-09",
        "commitResults": []
      },
      {
        "insertions": 0,
        "deletions": 0,
        "date": "2019-03-10",
        "commitResults": []
      },
      {
        "insertions": 0,
        "deletions": 0,
        "date": "2019-03-11",
        "commitResults": []
      },
      {
        "insertions": 12,
        "deletions": 4,
        "date": "2019-03-12",
        "commitResults": [
          {
            "hash": "8194a72b07ee7a09d80640dcd19f89896a68376b",
            "message": "Slight changes to README.adoc",
            "insertions": 5,
            "deletions": 1
          },
          {
            "hash": "6b2304f8e6aff2f5fb19d05bc6b1c39723fc0512",
            "message": "Add test doing nothing",
            "insertions": 2,
            "deletions": 0
          },
          {
            "hash": "08d10dc46fe4528113adf878232e33001e618fa5",
            "message": "Update README.adoc",
            "insertions": 5,
            "deletions": 3
          }
        ]
      },
      {
        "insertions": 0,
        "deletions": 0,
        "date": "2019-03-13",
        "commitResults": []
      },
      {
        "insertions": 0,
        "deletions": 0,
        "date": "2019-03-14",
        "commitResults": []
      },
      {
        "insertions": 0,
        "deletions": 0,
        "date": "2019-03-15",
        "commitResults": []
      },
      {
        "insertions": 0,
        "deletions": 0,
        "date": "2019-03-16",
        "commitResults": []
      },
      {
        "insertions": 0,
        "deletions": 0,
        "date": "2019-03-17",
        "commitResults": []
      },
      {
        "insertions": 0,
        "deletions": 0,
        "date": "2019-03-18",
        "commitResults": []
      },
      {
        "insertions": 313,
        "deletions": 60,
        "date": "2019-03-19",
        "commitResults": [
          {
            "hash": "b3301d104f2cf1f8550005ecf1b3b9e47d059092",
            "message": "Add tests",
            "insertions": 126,
            "deletions": 0
          },
          {
            "hash": "ecc86d4f22f8495e091352ea6f60e034e0a4f083",
            "message": "Step 5 of adding new command",
            "insertions": 50,
            "deletions": 18
          },
          {
            "hash": "7d122f0adaf64db4c1d393e9540ce134eb74d705",
            "message": "Checkstyle",
            "insertions": 1,
            "deletions": 1
          },
          {
            "hash": "89dd7a80fefd7b8eda3bba224cfab61b7833c907",
            "message": "CheckStyle2",
            "insertions": 12,
            "deletions": 20
          },
          {
            "hash": "64a8487c32d482a6c4066d7f0a404bbf03f2392d",
            "message": "add doctor field in Medical History",
            "insertions": 35,
            "deletions": 10
          },
          {
            "hash": "0bfa46047fe9575ad44a536a4c2ebeddc740d3af",
            "message": "Describe implementation details in Developer Guide",
            "insertions": 39,
            "deletions": 0
          },
          {
            "hash": "fa8278a323a9ab67ed5e2cf2b1a6c88cf750d8ee",
            "message": "Describe implementation details in Developer Guide",
            "insertions": 10,
            "deletions": 7
          },
          {
            "hash": "222d906ab514444fb203b06e0929a1e3c1b73acb",
            "message": "Changes to Model",
            "insertions": 38,
            "deletions": 2
          },
          {
            "hash": "223e795a46aa84d908430870e873ecdc62661d3e",
            "message": "Checkstyle",
            "insertions": 1,
            "deletions": 1
          },
          {
            "hash": "f768e81a2cf58a3f9a9b2f65d12232c67193fb99",
            "message": "Checkstyle",
            "insertions": 1,
            "deletions": 1
          }
        ]
      },
      {
        "insertions": 0,
        "deletions": 0,
        "date": "2019-03-20",
        "commitResults": []
      },
      {
        "insertions": 0,
        "deletions": 0,
        "date": "2019-03-21",
        "commitResults": []
      },
      {
        "insertions": 0,
        "deletions": 0,
        "date": "2019-03-22",
        "commitResults": []
      },
      {
        "insertions": 0,
        "deletions": 0,
        "date": "2019-03-23",
        "commitResults": []
      },
      {
        "insertions": 608,
        "deletions": 28,
        "date": "2019-03-24",
        "commitResults": [
          {
            "hash": "41cdce040180e16c3962296e5429402134a430a4",
            "message": "storage of medical history",
            "insertions": 300,
            "deletions": 12
          },
          {
            "hash": "fee95554a15747dcb6c6f63a1e4dfbd3ba9c87cd",
            "message": "storage of medical history",
            "insertions": 300,
            "deletions": 12
          },
          {
            "hash": "2b2231051b68fffbe8dc2486fe3e399357ff87ad",
            "message": "modified storage",
            "insertions": 4,
            "deletions": 2
          },
          {
            "hash": "372783cb4244cb9dd4b9d0208dd90b8aff518937",
            "message": "modified storage",
            "insertions": 4,
            "deletions": 2
          }
        ]
      },
      {
        "insertions": 46,
        "deletions": 84,
        "date": "2019-03-25",
        "commitResults": [
          {
            "hash": "155697d3104da5c6a6fe8f9ac6feda01a1eb2458",
            "message": "change to avoid conflict",
            "insertions": 1,
            "deletions": 65
          },
          {
            "hash": "7bb6c371e920254fdae0cc76672cfe7d92a0691a",
            "message": "checkstyle",
            "insertions": 1,
            "deletions": 1
          },
          {
            "hash": "72b0cb7d71b97c808f13ad5da7d694297bb7b57f",
            "message": "checkstyle",
            "insertions": 19,
            "deletions": 8
          },
          {
            "hash": "cc7af3d15c16ae64db3f76fd6f9d7f58f6024663",
            "message": "fix bug in test",
            "insertions": 7,
            "deletions": 0
          },
          {
            "hash": "8ed6b09bfe24d6825780e6f2df71637fa082729b",
            "message": "comment some test",
            "insertions": 8,
            "deletions": 0
          },
          {
            "hash": "a89e932cdc4fcd475fbf076e258ed0fe9cca8829",
            "message": "checkstyle",
            "insertions": 10,
            "deletions": 10
          }
        ]
      },
      {
        "insertions": 0,
        "deletions": 0,
        "date": "2019-03-26",
        "commitResults": []
      },
      {
        "insertions": 0,
        "deletions": 0,
        "date": "2019-03-27",
        "commitResults": []
      },
      {
        "insertions": 0,
        "deletions": 0,
        "date": "2019-03-28",
        "commitResults": []
      },
      {
        "insertions": 987,
        "deletions": 108,
        "date": "2019-03-29",
        "commitResults": [
          {
            "hash": "d6f9f15a8670ff6f808bfd1f72ec9d3dc038ceff",
            "message": "add Medical History UI",
            "insertions": 32,
            "deletions": 0
          },
          {
            "hash": "1dac5b4b93af14b50080e7fc8c769b88a6aaf5f4",
            "message": "add Medical History UI",
            "insertions": 32,
            "deletions": 0
          },
          {
            "hash": "85cc00cc70457af263c8a9c93c8dbf00cb998175",
            "message": "add Medical History UI",
            "insertions": 21,
            "deletions": 32
          },
          {
            "hash": "02388f64aa3436ce98cfdad7adff21ab2c9b3a9a",
            "message": "add medicalHistory method to Logic",
            "insertions": 35,
            "deletions": 0
          },
          {
            "hash": "90abfed8ef3c2ccddfe868234ce1af8c6e0f610f",
            "message": "add medicalHistory method to Logic",
            "insertions": 35,
            "deletions": 0
          },
          {
            "hash": "3153338b18d7b93e9d65e35fed8fa552ccb5d563",
            "message": "add medicalHistory method to Model",
            "insertions": 141,
            "deletions": 9
          },
          {
            "hash": "285a1228f836d83277403c4239b07542842693a4",
            "message": "add medicalHistory method to Model",
            "insertions": 142,
            "deletions": 8
          },
          {
            "hash": "6ebe521fb9e89e45981a8c522dcd2b1a6cf10695",
            "message": "add medicalHistory method to Model",
            "insertions": 1,
            "deletions": 0
          },
          {
            "hash": "a7005ea700bd6b0a3611de2c63a4d8a06afa3b38",
            "message": "add sample data of medical history",
            "insertions": 13,
            "deletions": 0
          },
          {
            "hash": "4f9f0ce229a808c2e9eeb4609fd9c4e7a841cbb5",
            "message": "add sample data of medical history",
            "insertions": 13,
            "deletions": 0
          },
          {
            "hash": "3a0ca8b7b359a64d48923f850db09f361c35a864",
            "message": "uncomment medical history part",
            "insertions": 7,
            "deletions": 7
          },
          {
            "hash": "b68a14740577cc9ffb292c096fc72cdaa7144b4b",
            "message": "uncomment medical history part",
            "insertions": 7,
            "deletions": 7
          },
          {
            "hash": "a52725e478c4386e06413e3ddc38f892d5eb3ef5",
            "message": "UI of medical history",
            "insertions": 141,
            "deletions": 2
          },
          {
            "hash": "ad96bf68078cea05adca5cf34374704a3617903f",
            "message": "UI of medical history",
            "insertions": 141,
            "deletions": 2
          },
          {
            "hash": "ec1b354683affeadba6471298a138b36af8ca4d5",
            "message": "UI of medical history",
            "insertions": 1,
            "deletions": 0
          },
          {
            "hash": "42adbbd800af7137104909f57eced20b740cfd05",
            "message": "add fxml files",
            "insertions": 40,
            "deletions": 17
          },
          {
            "hash": "593e016b2dbbfa098250079b03a4aa163e175a26",
            "message": "add fxml files",
            "insertions": 40,
            "deletions": 17
          },
          {
            "hash": "692dc9b0e637640180486583ed1865a3097eddbe",
            "message": "add fxml files",
            "insertions": 1,
            "deletions": 1
          },
          {
            "hash": "71ff0f5363777b2c5dea42d44c77dd2b70c873d1",
            "message": "modify to pass test",
            "insertions": 72,
            "deletions": 3
          },
          {
            "hash": "9cf4ccc1aec224395495780ff30e9219233bccbb",
            "message": "modify to pass test",
            "insertions": 72,
            "deletions": 3
          }
        ]
      },
      {
        "insertions": 435,
        "deletions": 20,
        "date": "2019-03-30",
        "commitResults": [
          {
            "hash": "51bf8bca8851c1fab790ec37786e6f5c92629aa1",
            "message": "begin other features",
            "insertions": 164,
            "deletions": 0
          },
          {
            "hash": "5ce9ad0c372dcd986478572323e280d1f4bff8a1",
            "message": "begin other features",
            "insertions": 164,
            "deletions": 0
          },
          {
            "hash": "bd09773f5c26b6d23e5339ea0fc23118de35918d",
            "message": "begin other features",
            "insertions": 0,
            "deletions": 1
          },
          {
            "hash": "22709238fd5ffb6efacc7ff7c2723dd61e5693b3",
            "message": "ui part of Medical History",
            "insertions": 13,
            "deletions": 7
          },
          {
            "hash": "0cd5ed1812486019044c32d4fd2c68f598b24e35",
            "message": "ui part of Medical History",
            "insertions": 13,
            "deletions": 7
          },
          {
            "hash": "444633b00e97f030459b316e2aad28bf0b96b6ac",
            "message": "modify storage part of patient",
            "insertions": 5,
            "deletions": 2
          },
          {
            "hash": "9d7dd3a597ff5d619625fd5adde8ec2225fa2300",
            "message": "modify storage part of patient",
            "insertions": 5,
            "deletions": 2
          },
          {
            "hash": "9e3d6dd7fed31f23d9ddec7137c5823eb3c6023f",
            "message": "modify storage part of patient",
            "insertions": 1,
            "deletions": 1
          },
          {
            "hash": "6bd3f1d11c062f045e19dd7915312c4687f9c2ee",
            "message": "modify test cases",
            "insertions": 35,
            "deletions": 0
          },
          {
            "hash": "51b83de1985b67af06127406934ffdb15000e1a4",
            "message": "modify test cases",
            "insertions": 35,
            "deletions": 0
          }
        ]
      },
      {
        "insertions": 543,
        "deletions": 123,
        "date": "2019-03-31",
        "commitResults": [
          {
            "hash": "62b9187fad7b0ca904194c62e342342fe15a7461",
            "message": "add SelectMedHist command",
            "insertions": 16,
            "deletions": 0
          },
          {
            "hash": "a27484590340f55c67acfde923bea684e4b99c82",
            "message": "add SelectMedHist command",
            "insertions": 16,
            "deletions": 0
          },
          {
            "hash": "0779eda6c5a57a269ee443b9cccb5ac9a0dd3d20",
            "message": "add searchMedHist command",
            "insertions": 11,
            "deletions": 13
          },
          {
            "hash": "a4fd41bf9737f0bd14f7e840988d3c14b73bb0d5",
            "message": "add searchMedHist command",
            "insertions": 11,
            "deletions": 13
          },
          {
            "hash": "67eddb63c3ef1d39477d0dea6f905b916873ab23",
            "message": "modify AdressBookParse",
            "insertions": 12,
            "deletions": 0
          },
          {
            "hash": "466ee794e0a4db16a84b14769b18e58a6efd6964",
            "message": "modify AdressBookParse",
            "insertions": 12,
            "deletions": 0
          },
          {
            "hash": "e0ed0354cd842451e65133b5366df147d1b14ccb",
            "message": "add parsers",
            "insertions": 53,
            "deletions": 3
          },
          {
            "hash": "ca90093cd4b04d3d8b50529abe642e8a01f85738",
            "message": "add parsers",
            "insertions": 53,
            "deletions": 3
          },
          {
            "hash": "d8414bea835d52edc8b90d3cb6de1f7fa39fb32d",
            "message": "Search med hist",
            "insertions": 3,
            "deletions": 4
          },
          {
            "hash": "ad6d3d38e7ea5da7ca493b926f99ec7708e0fed4",
            "message": "Search med hist",
            "insertions": 3,
            "deletions": 4
          },
          {
            "hash": "9aa1b68b4c1920e850f36e7ebc3996973ecbeb6f",
            "message": "add SelectMedHist command",
            "insertions": 154,
            "deletions": 1
          },
          {
            "hash": "17896d34984184df79b9e8cebe7247e8da8948ef",
            "message": "add SelectMedHist command",
            "insertions": 154,
            "deletions": 1
          },
          {
            "hash": "f5e40e7f4a35afaac4a792ae6052076290c5f34b",
            "message": "UI of select medical history",
            "insertions": 4,
            "deletions": 2
          },
          {
            "hash": "3631c95be94146032bcc3a5aa8b09009a23436a3",
            "message": "UI of select medical history",
            "insertions": 4,
            "deletions": 2
          },
          {
            "hash": "3e43e20a75dad5b7eb589711d03cb511d70fe609",
            "message": "comment test, will fix bug later",
            "insertions": 3,
            "deletions": 3
          },
          {
            "hash": "b4400f25e2eef37c9b32b26ca4da02de75116813",
            "message": "comment test, will fix bug later",
            "insertions": 3,
            "deletions": 3
          },
          {
            "hash": "53385021114dd2201afa03540404d661864e65a7",
            "message": "fix problem",
            "insertions": 6,
            "deletions": 19
          },
          {
            "hash": "ad8ec5647e87834c13860fc4e805dbe1007e487e",
            "message": "fix problem",
            "insertions": 6,
            "deletions": 19
          },
          {
            "hash": "75e33e3406149b4108e56dbcdc59e9aabef5fe9d",
            "message": "fix bug",
            "insertions": 0,
            "deletions": 10
          },
          {
            "hash": "090c53deaab05507acd65173fba4f6fa249c868e",
            "message": "Checkstyle",
            "insertions": 12,
            "deletions": 19
          },
          {
            "hash": "10bc24a6394cf00e070bff73f018cbcc42afd840",
            "message": "checkstyle",
            "insertions": 7,
            "deletions": 4
          }
        ]
      }
    ]
  },
  "authorFinalContributionMap": {
    "siyingpoof": 2456,
    "wayneswq": 401,
    "amuletxheart": 1302,
    "GongChangda": 0,
    "Liuyy99": 1601
  },
  "authorContributionVariance": {
    "siyingpoof": 97864.25,
    "wayneswq": 0.0,
    "amuletxheart": 18582.32,
    "GongChangda": 0.0,
    "Liuyy99": 45551.11
  },
  "authorDisplayNameMap": {
    "siyingpoof": "ONG...ING",
    "wayneswq": "SEA...UAN",
    "amuletxheart": "YON...HEN",
    "GongChangda": "GON...GDA",
    "Liuyy99": "LIU...ANG"
  }
}
