{
  "authorDailyContributionsMap": {
    "siyingpoof": [
      {
        "insertions": 0,
        "deletions": 0,
        "date": "2019-02-10",
        "commitResults": []
      },
      {
        "insertions": 0,
        "deletions": 0,
        "date": "2019-02-11",
        "commitResults": []
      },
      {
        "insertions": 0,
        "deletions": 0,
        "date": "2019-02-12",
        "commitResults": []
      },
      {
        "insertions": 0,
        "deletions": 0,
        "date": "2019-02-13",
        "commitResults": []
      },
      {
        "insertions": 0,
        "deletions": 0,
        "date": "2019-02-14",
        "commitResults": []
      },
      {
        "insertions": 0,
        "deletions": 0,
        "date": "2019-02-15",
        "commitResults": []
      },
      {
        "insertions": 0,
        "deletions": 0,
        "date": "2019-02-16",
        "commitResults": []
      },
      {
        "insertions": 0,
        "deletions": 0,
        "date": "2019-02-17",
        "commitResults": []
      },
      {
        "insertions": 0,
        "deletions": 0,
        "date": "2019-02-18",
        "commitResults": []
      },
      {
        "insertions": 0,
        "deletions": 0,
        "date": "2019-02-19",
        "commitResults": []
      },
      {
        "insertions": 0,
        "deletions": 0,
        "date": "2019-02-20",
        "commitResults": []
      },
      {
        "insertions": 0,
        "deletions": 0,
        "date": "2019-02-21",
        "commitResults": []
      },
      {
        "insertions": 0,
        "deletions": 0,
        "date": "2019-02-22",
        "commitResults": []
      },
      {
        "insertions": 0,
        "deletions": 0,
        "date": "2019-02-23",
        "commitResults": []
      },
      {
        "insertions": 0,
        "deletions": 0,
        "date": "2019-02-24",
        "commitResults": []
      },
      {
        "insertions": 0,
        "deletions": 0,
        "date": "2019-02-25",
        "commitResults": []
      },
      {
        "insertions": 288,
        "deletions": 49,
        "date": "2019-02-26",
        "commitResults": [
          {
            "hash": "594714e40a9f307fef3d26d31f87bd458cc6613e",
            "message": "Initial changes to UG",
            "insertions": 288,
            "deletions": 49
          }
        ]
      },
      {
        "insertions": 0,
        "deletions": 0,
        "date": "2019-02-27",
        "commitResults": []
      },
      {
        "insertions": 0,
        "deletions": 0,
        "date": "2019-02-28",
        "commitResults": []
      },
      {
        "insertions": 0,
        "deletions": 0,
        "date": "2019-03-01",
        "commitResults": []
      },
      {
        "insertions": 0,
        "deletions": 0,
        "date": "2019-03-02",
        "commitResults": []
      },
      {
        "insertions": 0,
        "deletions": 0,
        "date": "2019-03-03",
        "commitResults": []
      },
      {
        "insertions": 0,
        "deletions": 0,
        "date": "2019-03-04",
        "commitResults": []
      },
      {
        "insertions": 448,
        "deletions": 95,
        "date": "2019-03-05",
        "commitResults": [
          {
            "hash": "ea14eca4f485f86115780c51b5af132ecc8655cb",
            "message": "Teaching the app to accept \u0027add doctor\u0027 which does nothing",
            "insertions": 40,
            "deletions": 1
          },
          {
            "hash": "01566650b77619d2c6ed59fc02e24d01ab81d436",
            "message": "Adding in AddDoctorCommandParse file",
            "insertions": 13,
            "deletions": 0
          },
          {
            "hash": "12c212bdcb65dba9fa4848e5c1d63dab57502ae8",
            "message": "Edited AddDoctorCommand file",
            "insertions": 0,
            "deletions": 1
          },
          {
            "hash": "e71b9c8708cac93952e3bc2a7338d929d1e8fd7d",
            "message": "Added javadoc comments for CheckStyle to AddDoctorCommand and its parser file",
            "insertions": 8,
            "deletions": 1
          },
          {
            "hash": "4dd4b8283e86db18cf9cfc0d1ac6177c4ceb3fa3",
            "message": "Edited AddressBookParserTest file",
            "insertions": 0,
            "deletions": 1
          },
          {
            "hash": "5ec1e4b8c1ac5d5ebec666e01af7d4010ea13890",
            "message": "Teaching the app to accept \u0027add-doctor\u0027 arguments",
            "insertions": 30,
            "deletions": 2
          },
          {
            "hash": "5c617e76839845dab83daf342ed869ac4fa04a70",
            "message": "Edited files according to checkStyle",
            "insertions": 99,
            "deletions": 14
          },
          {
            "hash": "44a8e6f36d39c2ee002a31f3556996f06780bee7",
            "message": "second edit for checkStyle",
            "insertions": 5,
            "deletions": 5
          },
          {
            "hash": "e56034334625b22f8456aaa126ef2d0b5f561e76",
            "message": "3rd edit for checkStyle",
            "insertions": 4,
            "deletions": 1
          },
          {
            "hash": "1ef5bdefe97ddf9301e19b8dfee5c3d22f8cb4a2",
            "message": "4th edit for checkStyle",
            "insertions": 6,
            "deletions": 2
          },
          {
            "hash": "c0cae433eb0cc2f48ee64a28b04336cb849f6ea8",
            "message": "5th edit for checkStyle",
            "insertions": 2,
            "deletions": 2
          },
          {
            "hash": "d978308fc9910de7fc1c90f5941b376d4ac2280f",
            "message": "6th edit for checkStyle",
            "insertions": 2,
            "deletions": 2
          },
          {
            "hash": "0a1b246bd47825f9763dd67b5d6ad5ed6bd0093b",
            "message": "Changed test in AddDoctorCommandParserTest file",
            "insertions": 23,
            "deletions": 7
          },
          {
            "hash": "ab76744fb7beda7112b4f0268779ea48f3e2964d",
            "message": "remove the test due to travis check failure",
            "insertions": 25,
            "deletions": 25
          },
          {
            "hash": "f5f47f11802c7955ab7adb54d3e32d4e2f8e7d43",
            "message": "Added Doctor and Specialisation classes",
            "insertions": 171,
            "deletions": 1
          },
          {
            "hash": "b4ded5d71c867815d861bdc89b6f9b9e0e44d3e4",
            "message": "Added Doctor and Specialisation classes",
            "insertions": 2,
            "deletions": 3
          },
          {
            "hash": "c6b8a0574a1ea971bfaee5917ec7cbe3635aa04b",
            "message": "Added Doctor and Specialisation classes",
            "insertions": 2,
            "deletions": 3
          },
          {
            "hash": "532848663fa9425b9c64a23b646b92c3241eb550",
            "message": "Added Doctor and Specialisation classes",
            "insertions": 2,
            "deletions": 3
          },
          {
            "hash": "a1d88da3c1b2e13df658174ff27f497f08e107be",
            "message": "Added Doctor and Specialisation classes",
            "insertions": 2,
            "deletions": 3
          },
          {
            "hash": "693435bb3f87ba88bd1cfe19308861f8d32ce162",
            "message": "Added Doctor and Specialisation classes",
            "insertions": 2,
            "deletions": 3
          },
          {
            "hash": "0709fa269f1d39f531f54bd0f0b7bb22f3352bf7",
            "message": "Added Doctor and Specialisation classes",
            "insertions": 2,
            "deletions": 3
          },
          {
            "hash": "88d22725f573c394f7365afae9e06f0820dd361d",
            "message": "Added Doctor and Specialisation classes",
            "insertions": 2,
            "deletions": 3
          },
          {
            "hash": "ca9ed00b3f4f8bf45e019570a1d9d8706f380182",
            "message": "Added Doctor and Specialisation classes",
            "insertions": 2,
            "deletions": 3
          },
          {
            "hash": "f74c077739d7ec6871576fd02a0ea0e571814a2b",
            "message": "Added Doctor and Specialisation classes",
            "insertions": 2,
            "deletions": 3
          },
          {
            "hash": "cb99cfa59a5cff98def0c0bbb8d7ae416c9e8644",
            "message": "Added Doctor and Specialisation classes",
            "insertions": 2,
            "deletions": 3
          }
        ]
      },
      {
        "insertions": 36,
        "deletions": 24,
        "date": "2019-03-06",
        "commitResults": [
          {
            "hash": "4b69c2571aa85bf89bc1ad37a8dbc45a3d90d9c3",
            "message": "Edited Doctor class file for checkStyle error",
            "insertions": 3,
            "deletions": 2
          },
          {
            "hash": "85e42d3e9f24a6b7083fea71423d077d489dcacb",
            "message": "Edited Doctor class file for checkStyle error",
            "insertions": 3,
            "deletions": 2
          },
          {
            "hash": "0f8354f49a200d50853ad9ac9ae425cfeb1442ec",
            "message": "Edited Doctor class file for checkStyle error",
            "insertions": 3,
            "deletions": 2
          },
          {
            "hash": "3653b6163c163873cd91f7f54c621140a79006d8",
            "message": "Edited Doctor class file for checkStyle error",
            "insertions": 3,
            "deletions": 2
          },
          {
            "hash": "29d4183048234301cbac63c018208d5799ef51f4",
            "message": "Edited Doctor class file for checkStyle error",
            "insertions": 3,
            "deletions": 2
          },
          {
            "hash": "efa770f6c4c38f9ecc273e47a0cdaaba80c3a205",
            "message": "Edited Doctor class file for checkStyle error",
            "insertions": 3,
            "deletions": 2
          },
          {
            "hash": "50008df8bb37824cdf91727c7d0055a597aec7f0",
            "message": "Edited Doctor class file for checkStyle error",
            "insertions": 3,
            "deletions": 2
          },
          {
            "hash": "df864397fd52417562ffdb6c83a063a69aa14862",
            "message": "Edited Doctor class file for checkStyle error",
            "insertions": 3,
            "deletions": 2
          },
          {
            "hash": "2b3e52910af6b6f866646d4a2c9852fd134a02bd",
            "message": "Edited Doctor class file for checkStyle error",
            "insertions": 3,
            "deletions": 2
          },
          {
            "hash": "5e2d65665c6a989bf6ef291a277b406b65b3277d",
            "message": "Edited Doctor class file for checkStyle error",
            "insertions": 3,
            "deletions": 2
          },
          {
            "hash": "c45a8fe38ca54946dfc1b1c83e5e795e335dc267",
            "message": "Edited Doctor class file for checkStyle error",
            "insertions": 3,
            "deletions": 2
          },
          {
            "hash": "37584e96eb4f3a9c835bc9e70acfe26839dbbc87",
            "message": "Edited Doctor class file for checkStyle error",
            "insertions": 3,
            "deletions": 2
          }
        ]
      },
      {
        "insertions": 0,
        "deletions": 0,
        "date": "2019-03-07",
        "commitResults": []
      },
      {
        "insertions": 0,
        "deletions": 0,
        "date": "2019-03-08",
        "commitResults": []
      },
      {
        "insertions": 0,
        "deletions": 0,
        "date": "2019-03-09",
        "commitResults": []
      },
      {
        "insertions": 0,
        "deletions": 0,
        "date": "2019-03-10",
        "commitResults": []
      },
      {
        "insertions": 0,
        "deletions": 0,
        "date": "2019-03-11",
        "commitResults": []
      },
      {
        "insertions": 123,
        "deletions": 54,
        "date": "2019-03-12",
        "commitResults": [
          {
            "hash": "9e92d532fe5a8d4885634093bb2805af501dc0f2",
            "message": "updated UG based on feedback from v1.1",
            "insertions": 21,
            "deletions": 21
          },
          {
            "hash": "0313d16c61e4de0ce70dfe25a61731a0eb60d75e",
            "message": "updated UG command summary",
            "insertions": 76,
            "deletions": 33
          },
          {
            "hash": "319d36e90b1184b7029bd816120475e5786f7509",
            "message": "added new test for Specialisations",
            "insertions": 26,
            "deletions": 0
          }
        ]
      },
      {
        "insertions": 86,
        "deletions": 8,
        "date": "2019-03-13",
        "commitResults": [
          {
            "hash": "7d2f76ff191f5d30a2a30a9437097dffc50e0cf1",
            "message": "edited Specialisation test file for checkstyle",
            "insertions": 2,
            "deletions": 1
          },
          {
            "hash": "17f3af90c3a7e32f974f418bac9cd69725987ef7",
            "message": "edited Specialisation test file for checkstyle",
            "insertions": 1,
            "deletions": 0
          },
          {
            "hash": "04a0348dddb52281efaef6abb7166db89dfe4e81",
            "message": "added more tests for classes",
            "insertions": 77,
            "deletions": 0
          },
          {
            "hash": "b9cadb4692a5f54738d95a0f02f30bd73dcb1285",
            "message": "solved Doctor file conflict",
            "insertions": 2,
            "deletions": 3
          },
          {
            "hash": "f33dd5f9bbe394a19e47f5fed7d39964f5f2ca80",
            "message": "solved conflicts",
            "insertions": 0,
            "deletions": 1
          },
          {
            "hash": "f0b5511deea2cd8e2eef3dba3244f09a2ba6948f",
            "message": "edited GenderTest file for checkstyle error",
            "insertions": 4,
            "deletions": 3
          }
        ]
      },
      {
        "insertions": 0,
        "deletions": 0,
        "date": "2019-03-14",
        "commitResults": []
      },
      {
        "insertions": 0,
        "deletions": 0,
        "date": "2019-03-15",
        "commitResults": []
      },
      {
        "insertions": 0,
        "deletions": 0,
        "date": "2019-03-16",
        "commitResults": []
      },
      {
        "insertions": 0,
        "deletions": 0,
        "date": "2019-03-17",
        "commitResults": []
      },
      {
        "insertions": 0,
        "deletions": 0,
        "date": "2019-03-18",
        "commitResults": []
      },
      {
        "insertions": 4,
        "deletions": 4,
        "date": "2019-03-19",
        "commitResults": [
          {
            "hash": "278a31108d0af721e54250d4c1fbbedcca45cafc",
            "message": "changed validation regrex for gender",
            "insertions": 4,
            "deletions": 4
          }
        ]
      }
    ],
    "wayneswq": [
      {
        "insertions": 0,
        "deletions": 0,
        "date": "2019-02-10",
        "commitResults": []
      },
      {
        "insertions": 0,
        "deletions": 0,
        "date": "2019-02-11",
        "commitResults": []
      },
      {
        "insertions": 0,
        "deletions": 0,
        "date": "2019-02-12",
        "commitResults": []
      },
      {
        "insertions": 0,
        "deletions": 0,
        "date": "2019-02-13",
        "commitResults": []
      },
      {
        "insertions": 0,
        "deletions": 0,
        "date": "2019-02-14",
        "commitResults": []
      },
      {
        "insertions": 0,
        "deletions": 0,
        "date": "2019-02-15",
        "commitResults": []
      },
      {
        "insertions": 0,
        "deletions": 0,
        "date": "2019-02-16",
        "commitResults": []
      },
      {
        "insertions": 0,
        "deletions": 0,
        "date": "2019-02-17",
        "commitResults": []
      },
      {
        "insertions": 0,
        "deletions": 0,
        "date": "2019-02-18",
        "commitResults": []
      },
      {
        "insertions": 0,
        "deletions": 0,
        "date": "2019-02-19",
        "commitResults": []
      },
      {
        "insertions": 0,
        "deletions": 0,
        "date": "2019-02-20",
        "commitResults": []
      },
      {
        "insertions": 0,
        "deletions": 0,
        "date": "2019-02-21",
        "commitResults": []
      },
      {
        "insertions": 0,
        "deletions": 0,
        "date": "2019-02-22",
        "commitResults": []
      },
      {
        "insertions": 0,
        "deletions": 0,
        "date": "2019-02-23",
        "commitResults": []
      },
      {
        "insertions": 0,
        "deletions": 0,
        "date": "2019-02-24",
        "commitResults": []
      },
      {
        "insertions": 0,
        "deletions": 0,
        "date": "2019-02-25",
        "commitResults": []
      },
      {
        "insertions": 0,
        "deletions": 0,
        "date": "2019-02-26",
        "commitResults": []
      },
      {
        "insertions": 0,
        "deletions": 0,
        "date": "2019-02-27",
        "commitResults": []
      },
      {
        "insertions": 0,
        "deletions": 0,
        "date": "2019-02-28",
        "commitResults": []
      },
      {
        "insertions": 0,
        "deletions": 0,
        "date": "2019-03-01",
        "commitResults": []
      },
      {
        "insertions": 0,
        "deletions": 0,
        "date": "2019-03-02",
        "commitResults": []
      },
      {
        "insertions": 0,
        "deletions": 0,
        "date": "2019-03-03",
        "commitResults": []
      },
      {
        "insertions": 0,
        "deletions": 0,
        "date": "2019-03-04",
        "commitResults": []
      },
      {
        "insertions": 0,
        "deletions": 0,
        "date": "2019-03-05",
        "commitResults": []
      },
      {
        "insertions": 0,
        "deletions": 0,
        "date": "2019-03-06",
        "commitResults": []
      },
      {
        "insertions": 0,
        "deletions": 0,
        "date": "2019-03-07",
        "commitResults": []
      },
      {
        "insertions": 0,
        "deletions": 0,
        "date": "2019-03-08",
        "commitResults": []
      },
      {
        "insertions": 0,
        "deletions": 0,
        "date": "2019-03-09",
        "commitResults": []
      },
      {
        "insertions": 0,
        "deletions": 0,
        "date": "2019-03-10",
        "commitResults": []
      },
      {
        "insertions": 0,
        "deletions": 0,
        "date": "2019-03-11",
        "commitResults": []
      },
      {
        "insertions": 0,
        "deletions": 0,
        "date": "2019-03-12",
        "commitResults": []
      },
      {
        "insertions": 0,
        "deletions": 0,
        "date": "2019-03-13",
        "commitResults": []
      },
      {
        "insertions": 0,
        "deletions": 0,
        "date": "2019-03-14",
        "commitResults": []
      },
      {
        "insertions": 0,
        "deletions": 0,
        "date": "2019-03-15",
        "commitResults": []
      },
      {
        "insertions": 0,
        "deletions": 0,
        "date": "2019-03-16",
        "commitResults": []
      },
      {
        "insertions": 0,
        "deletions": 0,
        "date": "2019-03-17",
        "commitResults": []
      },
      {
        "insertions": 0,
        "deletions": 0,
        "date": "2019-03-18",
        "commitResults": []
      },
      {
        "insertions": 0,
        "deletions": 0,
        "date": "2019-03-19",
        "commitResults": []
      }
    ],
    "amuletxheart": [
      {
        "insertions": 0,
        "deletions": 0,
        "date": "2019-02-10",
        "commitResults": []
      },
      {
        "insertions": 0,
        "deletions": 0,
        "date": "2019-02-11",
        "commitResults": []
      },
      {
        "insertions": 0,
        "deletions": 0,
        "date": "2019-02-12",
        "commitResults": []
      },
      {
        "insertions": 0,
        "deletions": 0,
        "date": "2019-02-13",
        "commitResults": []
      },
      {
        "insertions": 0,
        "deletions": 0,
        "date": "2019-02-14",
        "commitResults": []
      },
      {
        "insertions": 0,
        "deletions": 0,
        "date": "2019-02-15",
        "commitResults": []
      },
      {
        "insertions": 0,
        "deletions": 0,
        "date": "2019-02-16",
        "commitResults": []
      },
      {
        "insertions": 0,
        "deletions": 0,
        "date": "2019-02-17",
        "commitResults": []
      },
      {
        "insertions": 0,
        "deletions": 0,
        "date": "2019-02-18",
        "commitResults": []
      },
      {
        "insertions": 23,
        "deletions": 25,
        "date": "2019-02-19",
        "commitResults": [
          {
            "hash": "e923004cd56b8147e03a8016ed6210bf15ef7262",
            "message": "Updated names and github profiles of team members",
            "insertions": 16,
            "deletions": 18
          },
          {
            "hash": "0c5ec94924401e1ae34fb21ebf6e44c14657c0da",
            "message": "updated profile photos to use the correct images",
            "insertions": 5,
            "deletions": 5
          },
          {
            "hash": "e8156387d71fd80202ebb06c9288df48083bf600",
            "message": "Updated with project issue tracker",
            "insertions": 2,
            "deletions": 2
          }
        ]
      },
      {
        "insertions": 0,
        "deletions": 0,
        "date": "2019-02-20",
        "commitResults": []
      },
      {
        "insertions": 0,
        "deletions": 0,
        "date": "2019-02-21",
        "commitResults": []
      },
      {
        "insertions": 0,
        "deletions": 0,
        "date": "2019-02-22",
        "commitResults": []
      },
      {
        "insertions": 0,
        "deletions": 0,
        "date": "2019-02-23",
        "commitResults": []
      },
      {
        "insertions": 5,
        "deletions": 11,
        "date": "2019-02-24",
        "commitResults": [
          {
            "hash": "8b45ef58079f216132c5950258b1a1d134ba805a",
            "message": "removed workflow test files",
            "insertions": 0,
            "deletions": 4
          },
          {
            "hash": "4eefa901892a03509a851f4de401b715468a5dcf",
            "message": "done README.adoc",
            "insertions": 5,
            "deletions": 7
          }
        ]
      },
      {
        "insertions": 0,
        "deletions": 0,
        "date": "2019-02-25",
        "commitResults": []
      },
      {
        "insertions": 5,
        "deletions": 4,
        "date": "2019-02-26",
        "commitResults": [
          {
            "hash": "2249c42a4198e7e52dfdbcc00e7b6fd0a8157567",
            "message": "added javafx plugin to build.gradle to resolve intellij issues on macos",
            "insertions": 5,
            "deletions": 0
          },
          {
            "hash": "8ba13b3c2fcb922baf21ad80d9440a177e79a63f",
            "message": "fixed all javafx related issues",
            "insertions": 0,
            "deletions": 4
          }
        ]
      },
      {
        "insertions": 0,
        "deletions": 0,
        "date": "2019-02-27",
        "commitResults": []
      },
      {
        "insertions": 0,
        "deletions": 0,
        "date": "2019-02-28",
        "commitResults": []
      },
      {
        "insertions": 0,
        "deletions": 0,
        "date": "2019-03-01",
        "commitResults": []
      },
      {
        "insertions": 0,
        "deletions": 0,
        "date": "2019-03-02",
        "commitResults": []
      },
      {
        "insertions": 5,
        "deletions": 8,
        "date": "2019-03-03",
        "commitResults": [
          {
            "hash": "59931162da87bdef0d9d501e157d61e813891f9f",
            "message": "Updated AboutUs.adoc with new photo filenames",
            "insertions": 2,
            "deletions": 2
          },
          {
            "hash": "d6a855886a05932fae9ea4342e21b011f1b95cf2",
            "message": "Updated AboutUs.adoc roles",
            "insertions": 3,
            "deletions": 6
          }
        ]
      },
      {
        "insertions": 0,
        "deletions": 0,
        "date": "2019-03-04",
        "commitResults": []
      },
      {
        "insertions": 638,
        "deletions": 65,
        "date": "2019-03-05",
        "commitResults": [
          {
            "hash": "9cf94a557d02b660b3c17a7a9d85fa41cf6fc3b9",
            "message": "Update DeveloperGuide.adoc",
            "insertions": 514,
            "deletions": 20
          },
          {
            "hash": "43d86d41cc41c9584f92b12898059dca69f6b3ee",
            "message": "Update DeveloperGuide.adoc",
            "insertions": 9,
            "deletions": 9
          },
          {
            "hash": "df725abce107862a72e8322ed3c9b7a1f14adb27",
            "message": "Completed step 1 of global change",
            "insertions": 81,
            "deletions": 17
          },
          {
            "hash": "af5c28277f7b9ede48294d0a8ecb6d44b138a5cf",
            "message": "fixed checkstyle",
            "insertions": 34,
            "deletions": 19
          }
        ]
      },
      {
        "insertions": 0,
        "deletions": 0,
        "date": "2019-03-06",
        "commitResults": []
      },
      {
        "insertions": 0,
        "deletions": 0,
        "date": "2019-03-07",
        "commitResults": []
      },
      {
        "insertions": 0,
        "deletions": 0,
        "date": "2019-03-08",
        "commitResults": []
      },
      {
        "insertions": 0,
        "deletions": 0,
        "date": "2019-03-09",
        "commitResults": []
      },
      {
        "insertions": 0,
        "deletions": 0,
        "date": "2019-03-10",
        "commitResults": []
      },
      {
        "insertions": 0,
        "deletions": 0,
        "date": "2019-03-11",
        "commitResults": []
      },
      {
        "insertions": 254,
        "deletions": 22,
        "date": "2019-03-12",
        "commitResults": [
          {
            "hash": "a3f5f50b7813525c7b5eebe1b1a5fe8f44e594cd",
            "message": "Completed step 2 of global change",
            "insertions": 106,
            "deletions": 6
          },
          {
            "hash": "02826d0c377b76b411ca44c67899de6fed2b625e",
            "message": "Completed step 4 of global change",
            "insertions": 127,
            "deletions": 14
          },
          {
            "hash": "3d123bd19edb60a29f0829d8cb9ff432f96f59fd",
            "message": "Increased code coverage",
            "insertions": 15,
            "deletions": 0
          },
          {
            "hash": "91aa1b0a1bad3ca2df305c1fefb38ccd4b87e6c9",
            "message": "Fixed checkstyle",
            "insertions": 6,
            "deletions": 2
          }
        ]
      },
      {
        "insertions": 0,
        "deletions": 0,
        "date": "2019-03-13",
        "commitResults": []
      },
      {
        "insertions": 0,
        "deletions": 0,
        "date": "2019-03-14",
        "commitResults": []
      },
      {
        "insertions": 0,
        "deletions": 0,
        "date": "2019-03-15",
        "commitResults": []
      },
      {
        "insertions": 0,
        "deletions": 0,
        "date": "2019-03-16",
        "commitResults": []
      },
      {
        "insertions": 0,
        "deletions": 0,
        "date": "2019-03-17",
        "commitResults": []
      },
      {
        "insertions": 0,
        "deletions": 0,
        "date": "2019-03-18",
        "commitResults": []
      },
      {
        "insertions": 0,
        "deletions": 0,
        "date": "2019-03-19",
        "commitResults": []
      }
    ],
    "GongChangda": [
      {
        "insertions": 0,
        "deletions": 0,
        "date": "2019-02-10",
        "commitResults": []
      },
      {
        "insertions": 0,
        "deletions": 0,
        "date": "2019-02-11",
        "commitResults": []
      },
      {
        "insertions": 0,
        "deletions": 0,
        "date": "2019-02-12",
        "commitResults": []
      },
      {
        "insertions": 0,
        "deletions": 0,
        "date": "2019-02-13",
        "commitResults": []
      },
      {
        "insertions": 0,
        "deletions": 0,
        "date": "2019-02-14",
        "commitResults": []
      },
      {
        "insertions": 0,
        "deletions": 0,
        "date": "2019-02-15",
        "commitResults": []
      },
      {
        "insertions": 0,
        "deletions": 0,
        "date": "2019-02-16",
        "commitResults": []
      },
      {
        "insertions": 0,
        "deletions": 0,
        "date": "2019-02-17",
        "commitResults": []
      },
      {
        "insertions": 0,
        "deletions": 0,
        "date": "2019-02-18",
        "commitResults": []
      },
      {
        "insertions": 0,
        "deletions": 0,
        "date": "2019-02-19",
        "commitResults": []
      },
      {
        "insertions": 0,
        "deletions": 0,
        "date": "2019-02-20",
        "commitResults": []
      },
      {
        "insertions": 0,
        "deletions": 0,
        "date": "2019-02-21",
        "commitResults": []
      },
      {
        "insertions": 0,
        "deletions": 0,
        "date": "2019-02-22",
        "commitResults": []
      },
      {
        "insertions": 0,
        "deletions": 0,
        "date": "2019-02-23",
        "commitResults": []
      },
      {
        "insertions": 0,
        "deletions": 0,
        "date": "2019-02-24",
        "commitResults": []
      },
      {
        "insertions": 0,
        "deletions": 0,
        "date": "2019-02-25",
        "commitResults": []
      },
      {
        "insertions": 0,
        "deletions": 0,
        "date": "2019-02-26",
        "commitResults": []
      },
      {
        "insertions": 0,
        "deletions": 0,
        "date": "2019-02-27",
        "commitResults": []
      },
      {
        "insertions": 0,
        "deletions": 0,
        "date": "2019-02-28",
        "commitResults": []
      },
      {
        "insertions": 0,
        "deletions": 0,
        "date": "2019-03-01",
        "commitResults": []
      },
      {
        "insertions": 0,
        "deletions": 0,
        "date": "2019-03-02",
        "commitResults": []
      },
      {
        "insertions": 0,
        "deletions": 0,
        "date": "2019-03-03",
        "commitResults": []
      },
      {
        "insertions": 0,
        "deletions": 0,
        "date": "2019-03-04",
        "commitResults": []
      },
      {
        "insertions": 0,
        "deletions": 0,
        "date": "2019-03-05",
        "commitResults": []
      },
      {
        "insertions": 0,
        "deletions": 0,
        "date": "2019-03-06",
        "commitResults": []
      },
      {
        "insertions": 0,
        "deletions": 0,
        "date": "2019-03-07",
        "commitResults": []
      },
      {
        "insertions": 0,
        "deletions": 0,
        "date": "2019-03-08",
        "commitResults": []
      },
      {
        "insertions": 0,
        "deletions": 0,
        "date": "2019-03-09",
        "commitResults": []
      },
      {
        "insertions": 0,
        "deletions": 0,
        "date": "2019-03-10",
        "commitResults": []
      },
      {
        "insertions": 0,
        "deletions": 0,
        "date": "2019-03-11",
        "commitResults": []
      },
      {
        "insertions": 0,
        "deletions": 0,
        "date": "2019-03-12",
        "commitResults": []
      },
      {
        "insertions": 0,
        "deletions": 0,
        "date": "2019-03-13",
        "commitResults": []
      },
      {
        "insertions": 0,
        "deletions": 0,
        "date": "2019-03-14",
        "commitResults": []
      },
      {
        "insertions": 0,
        "deletions": 0,
        "date": "2019-03-15",
        "commitResults": []
      },
      {
        "insertions": 0,
        "deletions": 0,
        "date": "2019-03-16",
        "commitResults": []
      },
      {
        "insertions": 0,
        "deletions": 0,
        "date": "2019-03-17",
        "commitResults": []
      },
      {
        "insertions": 0,
        "deletions": 0,
        "date": "2019-03-18",
        "commitResults": []
      },
      {
        "insertions": 0,
        "deletions": 0,
        "date": "2019-03-19",
        "commitResults": []
      }
    ],
    "Liuyy99": [
      {
        "insertions": 0,
        "deletions": 0,
        "date": "2019-02-10",
        "commitResults": []
      },
      {
        "insertions": 0,
        "deletions": 0,
        "date": "2019-02-11",
        "commitResults": []
      },
      {
        "insertions": 0,
        "deletions": 0,
        "date": "2019-02-12",
        "commitResults": []
      },
      {
        "insertions": 0,
        "deletions": 0,
        "date": "2019-02-13",
        "commitResults": []
      },
      {
        "insertions": 0,
        "deletions": 0,
        "date": "2019-02-14",
        "commitResults": []
      },
      {
        "insertions": 0,
        "deletions": 0,
        "date": "2019-02-15",
        "commitResults": []
      },
      {
        "insertions": 0,
        "deletions": 0,
        "date": "2019-02-16",
        "commitResults": []
      },
      {
        "insertions": 0,
        "deletions": 0,
        "date": "2019-02-17",
        "commitResults": []
      },
      {
        "insertions": 0,
        "deletions": 0,
        "date": "2019-02-18",
        "commitResults": []
      },
      {
        "insertions": 0,
        "deletions": 0,
        "date": "2019-02-19",
        "commitResults": []
      },
      {
        "insertions": 0,
        "deletions": 0,
        "date": "2019-02-20",
        "commitResults": []
      },
      {
        "insertions": 0,
        "deletions": 0,
        "date": "2019-02-21",
        "commitResults": []
      },
      {
        "insertions": 0,
        "deletions": 0,
        "date": "2019-02-22",
        "commitResults": []
      },
      {
        "insertions": 0,
        "deletions": 0,
        "date": "2019-02-23",
        "commitResults": []
      },
      {
        "insertions": 1,
        "deletions": 0,
        "date": "2019-02-24",
        "commitResults": [
          {
            "hash": "4adbdabe96356348a804bdf995f82f7146ded349",
            "message": "test Pull Request",
            "insertions": 1,
            "deletions": 0
          }
        ]
      },
      {
        "insertions": 0,
        "deletions": 0,
        "date": "2019-02-25",
        "commitResults": []
      },
      {
        "insertions": 0,
        "deletions": 0,
        "date": "2019-02-26",
        "commitResults": []
      },
      {
        "insertions": 0,
        "deletions": 0,
        "date": "2019-02-27",
        "commitResults": []
      },
      {
        "insertions": 0,
        "deletions": 0,
        "date": "2019-02-28",
        "commitResults": []
      },
      {
        "insertions": 0,
        "deletions": 0,
        "date": "2019-03-01",
        "commitResults": []
      },
      {
        "insertions": 0,
        "deletions": 0,
        "date": "2019-03-02",
        "commitResults": []
      },
      {
        "insertions": 0,
        "deletions": 0,
        "date": "2019-03-03",
        "commitResults": []
      },
      {
        "insertions": 0,
        "deletions": 0,
        "date": "2019-03-04",
        "commitResults": []
      },
      {
        "insertions": 313,
        "deletions": 74,
        "date": "2019-03-05",
        "commitResults": [
          {
            "hash": "b88a7cbc6227ad29fcd139740dd15bfe97785e71",
            "message": "add WriteUp and MedicalHistory classes",
            "insertions": 92,
            "deletions": 0
          },
          {
            "hash": "fb40808591c07c37b5838c2f4f136501f92a06f6",
            "message": "add and parse AddMedHist Command",
            "insertions": 164,
            "deletions": 26
          },
          {
            "hash": "ea47f4d40cf20cdb8f273996246ffdfed55d64f1",
            "message": "Change coding style",
            "insertions": 52,
            "deletions": 43
          },
          {
            "hash": "4bfd167b57ab2545ec759cc473607888e5dcbc20",
            "message": "Change coding style",
            "insertions": 5,
            "deletions": 5
          }
        ]
      },
      {
        "insertions": 0,
        "deletions": 0,
        "date": "2019-03-06",
        "commitResults": []
      },
      {
        "insertions": 0,
        "deletions": 0,
        "date": "2019-03-07",
        "commitResults": []
      },
      {
        "insertions": 0,
        "deletions": 0,
        "date": "2019-03-08",
        "commitResults": []
      },
      {
        "insertions": 0,
        "deletions": 0,
        "date": "2019-03-09",
        "commitResults": []
      },
      {
        "insertions": 0,
        "deletions": 0,
        "date": "2019-03-10",
        "commitResults": []
      },
      {
        "insertions": 0,
        "deletions": 0,
        "date": "2019-03-11",
        "commitResults": []
      },
      {
        "insertions": 12,
        "deletions": 4,
        "date": "2019-03-12",
        "commitResults": [
          {
            "hash": "8194a72b07ee7a09d80640dcd19f89896a68376b",
            "message": "Slight changes to README.adoc",
            "insertions": 5,
            "deletions": 1
          },
          {
            "hash": "6b2304f8e6aff2f5fb19d05bc6b1c39723fc0512",
            "message": "Add test doing nothing",
            "insertions": 2,
            "deletions": 0
          },
          {
            "hash": "08d10dc46fe4528113adf878232e33001e618fa5",
            "message": "Update README.adoc",
            "insertions": 5,
            "deletions": 3
          }
        ]
      },
      {
        "insertions": 0,
        "deletions": 0,
        "date": "2019-03-13",
        "commitResults": []
      },
      {
        "insertions": 0,
        "deletions": 0,
        "date": "2019-03-14",
        "commitResults": []
      },
      {
        "insertions": 0,
        "deletions": 0,
        "date": "2019-03-15",
        "commitResults": []
      },
      {
        "insertions": 0,
        "deletions": 0,
        "date": "2019-03-16",
        "commitResults": []
      },
      {
        "insertions": 0,
        "deletions": 0,
        "date": "2019-03-17",
        "commitResults": []
      },
      {
        "insertions": 0,
        "deletions": 0,
        "date": "2019-03-18",
        "commitResults": []
      },
      {
        "insertions": 189,
        "deletions": 39,
        "date": "2019-03-19",
        "commitResults": [
          {
            "hash": "b3301d104f2cf1f8550005ecf1b3b9e47d059092",
            "message": "Add tests",
            "insertions": 126,
            "deletions": 0
          },
          {
            "hash": "ecc86d4f22f8495e091352ea6f60e034e0a4f083",
            "message": "Step 5 of adding new command",
            "insertions": 50,
            "deletions": 18
          },
          {
            "hash": "7d122f0adaf64db4c1d393e9540ce134eb74d705",
            "message": "Checkstyle",
            "insertions": 1,
            "deletions": 1
          },
          {
            "hash": "89dd7a80fefd7b8eda3bba224cfab61b7833c907",
            "message": "CheckStyle2",
            "insertions": 12,
            "deletions": 20
          }
        ]
      }
    ]
  },
  "authorFinalContributionMap": {
    "siyingpoof": 817,
    "wayneswq": 0,
    "amuletxheart": 848,
    "GongChangda": 0,
    "Liuyy99": 396
  },
  "authorContributionVariance": {
    "siyingpoof": 10872.18,
    "wayneswq": 0.0,
    "amuletxheart": 14298.608,
    "GongChangda": 0.0,
    "Liuyy99": 5039.4434
  },
  "authorDisplayNameMap": {
    "siyingpoof": "ONG...ING",
    "wayneswq": "SEA...UAN",
    "amuletxheart": "YON...HEN",
    "GongChangda": "GON...GDA",
    "Liuyy99": "LIU...ANG"
  }
}
