{
  "authorDailyContributionsMap": {
    "jeraldtsy": [
      {
        "insertions": 0,
        "deletions": 0,
        "date": "2019-02-10",
        "commitResults": []
      },
      {
        "insertions": 0,
        "deletions": 0,
        "date": "2019-02-11",
        "commitResults": []
      },
      {
        "insertions": 0,
        "deletions": 0,
        "date": "2019-02-12",
        "commitResults": []
      },
      {
        "insertions": 0,
        "deletions": 0,
        "date": "2019-02-13",
        "commitResults": []
      },
      {
        "insertions": 0,
        "deletions": 0,
        "date": "2019-02-14",
        "commitResults": []
      },
      {
        "insertions": 0,
        "deletions": 0,
        "date": "2019-02-15",
        "commitResults": []
      },
      {
        "insertions": 0,
        "deletions": 0,
        "date": "2019-02-16",
        "commitResults": []
      },
      {
        "insertions": 0,
        "deletions": 0,
        "date": "2019-02-17",
        "commitResults": []
      },
      {
        "insertions": 50,
        "deletions": 5,
        "date": "2019-02-18",
        "commitResults": [
          {
            "hash": "e8f18a4ed2587c546ac764feadd4df8c6fbcaca6",
            "message": "Updated AboutUs.adoc with roles Added jeraldtsy picture Added jeraldsy team responsibilities",
            "insertions": 30,
            "deletions": 5
          },
          {
            "hash": "afaa5f8706554c296a09c803a80177ccf1e9c0f9",
            "message": "Updated UGDG",
            "insertions": 20,
            "deletions": 0
          }
        ]
      },
      {
        "insertions": 0,
        "deletions": 0,
        "date": "2019-02-19",
        "commitResults": []
      },
      {
        "insertions": 0,
        "deletions": 0,
        "date": "2019-02-20",
        "commitResults": []
      },
      {
        "insertions": 0,
        "deletions": 0,
        "date": "2019-02-21",
        "commitResults": []
      },
      {
        "insertions": 0,
        "deletions": 0,
        "date": "2019-02-22",
        "commitResults": []
      },
      {
        "insertions": 0,
        "deletions": 0,
        "date": "2019-02-23",
        "commitResults": []
      },
      {
        "insertions": 0,
        "deletions": 0,
        "date": "2019-02-24",
        "commitResults": []
      },
      {
        "insertions": 0,
        "deletions": 0,
        "date": "2019-02-25",
        "commitResults": []
      },
      {
        "insertions": 103,
        "deletions": 1,
        "date": "2019-02-26",
        "commitResults": [
          {
            "hash": "1b9cd6dd0c69c175712c5349ffa222765e6cecc8",
            "message": "Added User package Added CSV file formatter writing Added User class",
            "insertions": 103,
            "deletions": 0
          },
          {
            "hash": "5589ce78476fa3c78dddb3e30cd7cd642420706f",
            "message": "Removed unnecessary parenthesis",
            "insertions": 0,
            "deletions": 1
          }
        ]
      },
      {
        "insertions": 0,
        "deletions": 0,
        "date": "2019-02-27",
        "commitResults": []
      },
      {
        "insertions": 43,
        "deletions": 93,
        "date": "2019-02-28",
        "commitResults": [
          {
            "hash": "18f72952f4efd4933f0d7748fe565c3cc3025035",
            "message": "Updated User class Added Carddata class to get hash for card",
            "insertions": 43,
            "deletions": 93
          }
        ]
      },
      {
        "insertions": 0,
        "deletions": 0,
        "date": "2019-03-01",
        "commitResults": []
      },
      {
        "insertions": 93,
        "deletions": 27,
        "date": "2019-03-02",
        "commitResults": [
          {
            "hash": "60cb08c0fbb9d7bee766255390559d54474c0632",
            "message": "Added Contructor for CardData Changed command of numofAttempts to increment each time Added comments for unused methods",
            "insertions": 24,
            "deletions": 5
          },
          {
            "hash": "bd760c436cacd17fc8a739268b612df7b1d1e290",
            "message": "Renamed Variables to suit coding style Added updateNumOfAttempts method",
            "insertions": 28,
            "deletions": 21
          },
          {
            "hash": "1022bd1edb62bc90d999c6172ec228ae96fd87b0",
            "message": "Added test cases for CardData",
            "insertions": 41,
            "deletions": 1
          }
        ]
      },
      {
        "insertions": 0,
        "deletions": 0,
        "date": "2019-03-03",
        "commitResults": []
      },
      {
        "insertions": 0,
        "deletions": 0,
        "date": "2019-03-04",
        "commitResults": []
      },
      {
        "insertions": 0,
        "deletions": 0,
        "date": "2019-03-05",
        "commitResults": []
      },
      {
        "insertions": 0,
        "deletions": 0,
        "date": "2019-03-06",
        "commitResults": []
      },
      {
        "insertions": 0,
        "deletions": 0,
        "date": "2019-03-07",
        "commitResults": []
      },
      {
        "insertions": 57,
        "deletions": 6,
        "date": "2019-03-08",
        "commitResults": [
          {
            "hash": "aac680707412e55f81e75c2a70407040d54ec10e",
            "message": "Updated import feature Updated export feature Added Throw exception class for interaction for import/export function",
            "insertions": 57,
            "deletions": 6
          }
        ]
      },
      {
        "insertions": 0,
        "deletions": 0,
        "date": "2019-03-09",
        "commitResults": []
      },
      {
        "insertions": 0,
        "deletions": 0,
        "date": "2019-03-10",
        "commitResults": []
      },
      {
        "insertions": 0,
        "deletions": 0,
        "date": "2019-03-11",
        "commitResults": []
      },
      {
        "insertions": 68,
        "deletions": 22,
        "date": "2019-03-12",
        "commitResults": [
          {
            "hash": "163b682ad0f0d18a8a3d86b0464f6b0e6e78e056",
            "message": "Refactored CardData to become CardSrsData Added CaradSRSData getters and setters for session user to obtain cards",
            "insertions": 33,
            "deletions": 16
          },
          {
            "hash": "c2adae51bc98134c5c2c157aa6cd9bf601dddc7e",
            "message": "Edited white spaces",
            "insertions": 3,
            "deletions": 6
          },
          {
            "hash": "1b89e9bb5d13d6b713d1a6c8504115b67c909778",
            "message": "Added UserImportExport interface",
            "insertions": 32,
            "deletions": 0
          }
        ]
      }
    ],
    "eugenefdw": [
      {
        "insertions": 0,
        "deletions": 0,
        "date": "2019-02-10",
        "commitResults": []
      },
      {
        "insertions": 0,
        "deletions": 0,
        "date": "2019-02-11",
        "commitResults": []
      },
      {
        "insertions": 0,
        "deletions": 0,
        "date": "2019-02-12",
        "commitResults": []
      },
      {
        "insertions": 0,
        "deletions": 0,
        "date": "2019-02-13",
        "commitResults": []
      },
      {
        "insertions": 0,
        "deletions": 0,
        "date": "2019-02-14",
        "commitResults": []
      },
      {
        "insertions": 0,
        "deletions": 0,
        "date": "2019-02-15",
        "commitResults": []
      },
      {
        "insertions": 0,
        "deletions": 0,
        "date": "2019-02-16",
        "commitResults": []
      },
      {
        "insertions": 7,
        "deletions": 7,
        "date": "2019-02-17",
        "commitResults": [
          {
            "hash": "3ec83319f15c8c9ee1683e4336d6bcab814abd90",
            "message": "AboutUs.adoc - Updated for myself ContactUs.adoc - Updated partially, email to be updated README.adoc - Edited the Travis badge thing and acknowledgements eugenefdw.png - Added.",
            "insertions": 7,
            "deletions": 7
          }
        ]
      },
      {
        "insertions": 76,
        "deletions": 4,
        "date": "2019-02-18",
        "commitResults": [
          {
            "hash": "5c3be729754d6f6bac3ada286e465b6e393e7a3c",
            "message": "eugenefdw.adoc - Added dummy PPP. ContactUs.adoc - Modified email to my nus email lol",
            "insertions": 73,
            "deletions": 1
          },
          {
            "hash": "09515bfe3e91efab2474eeded5d2094fb94c8409",
            "message": "README.adoc - Updated badges",
            "insertions": 3,
            "deletions": 3
          }
        ]
      },
      {
        "insertions": 0,
        "deletions": 0,
        "date": "2019-02-19",
        "commitResults": []
      },
      {
        "insertions": 0,
        "deletions": 0,
        "date": "2019-02-20",
        "commitResults": []
      },
      {
        "insertions": 0,
        "deletions": 0,
        "date": "2019-02-21",
        "commitResults": []
      },
      {
        "insertions": 0,
        "deletions": 0,
        "date": "2019-02-22",
        "commitResults": []
      },
      {
        "insertions": 0,
        "deletions": 0,
        "date": "2019-02-23",
        "commitResults": []
      },
      {
        "insertions": 919,
        "deletions": 910,
        "date": "2019-02-24",
        "commitResults": [
          {
            "hash": "5f99dbd9afd610c26cd3d81e83ebbb43d0cf5800",
            "message": "Add parallel skeleton, opencsv dependency",
            "insertions": 906,
            "deletions": 0
          },
          {
            "hash": "a351acb24bc2bcd2fc53932a014eb3ff1e692029",
            "message": "Removed duplicate commons files",
            "insertions": 3,
            "deletions": 898
          },
          {
            "hash": "8f2d911dca8fd24be7c13542cd8a6967fe51f764",
            "message": "Fix whitespace and EOF newlines causing build problems(??)",
            "insertions": 9,
            "deletions": 11
          },
          {
            "hash": "81ce0decb42622a2c1a0233eb362dbf598d8326e",
            "message": "Fix for ANOTHER WHITESPACE CAUSING BUILD FAILURE",
            "insertions": 1,
            "deletions": 1
          }
        ]
      },
      {
        "insertions": 756,
        "deletions": 86,
        "date": "2019-02-25",
        "commitResults": [
          {
            "hash": "ce9724b1a5d3050f4bd602d3f8cbba7dd462b250",
            "message": "Add lesson class with tests",
            "insertions": 355,
            "deletions": 0
          },
          {
            "hash": "8c6a459ce73999e6775ed8afa5b8309f1bd11ee2",
            "message": "Fix whitespace and import order issues",
            "insertions": 13,
            "deletions": 10
          },
          {
            "hash": "326471229340cfc4b3ba7c70aa5b2042f9ac4295",
            "message": "Fix more whitespace and style problems",
            "insertions": 42,
            "deletions": 25
          },
          {
            "hash": "907cc9ce51c8d553c21c95bef59b0be244c83a36",
            "message": "Fix more checkstyle",
            "insertions": 49,
            "deletions": 30
          },
          {
            "hash": "8bfc12e0249504d4de6b7839cf290fbf53a97bd2",
            "message": "Add in-progress CsvUtil",
            "insertions": 255,
            "deletions": 0
          },
          {
            "hash": "1cc9d1473b81f763a0f4b9c920bd87737bd30fed",
            "message": "Add import function for CsvUtil, edited test data",
            "insertions": 42,
            "deletions": 21
          }
        ]
      },
      {
        "insertions": 260,
        "deletions": 88,
        "date": "2019-02-26",
        "commitResults": [
          {
            "hash": "ba7afe5e417b2c9cc66b5c38d04da8f6a35957f8",
            "message": "Add tests for CsvUtil import",
            "insertions": 47,
            "deletions": 5
          },
          {
            "hash": "00abc2b7707ba65c89ae2054f842ff4f92c7d5c4",
            "message": "Fixed checkstyle issues",
            "insertions": 10,
            "deletions": 11
          },
          {
            "hash": "d00c9ef001f3378c165c6ea2c37f57b204e29877",
            "message": "Add write to csv, shifted BOM check from test to actual",
            "insertions": 49,
            "deletions": 24
          },
          {
            "hash": "909e077694666eabb97cea0ff08eb8aaf6242416",
            "message": "Add tests for CsvUtil write, fix UTF-8 encoding issue in test data",
            "insertions": 109,
            "deletions": 8
          },
          {
            "hash": "4f90f13e631e703e59a2bb3d0d719a9cc4cdfda8",
            "message": "Add force-set read-only file for test",
            "insertions": 3,
            "deletions": 0
          },
          {
            "hash": "89010b86b0ba90003fe772458ed93c376d4b7f64",
            "message": "Refactor exception handling out of CsvUtils, update tests",
            "insertions": 38,
            "deletions": 39
          },
          {
            "hash": "7f89f69a3331b218e566269ec360ee1d7e97818e",
            "message": "Remove access denied test",
            "insertions": 4,
            "deletions": 1
          }
        ]
      },
      {
        "insertions": 0,
        "deletions": 0,
        "date": "2019-02-27",
        "commitResults": []
      },
      {
        "insertions": 0,
        "deletions": 0,
        "date": "2019-02-28",
        "commitResults": []
      },
      {
        "insertions": 434,
        "deletions": 44,
        "date": "2019-03-01",
        "commitResults": [
          {
            "hash": "4ab7a4bdbb11461980916c009c9213795a747102",
            "message": "Add Lessons manager into ModelManager",
            "insertions": 97,
            "deletions": 6
          },
          {
            "hash": "0e4e7d1ad4aa45b06b23f5f206a1de01c49dec86",
            "message": "Add skeleton for implementation of Lessons in storage",
            "insertions": 115,
            "deletions": 2
          },
          {
            "hash": "73535b545b31c094f5de6cdad4c2cc7fced6ba23",
            "message": "Add skeleton for Lesson Import/Export, separate from main storage",
            "insertions": 72,
            "deletions": 9
          },
          {
            "hash": "ad6d5880155c4c6baa17dde77b0f5dd007514abc",
            "message": "Fix checkstyle",
            "insertions": 6,
            "deletions": 13
          },
          {
            "hash": "74a5a54c6b1e84c16e7c527db10a946a43287a8a",
            "message": "Add user path for lesson save location",
            "insertions": 56,
            "deletions": 6
          },
          {
            "hash": "889dbc0e225633bfe65ecdf11d5842cf8bf6167b",
            "message": "Add initalizer calls in MainApp, paths in userPrefs IO [skip ci]",
            "insertions": 88,
            "deletions": 8
          }
        ]
      },
      {
        "insertions": 361,
        "deletions": 55,
        "date": "2019-03-02",
        "commitResults": [
          {
            "hash": "da81e2cd114e999e66e0ab1bb212eb1e11f251b7",
            "message": "Update tests partially for new Storage and Model constructor",
            "insertions": 16,
            "deletions": 7
          },
          {
            "hash": "ef74809baf86eaee2bff89861e647303afece2b1",
            "message": "Add tests for classes in braintrain.model",
            "insertions": 345,
            "deletions": 48
          }
        ]
      },
      {
        "insertions": 384,
        "deletions": 61,
        "date": "2019-03-03",
        "commitResults": [
          {
            "hash": "6b64748357ff0219fe938933be6d6507756750a1",
            "message": "Add parse of csv lessons in a folder [skip ci]",
            "insertions": 81,
            "deletions": 8
          },
          {
            "hash": "73de3beb2550666ad6526bc2f613cf9c347e942f",
            "message": "Add tests for CsvLessonsStorage reading",
            "insertions": 235,
            "deletions": 34
          },
          {
            "hash": "6520a1273218964ae0bf3a2c0867306b03c003e8",
            "message": "Remove unused paths, updated StorageManager getters",
            "insertions": 6,
            "deletions": 6
          },
          {
            "hash": "87ec54bfe2c052d85880953818005d8b40f19eb2",
            "message": "Implemented missing card loading, default lessons loading",
            "insertions": 62,
            "deletions": 13
          }
        ]
      },
      {
        "insertions": 64,
        "deletions": 43,
        "date": "2019-03-04",
        "commitResults": [
          {
            "hash": "49191007ec5132191a2271695f939308ad43006b",
            "message": "Refactor csv file to lesson parsing",
            "insertions": 64,
            "deletions": 43
          }
        ]
      },
      {
        "insertions": 2,
        "deletions": 2,
        "date": "2019-03-05",
        "commitResults": [
          {
            "hash": "5f942212997d0c232095e044bb612cdf1b46af6d",
            "message": "Rename DigiPie to lowercase",
            "insertions": 1,
            "deletions": 1
          },
          {
            "hash": "f1eb26cf336d2b2b50af54a7b1926d841db065f8",
            "message": "Rename one more instance of camel case",
            "insertions": 1,
            "deletions": 1
          }
        ]
      },
      {
        "insertions": 475,
        "deletions": 13442,
        "date": "2019-03-06",
        "commitResults": [
          {
            "hash": "5eef91a5a5b9e6bc2aa702a1d0a15047dc2e5f1e",
            "message": "Remove seedu",
            "insertions": 0,
            "deletions": 12969
          },
          {
            "hash": "e4b9f7fc59099b1d5e9bab170e07cc92c69e5d7c",
            "message": "Rename braintrain into seedu.address",
            "insertions": 475,
            "deletions": 473
          }
        ]
      },
      {
        "insertions": 0,
        "deletions": 0,
        "date": "2019-03-07",
        "commitResults": []
      },
      {
        "insertions": 5,
        "deletions": 5,
        "date": "2019-03-08",
        "commitResults": [
          {
            "hash": "245c2771ac757c6450a98a895e8f18a2693b190d",
            "message": "Update docs for updated organisation name",
            "insertions": 5,
            "deletions": 5
          }
        ]
      },
      {
        "insertions": 0,
        "deletions": 0,
        "date": "2019-03-09",
        "commitResults": []
      },
      {
        "insertions": 0,
        "deletions": 0,
        "date": "2019-03-10",
        "commitResults": []
      },
      {
        "insertions": 0,
        "deletions": 0,
        "date": "2019-03-11",
        "commitResults": []
      },
      {
        "insertions": 3,
        "deletions": 3,
        "date": "2019-03-12",
        "commitResults": [
          {
            "hash": "9f70be5d143747795724e5e0a042714ab35c8abe",
            "message": "Remove header",
            "insertions": 2,
            "deletions": 2
          },
          {
            "hash": "6bc4f8adb27ebfa60f6c917699a0c497bdcecda4",
            "message": "Add opencsv attribution",
            "insertions": 1,
            "deletions": 1
          }
        ]
      }
    ],
    "halcyoneee": [
      {
        "insertions": 0,
        "deletions": 0,
        "date": "2019-02-10",
        "commitResults": []
      },
      {
        "insertions": 0,
        "deletions": 0,
        "date": "2019-02-11",
        "commitResults": []
      },
      {
        "insertions": 0,
        "deletions": 0,
        "date": "2019-02-12",
        "commitResults": []
      },
      {
        "insertions": 0,
        "deletions": 0,
        "date": "2019-02-13",
        "commitResults": []
      },
      {
        "insertions": 0,
        "deletions": 0,
        "date": "2019-02-14",
        "commitResults": []
      },
      {
        "insertions": 0,
        "deletions": 0,
        "date": "2019-02-15",
        "commitResults": []
      },
      {
        "insertions": 0,
        "deletions": 0,
        "date": "2019-02-16",
        "commitResults": []
      },
      {
        "insertions": 0,
        "deletions": 0,
        "date": "2019-02-17",
        "commitResults": []
      },
      {
        "insertions": 101,
        "deletions": 4,
        "date": "2019-02-18",
        "commitResults": [
          {
            "hash": "3a19f0dd19e662df24b4677020e0a086fface146",
            "message": "Update AboutUs and UGDG.",
            "insertions": 101,
            "deletions": 4
          }
        ]
      },
      {
        "insertions": 76,
        "deletions": 15,
        "date": "2019-02-19",
        "commitResults": [
          {
            "hash": "f2e237df7d7ad2a95363740aaf0490a0670838bf",
            "message": "Update DG on Target Scope, User Stories and Glossary",
            "insertions": 76,
            "deletions": 15
          }
        ]
      },
      {
        "insertions": 0,
        "deletions": 0,
        "date": "2019-02-20",
        "commitResults": []
      },
      {
        "insertions": 0,
        "deletions": 0,
        "date": "2019-02-21",
        "commitResults": []
      },
      {
        "insertions": 0,
        "deletions": 0,
        "date": "2019-02-22",
        "commitResults": []
      },
      {
        "insertions": 0,
        "deletions": 0,
        "date": "2019-02-23",
        "commitResults": []
      },
      {
        "insertions": 0,
        "deletions": 0,
        "date": "2019-02-24",
        "commitResults": []
      },
      {
        "insertions": 159,
        "deletions": 1,
        "date": "2019-02-25",
        "commitResults": [
          {
            "hash": "139c9e3ace2be61eb8e4f4974a687c4cdad45e6a",
            "message": "Update filepaths to test",
            "insertions": 3,
            "deletions": 0
          },
          {
            "hash": "0bda3e449bcd0c552666a0fd7ed4658d744585b7",
            "message": "Fix typo in filepath",
            "insertions": 1,
            "deletions": 1
          },
          {
            "hash": "f36760c546d47a1af9866d1313e9870828d6527b",
            "message": "Fix missing tag in UG",
            "insertions": 2,
            "deletions": 0
          },
          {
            "hash": "4d526d5daf32f150826a7e1842657104a4808e17",
            "message": "Integrate AB4 AppUtil",
            "insertions": 29,
            "deletions": 0
          },
          {
            "hash": "264ce27f9ff03dbb8fa201ff85bc0247981c3260",
            "message": "Add QuizCard with tests",
            "insertions": 124,
            "deletions": 0
          }
        ]
      },
      {
        "insertions": 433,
        "deletions": 37,
        "date": "2019-02-26",
        "commitResults": [
          {
            "hash": "7345d4760028be7b48ce6999db93fd6d49d72946",
            "message": "Update QuizCard to throw error if question only contains whitespaces",
            "insertions": 30,
            "deletions": 2
          },
          {
            "hash": "99432ec0fb02b959803cbfe72206554c4d0a2751",
            "message": "Add basic Quiz with tests",
            "insertions": 74,
            "deletions": 0
          },
          {
            "hash": "9d8edafd74fdbca86944c245953674ff6447e03a",
            "message": "Add new constructor to QuizCard to support index and more testcases",
            "insertions": 42,
            "deletions": 5
          },
          {
            "hash": "b5af2cc1b57b938a73b726f2eed8bb74a822a77e",
            "message": "Add generate to Quiz with relevant tests",
            "insertions": 109,
            "deletions": 3
          },
          {
            "hash": "b5396c098b28e0d50673746b8cbc41e2426356e5",
            "message": "Update DG user stories",
            "insertions": 3,
            "deletions": 1
          },
          {
            "hash": "2c2e86fad7f2be37923efbb2cf5aa9779831a9eb",
            "message": "Fix generate logic and add more tests",
            "insertions": 18,
            "deletions": 4
          },
          {
            "hash": "7bc070f3b34f8887ead33cd2996a112e744d81be",
            "message": "Add getNextCard for Quiz with tests",
            "insertions": 70,
            "deletions": 0
          },
          {
            "hash": "9edca2945d294192fa4dd100ff1e0b51ae2d2246",
            "message": "Add isCorrect and updateTotalAttemptsandStreak to QuizCard with tests",
            "insertions": 84,
            "deletions": 0
          },
          {
            "hash": "4cda87264e1195fcdb3e48f26c4177fdcedda5fe",
            "message": "Remove unused variables and comments",
            "insertions": 0,
            "deletions": 19
          },
          {
            "hash": "9cea76cfbbc6b8078332c5c32ef8e3e17f0949a9",
            "message": "Fix tests to suit code style",
            "insertions": 3,
            "deletions": 3
          }
        ]
      },
      {
        "insertions": 62,
        "deletions": 11,
        "date": "2019-02-27",
        "commitResults": [
          {
            "hash": "932a70df46f8a131f30af693f8629203c3cd97ba",
            "message": "Integrate AB4 AppUtilTest",
            "insertions": 31,
            "deletions": 0
          },
          {
            "hash": "062ac0611429db7ff59087892a18b16a49012ec9",
            "message": "Fix exception",
            "insertions": 31,
            "deletions": 11
          }
        ]
      },
      {
        "insertions": 4519,
        "deletions": 25,
        "date": "2019-02-28",
        "commitResults": [
          {
            "hash": "ad48c7e961b5e642167ceb7d791b400c6edf6f83",
            "message": "Integrate all relevant AB4 classes and tests for MainApp",
            "insertions": 4498,
            "deletions": 4
          },
          {
            "hash": "6e80982f261e5cc721da59416911d4b480819a3c",
            "message": "Fix code styles error and warning",
            "insertions": 17,
            "deletions": 21
          },
          {
            "hash": "69818ee08741de5a9f7747e2ea71514f5dcf34ff",
            "message": "Fix code style",
            "insertions": 4,
            "deletions": 0
          }
        ]
      },
      {
        "insertions": 48,
        "deletions": 38,
        "date": "2019-03-01",
        "commitResults": [
          {
            "hash": "2a7802dff12ce87dcd13f29a827ffb44e9fb6f53",
            "message": "Add isNextCheck to Quiz with tests",
            "insertions": 37,
            "deletions": 1
          },
          {
            "hash": "3c6602aa2ed8349a9a67f0c4eba584afabd00d6a",
            "message": "Fix getNextCard",
            "insertions": 1,
            "deletions": 1
          },
          {
            "hash": "0ceb7fd0886a99d526030c0f2dd3c1cddd0bcfd5",
            "message": "Fix Quiz generate flow",
            "insertions": 10,
            "deletions": 36
          }
        ]
      },
      {
        "insertions": 481,
        "deletions": 75,
        "date": "2019-03-02",
        "commitResults": [
          {
            "hash": "0743443aa3ce0a10aa57d0803674f80fd3e1dc94",
            "message": "Move everything quiz related over to its own folder",
            "insertions": 19,
            "deletions": 8
          },
          {
            "hash": "c264a80fb2cc28710b7cc4cafa219a92ae464e3b",
            "message": "Update Quiz with new methods and tests",
            "insertions": 99,
            "deletions": 12
          },
          {
            "hash": "0c66c7c77b93d7e17934a183e5fd0639bb7b2f8c",
            "message": "Fix import order",
            "insertions": 2,
            "deletions": 3
          },
          {
            "hash": "087a7b32af78e5afc9da0ac3f57f331391819ef9",
            "message": "Fix QuizCard hashcode",
            "insertions": 23,
            "deletions": 3
          },
          {
            "hash": "d8f828ecac2d34e34286595c86e091190e090310",
            "message": "Fix bug in Quiz and include more tests",
            "insertions": 43,
            "deletions": 1
          },
          {
            "hash": "7235ea9153c92a5fbef22bd21f425d1ce06488ff",
            "message": "Update Quiz with getCurrentQuizCard and tests",
            "insertions": 22,
            "deletions": 0
          },
          {
            "hash": "ff82b6edce93ea246abcc66bffd7e6388ccae1c1",
            "message": "Fix naming convention",
            "insertions": 11,
            "deletions": 11
          },
          {
            "hash": "7fcf5e02431063542063d53ff19f1e4bfc722209",
            "message": "Add QuizModel and QuizModelManager with tests",
            "insertions": 225,
            "deletions": 0
          },
          {
            "hash": "9d402399531085c8c0efde55710e9f80ea058eea",
            "message": "Fix naming convention",
            "insertions": 12,
            "deletions": 12
          },
          {
            "hash": "3316af7c9ef3366c8c33f727dceef02fcf14d1d0",
            "message": "Fix naming convention in tests",
            "insertions": 25,
            "deletions": 25
          }
        ]
      },
      {
        "insertions": 1004,
        "deletions": 66,
        "date": "2019-03-03",
        "commitResults": [
          {
            "hash": "e8fe300a52871e6dcc09afb5b32d74ea90f99cc9",
            "message": "Add AnswerCommand",
            "insertions": 297,
            "deletions": 1
          },
          {
            "hash": "7ac9b5965da47e0c70d57c9758d9f6f4299b8391",
            "message": "Update generate in Quiz and add equals with tests",
            "insertions": 162,
            "deletions": 50
          },
          {
            "hash": "60df23f5a9be07fb2a0964bd3b6f1c9390c38664",
            "message": "Update QuizModelManager with tests",
            "insertions": 51,
            "deletions": 2
          },
          {
            "hash": "5d02da0fdfa1d7eed00f939249bf86f353f35199",
            "message": "Add QuizCommand",
            "insertions": 22,
            "deletions": 0
          },
          {
            "hash": "3cced849c03d168efa88f16fd3fa781306ea287b",
            "message": "Add QuizModeParser with tests",
            "insertions": 115,
            "deletions": 0
          },
          {
            "hash": "c5596e5a2fc51487e500b7d17e4316ba49126d87",
            "message": "Add StartCommand with tests",
            "insertions": 106,
            "deletions": 0
          },
          {
            "hash": "9b4ec7dcbad18c57fb918afb10301251e06f9034",
            "message": "Remove unused variables and fix AnswerCommand logic",
            "insertions": 50,
            "deletions": 12
          },
          {
            "hash": "ce44e03292f6ada635158f3d69e755521749e24d",
            "message": "Fix unnecessary use of fully qualified name",
            "insertions": 1,
            "deletions": 1
          },
          {
            "hash": "cd42a5a4e51c00d519da131a0022a9efa7f0b0dd",
            "message": "Add AB4 CommandBoxTest",
            "insertions": 162,
            "deletions": 0
          },
          {
            "hash": "a6a55514c7a5bab1b729e39e59f4d4e71db4cee9",
            "message": "Add more tests for UserPrefsTest",
            "insertions": 38,
            "deletions": 0
          }
        ]
      },
      {
        "insertions": 146,
        "deletions": 10,
        "date": "2019-03-04",
        "commitResults": [
          {
            "hash": "f23b162b13956c2d4efbdcd0f9a3cd320e5a1dc5",
            "message": "Remove unused import",
            "insertions": 0,
            "deletions": 1
          },
          {
            "hash": "3c0e5d31b2a3c67c3e5786819113c879e103259c",
            "message": "Update the rest to use QuizModel",
            "insertions": 146,
            "deletions": 9
          }
        ]
      },
      {
        "insertions": 0,
        "deletions": 0,
        "date": "2019-03-05",
        "commitResults": []
      },
      {
        "insertions": 213,
        "deletions": 2318,
        "date": "2019-03-06",
        "commitResults": [
          {
            "hash": "b4be2a0c9d28effd0341127ad3069dba9efede1b",
            "message": "Remove unused files",
            "insertions": 0,
            "deletions": 1582
          },
          {
            "hash": "9f0a982f42b1976bbd3d086d0c996de0d95a438f",
            "message": "Remove unused methods",
            "insertions": 125,
            "deletions": 212
          },
          {
            "hash": "53312dce2563e78ac9d5877fde2557f704bd1738",
            "message": "Fix imports order",
            "insertions": 86,
            "deletions": 88
          },
          {
            "hash": "47afd3346a97315923f8e3d4b3d7bc0558c2a426",
            "message": "Fix FxRoot",
            "insertions": 1,
            "deletions": 40
          },
          {
            "hash": "e22c560d38e68cfd126a5bb29ce7e0a55a8d225e",
            "message": "Remove unused file",
            "insertions": 0,
            "deletions": 11
          },
          {
            "hash": "1e802bc8ad66ac9ecd5c284e195a82814bf2bbaf",
            "message": "Delete systemtests",
            "insertions": 0,
            "deletions": 381
          },
          {
            "hash": "38c04295c7c293ecd9b2e0a4a276777272cce891",
            "message": "Update build.gradle",
            "insertions": 1,
            "deletions": 4
          }
        ]
      },
      {
        "insertions": 0,
        "deletions": 0,
        "date": "2019-03-07",
        "commitResults": []
      },
      {
        "insertions": 57,
        "deletions": 57,
        "date": "2019-03-08",
        "commitResults": [
          {
            "hash": "6b55fa3c00d8b40399d43b66afdd00c565e26d06",
            "message": "Refactor AnswerCommand to QuizAnswerCommand",
            "insertions": 44,
            "deletions": 44
          },
          {
            "hash": "e5e28d6f54eeea1c1bbc6dd792928d5bae9f8cc3",
            "message": "Move quiz commands to logic",
            "insertions": 9,
            "deletions": 9
          },
          {
            "hash": "b212bd18a65692df17fa9be1c823e9ddf90637f3",
            "message": "Fix imports order",
            "insertions": 4,
            "deletions": 4
          }
        ]
      },
      {
        "insertions": 69,
        "deletions": 34,
        "date": "2019-03-09",
        "commitResults": [
          {
            "hash": "3ab159d33e5315f9ab9c65c0aa63fa3fc7adff96",
            "message": "Update DG to include QuizModel and QuizAnswerCommand diagrams",
            "insertions": 43,
            "deletions": 16
          },
          {
            "hash": "ac84f1f0e066b0010d0d7f7544308bb166bb45f4",
            "message": "Update halcyoneee PPP",
            "insertions": 21,
            "deletions": 9
          },
          {
            "hash": "2f7689f9c101dd0cc9df4d2e8c28b44ae4e2c657",
            "message": "Move quiz commands to logic",
            "insertions": 3,
            "deletions": 6
          },
          {
            "hash": "4082bc3398e7a3cb994ea7ecc15cdd7473e3871a",
            "message": "Add MESSAGE_USAGE and remove unused variable",
            "insertions": 2,
            "deletions": 3
          }
        ]
      },
      {
        "insertions": 0,
        "deletions": 0,
        "date": "2019-03-10",
        "commitResults": []
      },
      {
        "insertions": 0,
        "deletions": 0,
        "date": "2019-03-11",
        "commitResults": []
      },
      {
        "insertions": 71,
        "deletions": 9,
        "date": "2019-03-12",
        "commitResults": [
          {
            "hash": "c29e43fe174963d5bcc1e8b0784e52f79eb2568b",
            "message": "Add QuizHelpCommand with tests",
            "insertions": 62,
            "deletions": 0
          },
          {
            "hash": "0a612c9db312ba70b614d49d1c3a263f275e3b58",
            "message": "Update README for BrainTrain",
            "insertions": 9,
            "deletions": 9
          }
        ]
      }
    ],
    "lallanachang": [
      {
        "insertions": 0,
        "deletions": 0,
        "date": "2019-02-10",
        "commitResults": []
      },
      {
        "insertions": 0,
        "deletions": 0,
        "date": "2019-02-11",
        "commitResults": []
      },
      {
        "insertions": 0,
        "deletions": 0,
        "date": "2019-02-12",
        "commitResults": []
      },
      {
        "insertions": 0,
        "deletions": 0,
        "date": "2019-02-13",
        "commitResults": []
      },
      {
        "insertions": 0,
        "deletions": 0,
        "date": "2019-02-14",
        "commitResults": []
      },
      {
        "insertions": 0,
        "deletions": 0,
        "date": "2019-02-15",
        "commitResults": []
      },
      {
        "insertions": 0,
        "deletions": 0,
        "date": "2019-02-16",
        "commitResults": []
      },
      {
        "insertions": 0,
        "deletions": 0,
        "date": "2019-02-17",
        "commitResults": []
      },
      {
        "insertions": 97,
        "deletions": 2,
        "date": "2019-02-18",
        "commitResults": [
          {
            "hash": "5131c34a22e642d2181428396e857037062ff0fb",
            "message": "Update AboutUs and my portfolio",
            "insertions": 51,
            "deletions": 0
          },
          {
            "hash": "1ecce19235d4a94e6201b5c8f363015b5a737e64",
            "message": "change name of photo",
            "insertions": 1,
            "deletions": 1
          },
          {
            "hash": "a531365a0a1a6e81c00dab4afafa7794a0f51e84",
            "message": "change name of portfolio",
            "insertions": 45,
            "deletions": 1
          }
        ]
      },
      {
        "insertions": 103,
        "deletions": 11,
        "date": "2019-02-19",
        "commitResults": [
          {
            "hash": "3473e76f0be40096a3e8425718aaa734a178ea94",
            "message": "Use case",
            "insertions": 103,
            "deletions": 10
          },
          {
            "hash": "018970bfcad0099100a9f88e89839e3cfd1f08e9",
            "message": "Use case",
            "insertions": 0,
            "deletions": 1
          }
        ]
      },
      {
        "insertions": 0,
        "deletions": 0,
        "date": "2019-02-20",
        "commitResults": []
      },
      {
        "insertions": 0,
        "deletions": 0,
        "date": "2019-02-21",
        "commitResults": []
      },
      {
        "insertions": 0,
        "deletions": 0,
        "date": "2019-02-22",
        "commitResults": []
      },
      {
        "insertions": 0,
        "deletions": 0,
        "date": "2019-02-23",
        "commitResults": []
      },
      {
        "insertions": 0,
        "deletions": 0,
        "date": "2019-02-24",
        "commitResults": []
      },
      {
        "insertions": 0,
        "deletions": 0,
        "date": "2019-02-25",
        "commitResults": []
      },
      {
        "insertions": 0,
        "deletions": 0,
        "date": "2019-02-26",
        "commitResults": []
      },
      {
        "insertions": 0,
        "deletions": 0,
        "date": "2019-02-27",
        "commitResults": []
      },
      {
        "insertions": 0,
        "deletions": 0,
        "date": "2019-02-28",
        "commitResults": []
      },
      {
        "insertions": 0,
        "deletions": 0,
        "date": "2019-03-01",
        "commitResults": []
      },
      {
        "insertions": 0,
        "deletions": 0,
        "date": "2019-03-02",
        "commitResults": []
      },
      {
        "insertions": 261,
        "deletions": 39,
        "date": "2019-03-03",
        "commitResults": [
          {
            "hash": "2f5c13719e5f440a7a2bfab2b515378fd45b17b9",
            "message": "v1.1 draft",
            "insertions": 17,
            "deletions": 0
          },
          {
            "hash": "38dad1777254c57caf2862c2eac6cf4688d4fb24",
            "message": "Update some methods",
            "insertions": 34,
            "deletions": 0
          },
          {
            "hash": "c649b78a7e52fa86f1677a5b27f0f85dd504e3f8",
            "message": "Update srscardsmanager",
            "insertions": 44,
            "deletions": 3
          },
          {
            "hash": "b3e49d6b136185be5d1c387aba1b21136a155fec",
            "message": "session class",
            "insertions": 48,
            "deletions": 1
          },
          {
            "hash": "86fc0cbc7f97b88dd6a76399c1788a60b39e2edf",
            "message": "session class",
            "insertions": 81,
            "deletions": 1
          },
          {
            "hash": "183a6c7d3f639d92c7ae00a30b5d7dfae9e9fc07",
            "message": "change name",
            "insertions": 3,
            "deletions": 3
          },
          {
            "hash": "8a2319042856e49764daf477f041b1f84fae3baa",
            "message": "change name",
            "insertions": 5,
            "deletions": 5
          },
          {
            "hash": "1b0ee4f33342404d747f7adcacc557b607bc1178",
            "message": "update class name again...",
            "insertions": 9,
            "deletions": 9
          },
          {
            "hash": "fbe0c1a612513bfe92791b40323ff2f4e11e3037",
            "message": "...",
            "insertions": 20,
            "deletions": 17
          }
        ]
      },
      {
        "insertions": 0,
        "deletions": 0,
        "date": "2019-03-04",
        "commitResults": []
      },
      {
        "insertions": 64,
        "deletions": 39,
        "date": "2019-03-05",
        "commitResults": [
          {
            "hash": "70c963cb49a7db74917c87dd5dee32f5681d2668",
            "message": "update srsduedate method",
            "insertions": 47,
            "deletions": 27
          },
          {
            "hash": "a89ebf5e44d4a533c331ad0c3f4b8b837fbda2d2",
            "message": "nest if",
            "insertions": 4,
            "deletions": 8
          },
          {
            "hash": "2e27a67c2211fb2051a3d4b17e12c8aff0464ea4",
            "message": "nest if",
            "insertions": 2,
            "deletions": 2
          },
          {
            "hash": "b1be88be51037acad6b65de48c553315fc9f42dc",
            "message": "small changes",
            "insertions": 11,
            "deletions": 2
          }
        ]
      },
      {
        "insertions": 0,
        "deletions": 0,
        "date": "2019-03-06",
        "commitResults": []
      },
      {
        "insertions": 0,
        "deletions": 0,
        "date": "2019-03-07",
        "commitResults": []
      },
      {
        "insertions": 0,
        "deletions": 0,
        "date": "2019-03-08",
        "commitResults": []
      },
      {
        "insertions": 0,
        "deletions": 0,
        "date": "2019-03-09",
        "commitResults": []
      },
      {
        "insertions": 0,
        "deletions": 0,
        "date": "2019-03-10",
        "commitResults": []
      },
      {
        "insertions": 0,
        "deletions": 0,
        "date": "2019-03-11",
        "commitResults": []
      },
      {
        "insertions": 0,
        "deletions": 0,
        "date": "2019-03-12",
        "commitResults": []
      }
    ],
    "DigiPie": [
      {
        "insertions": 0,
        "deletions": 0,
        "date": "2019-02-10",
        "commitResults": []
      },
      {
        "insertions": 0,
        "deletions": 0,
        "date": "2019-02-11",
        "commitResults": []
      },
      {
        "insertions": 0,
        "deletions": 0,
        "date": "2019-02-12",
        "commitResults": []
      },
      {
        "insertions": 0,
        "deletions": 0,
        "date": "2019-02-13",
        "commitResults": []
      },
      {
        "insertions": 0,
        "deletions": 0,
        "date": "2019-02-14",
        "commitResults": []
      },
      {
        "insertions": 0,
        "deletions": 0,
        "date": "2019-02-15",
        "commitResults": []
      },
      {
        "insertions": 0,
        "deletions": 0,
        "date": "2019-02-16",
        "commitResults": []
      },
      {
        "insertions": 0,
        "deletions": 0,
        "date": "2019-02-17",
        "commitResults": []
      },
      {
        "insertions": 48,
        "deletions": 84,
        "date": "2019-02-18",
        "commitResults": [
          {
            "hash": "d91bd46e110b072b828d4915d28a81447c0bae75",
            "message": "Add dummy PPP - DigiPie.adoc, and remove placeholder",
            "insertions": 44,
            "deletions": 72
          },
          {
            "hash": "93305d9aad5cbc93976cb802cd8fba4c6704c797",
            "message": "Add personal entry into AboutUs.adoc",
            "insertions": 4,
            "deletions": 12
          }
        ]
      },
      {
        "insertions": 112,
        "deletions": 106,
        "date": "2019-02-19",
        "commitResults": [
          {
            "hash": "33efe90a7e470a94017a5c7691b08f7a5c1375ab",
            "message": "Update UG and DG",
            "insertions": 112,
            "deletions": 106
          }
        ]
      },
      {
        "insertions": 0,
        "deletions": 0,
        "date": "2019-02-20",
        "commitResults": []
      },
      {
        "insertions": 0,
        "deletions": 0,
        "date": "2019-02-21",
        "commitResults": []
      },
      {
        "insertions": 0,
        "deletions": 0,
        "date": "2019-02-22",
        "commitResults": []
      },
      {
        "insertions": 0,
        "deletions": 0,
        "date": "2019-02-23",
        "commitResults": []
      },
      {
        "insertions": 402,
        "deletions": 18,
        "date": "2019-02-24",
        "commitResults": [
          {
            "hash": "f184d27dcf0dae71a69e002393d17b9aa6f4835f",
            "message": "Update UG",
            "insertions": 7,
            "deletions": 3
          },
          {
            "hash": "459e0778e9f31eddc5fa307a0c4e4f1f474e2a36",
            "message": "Update UG",
            "insertions": 2,
            "deletions": 2
          },
          {
            "hash": "cc20a837c3c41c6c29cfe0af0eac8c31419dab6c",
            "message": "Remove delete_me.txt",
            "insertions": 1,
            "deletions": 1
          },
          {
            "hash": "faed213638272a6ccf7642a90f714907d3627124",
            "message": "Add Card.java",
            "insertions": 65,
            "deletions": 0
          },
          {
            "hash": "f8b31e31ced3c4e584eeeae43b4e980562569fc8",
            "message": "Remove util/delete_me.txt",
            "insertions": 0,
            "deletions": 1
          },
          {
            "hash": "af78886bcbaaec82bf428c94c2265676c047c6f5",
            "message": "Integrate AB4 component CollectionUtil.java",
            "insertions": 35,
            "deletions": 0
          },
          {
            "hash": "48b4cfb33f9e5bd9af37b036411b29d28cc0a750",
            "message": "Update Card.java",
            "insertions": 3,
            "deletions": 1
          },
          {
            "hash": "a2211e6d1a2d7b37f985e3f219ab03b8c2e3b77e",
            "message": "Update HelpWindowTest.java",
            "insertions": 0,
            "deletions": 1
          },
          {
            "hash": "eba7314345b031d8c37cae58d9b997a88ea07f20",
            "message": "Integrate AB4 test CollectionUtilTest.java",
            "insertions": 119,
            "deletions": 0
          },
          {
            "hash": "bf32e49013de8d117b074de91a158c23d8d4d075",
            "message": "Update Card.java",
            "insertions": 42,
            "deletions": 5
          },
          {
            "hash": "1e392210c5182c913fd98eeab7e02e5a16eea439",
            "message": "Add CardBuilder.java",
            "insertions": 58,
            "deletions": 0
          },
          {
            "hash": "1d212989ed53d0c69bf571a3a010cd25cbb3bc2b",
            "message": "Add TypicalCards.java",
            "insertions": 28,
            "deletions": 0
          },
          {
            "hash": "e3de7747ff1dbc6903bae73dca87181d5ec1e44c",
            "message": "Add CardTest.java",
            "insertions": 41,
            "deletions": 0
          },
          {
            "hash": "67a822dd7c3fce43b1b6c692204ec9ee91346852",
            "message": "Fix CardTest.java",
            "insertions": 1,
            "deletions": 4
          }
        ]
      },
      {
        "insertions": 0,
        "deletions": 0,
        "date": "2019-02-25",
        "commitResults": []
      },
      {
        "insertions": 0,
        "deletions": 0,
        "date": "2019-02-26",
        "commitResults": []
      },
      {
        "insertions": 0,
        "deletions": 0,
        "date": "2019-02-27",
        "commitResults": []
      },
      {
        "insertions": 188,
        "deletions": 57,
        "date": "2019-02-28",
        "commitResults": [
          {
            "hash": "a8005bb6e611532f2485f3721d13577350cf58b3",
            "message": "Fix bug for UiPartTest.java",
            "insertions": 29,
            "deletions": 18
          },
          {
            "hash": "bfac843f15ad616fa16c1fb35a7518623fd4d35a",
            "message": "Fix bug in Card.java",
            "insertions": 19,
            "deletions": 0
          },
          {
            "hash": "20b0f10600d225260997dbc0a6fc2ba1b25e16cd",
            "message": "Update CardTest.java with more test cases",
            "insertions": 17,
            "deletions": 1
          },
          {
            "hash": "c89c854319a00a5037809057d7befdf42da6ac0a",
            "message": "Update Card with custom toString()",
            "insertions": 35,
            "deletions": 8
          },
          {
            "hash": "a7fda18d6eb9cf8cd25f302e87f449de88e831d0",
            "message": "Refactor Card associated files with Javadoc",
            "insertions": 86,
            "deletions": 26
          },
          {
            "hash": "d76157815664dda90495d6f445d98846f63dfdb9",
            "message": "Delete placeholder delete_me.txt files",
            "insertions": 0,
            "deletions": 2
          },
          {
            "hash": "b0156a6fed77ca03aeecaa4b7767d500fe119b5f",
            "message": "Vaporise whitespaces",
            "insertions": 2,
            "deletions": 2
          }
        ]
      },
      {
        "insertions": 13,
        "deletions": 16,
        "date": "2019-03-01",
        "commitResults": [
          {
            "hash": "a48ec5572a2a0eb47c3f7ece3407f1a65472ecfc",
            "message": "Update Javadoc in Card associated files",
            "insertions": 0,
            "deletions": 12
          },
          {
            "hash": "a50866d09e9ac91f97ac6b94306ded8625ada91b",
            "message": "Update Card.java and CardTest.java for hash code",
            "insertions": 13,
            "deletions": 4
          }
        ]
      },
      {
        "insertions": 132,
        "deletions": 42,
        "date": "2019-03-02",
        "commitResults": [
          {
            "hash": "9dedecf8567c4ddcb30e559ac537856378ef4584",
            "message": "Clear remaining delete_me.txt",
            "insertions": 0,
            "deletions": 3
          },
          {
            "hash": "3191cda96965f17ef4dc904527afae8ffd004190",
            "message": "Refactor MissingCoreValueException",
            "insertions": 48,
            "deletions": 16
          },
          {
            "hash": "d9053b6953e64826a9a221f82361b64532e6ecfc",
            "message": "Refactor MissingCoreException.java",
            "insertions": 2,
            "deletions": 2
          },
          {
            "hash": "033d32d2ae578a71aec5a8a2ff8f062d8be3633a",
            "message": "Add MissingOptionalException.java",
            "insertions": 46,
            "deletions": 2
          },
          {
            "hash": "eb8b07db13946c6762d0c4a414a1e5165817e87d",
            "message": "Update Card.java with exceptions",
            "insertions": 14,
            "deletions": 0
          },
          {
            "hash": "638293c457db76ec531a07a14c8d0faa26e3ddf2",
            "message": "Update MissingCoreException and MissingOptionalException",
            "insertions": 0,
            "deletions": 18
          },
          {
            "hash": "3f645b8b4f045ebbe71644660a1edea071f6f031",
            "message": "Update CardTest and LessonTest",
            "insertions": 22,
            "deletions": 1
          }
        ]
      },
      {
        "insertions": 250,
        "deletions": 159,
        "date": "2019-03-03",
        "commitResults": [
          {
            "hash": "b6143e84ee16c2efed4db942f8fd2f67d1dbae9a",
            "message": "Refactor Card testing code",
            "insertions": 36,
            "deletions": 40
          },
          {
            "hash": "8931c2b3a761a9bb5dc9818451fc38fa8d1aebef",
            "message": "Add LessonBuilder and TypicalLessons",
            "insertions": 137,
            "deletions": 67
          },
          {
            "hash": "c5cc68c27ca867332d4f07e5f8c6ee79989d8755",
            "message": "Fix Lesson, LessonTest, LessonBuilder",
            "insertions": 17,
            "deletions": 4
          },
          {
            "hash": "3dd32981f8cc36bca7c773046b1fe4c6ec7e6220",
            "message": "Refactor Card and related Exceptions",
            "insertions": 60,
            "deletions": 48
          }
        ]
      },
      {
        "insertions": 386,
        "deletions": 223,
        "date": "2019-03-04",
        "commitResults": [
          {
            "hash": "99fc59366efebc6bb16a1f6ce1c23478e6977066",
            "message": "Update Card with new constructor",
            "insertions": 32,
            "deletions": 1
          },
          {
            "hash": "96e9a5fc834d01baec6d5ef939de58783951b264",
            "message": "Update MissingCoreException and MissingOptionalException",
            "insertions": 33,
            "deletions": 15
          },
          {
            "hash": "612a18fea0b4c58efb7d1cb6d15e823be7560b0a",
            "message": "Refactor Lesson",
            "insertions": 224,
            "deletions": 101
          },
          {
            "hash": "cabbf689fbd76b261c09966105f95d4b4aa7e324",
            "message": "Refactor CsvLessonsStorage and Tests",
            "insertions": 42,
            "deletions": 57
          },
          {
            "hash": "b583c3e71cdc473a9d7f981c3becd0be4938170e",
            "message": "Fix Lesson bugs",
            "insertions": 42,
            "deletions": 33
          },
          {
            "hash": "26c4b880a25613054d26367c01e0a76f9dcbf989",
            "message": "Fix LessonBuilder",
            "insertions": 7,
            "deletions": 6
          },
          {
            "hash": "9205f69753151615f595e571ec831625b0a9e2cd",
            "message": "Fix Lesson.java",
            "insertions": 3,
            "deletions": 3
          },
          {
            "hash": "aee894291eef0fd4448d0635be6a49acbc494511",
            "message": "Kill whitespaces",
            "insertions": 2,
            "deletions": 2
          },
          {
            "hash": "ff65525f2af2325a05c41bb1bf374a328b55a199",
            "message": "Fix incorrect method in Lesson.java",
            "insertions": 1,
            "deletions": 5
          }
        ]
      },
      {
        "insertions": 0,
        "deletions": 0,
        "date": "2019-03-05",
        "commitResults": []
      },
      {
        "insertions": 0,
        "deletions": 0,
        "date": "2019-03-06",
        "commitResults": []
      },
      {
        "insertions": 0,
        "deletions": 0,
        "date": "2019-03-07",
        "commitResults": []
      },
      {
        "insertions": 0,
        "deletions": 0,
        "date": "2019-03-08",
        "commitResults": []
      },
      {
        "insertions": 0,
        "deletions": 0,
        "date": "2019-03-09",
        "commitResults": []
      },
      {
        "insertions": 0,
        "deletions": 0,
        "date": "2019-03-10",
        "commitResults": []
      },
      {
        "insertions": 0,
        "deletions": 0,
        "date": "2019-03-11",
        "commitResults": []
      },
      {
        "insertions": 476,
        "deletions": 325,
        "date": "2019-03-12",
        "commitResults": [
          {
            "hash": "41c1cf9a312b32fb8e30a6efdbb9b537324a1fe0",
            "message": "Refactor Card",
            "insertions": 10,
            "deletions": 58
          },
          {
            "hash": "1d9bedcc81f835659f9f65bf90cc46352c1d7c94",
            "message": "Update Card",
            "insertions": 25,
            "deletions": 25
          },
          {
            "hash": "777a3651ef54261df799f58e6b53e9d8a0e05643",
            "message": "Refactor Lesson",
            "insertions": 214,
            "deletions": 95
          },
          {
            "hash": "858adb9fb4da21a5f817fbd987caf8f54d640db3",
            "message": "Refactor CsvLessonsStorage due to Card change",
            "insertions": 0,
            "deletions": 2
          },
          {
            "hash": "04533b2a126506198f2138efbe04079889dfdb90",
            "message": "Refactor CardBuilder and TypicalCards for Lesson change",
            "insertions": 5,
            "deletions": 5
          },
          {
            "hash": "b3b12ac98636730496d91f8592b03b373133df48",
            "message": "Update TypicalCards with more Cards",
            "insertions": 12,
            "deletions": 0
          },
          {
            "hash": "d9cfdb97092f56437bb67cc8f2f4e635aae96d41",
            "message": "Update Lesson",
            "insertions": 1,
            "deletions": 1
          },
          {
            "hash": "f1784caeee71b9c6db2bbce70226311a1bd2984d",
            "message": "Fix bug in Lesson",
            "insertions": 4,
            "deletions": 11
          },
          {
            "hash": "0380f8f360e9ffc6c654463188b97df6d7c5a17f",
            "message": "Update TypicalCards with more Cards for Lessons",
            "insertions": 9,
            "deletions": 0
          },
          {
            "hash": "ac033c7efced34b8482bc65f0e6b4734e55d6bc1",
            "message": "Update LessonTest, LessonBuilder, TypicalLessons",
            "insertions": 193,
            "deletions": 123
          },
          {
            "hash": "786225c26a808e790020ac090d71eba9c4d1eeb5",
            "message": "Update LessonTest",
            "insertions": 3,
            "deletions": 4
          },
          {
            "hash": "b225ac7be5af474e2d22da983e115e634bb9288d",
            "message": "Refactor CsvLessonsStorage",
            "insertions": 0,
            "deletions": 1
          }
        ]
      }
    ]
  },
  "authorFinalContributionMap": {
    "jeraldtsy": 263,
    "eugenefdw": 1405,
    "halcyoneee": 2277,
    "lallanachang": 362,
    "DigiPie": 1220
  },
  "authorContributionVariance": {
    "jeraldtsy": 1561.2511,
    "eugenefdw": 6046464.5,
    "halcyoneee": 823377.5,
    "lallanachang": 3585.9824,
    "DigiPie": 39184.676
  },
  "authorDisplayNameMap": {
    "jeraldtsy": "TAN...ALD",
    "eugenefdw": "EUG...WEI",
    "halcyoneee": "LEE...ING",
    "lallanachang": "CHA...LEI",
    "DigiPie": "EVA...TAY"
  }
}
