{
  "authorDailyContributionsMap": {
    "Beesaycheese": [
      {
        "insertions": 0,
        "deletions": 0,
        "date": "2019-02-10",
        "commitResults": []
      },
      {
        "insertions": 0,
        "deletions": 0,
        "date": "2019-02-11",
        "commitResults": []
      },
      {
        "insertions": 0,
        "deletions": 0,
        "date": "2019-02-12",
        "commitResults": []
      },
      {
        "insertions": 0,
        "deletions": 0,
        "date": "2019-02-13",
        "commitResults": []
      },
      {
        "insertions": 0,
        "deletions": 0,
        "date": "2019-02-14",
        "commitResults": []
      },
      {
        "insertions": 0,
        "deletions": 0,
        "date": "2019-02-15",
        "commitResults": []
      },
      {
        "insertions": 0,
        "deletions": 0,
        "date": "2019-02-16",
        "commitResults": []
      },
      {
        "insertions": 0,
        "deletions": 0,
        "date": "2019-02-17",
        "commitResults": []
      },
      {
        "insertions": 0,
        "deletions": 0,
        "date": "2019-02-18",
        "commitResults": []
      },
      {
        "insertions": 0,
        "deletions": 0,
        "date": "2019-02-19",
        "commitResults": []
      },
      {
        "insertions": 71,
        "deletions": 7,
        "date": "2019-02-20",
        "commitResults": [
          {
            "hash": "7b2804e44463eb0f7c81f9e14cfc34ff72e7a1ae",
            "message": "Add hash tags colours",
            "insertions": 45,
            "deletions": 0
          },
          {
            "hash": "e012156bed1a18761a9dc2cc08e2ced7a4ee09a5",
            "message": "Update PersonCard.java to assign different colored tags using hashcode.",
            "insertions": 16,
            "deletions": 1
          },
          {
            "hash": "68a9f2c778818130f8f70670916b2f648be4cb62",
            "message": "Remove the whitespaces to pass the building test.",
            "insertions": 1,
            "deletions": 1
          },
          {
            "hash": "841f0d40959aa53f825d030a7c0b5e6a9df910ea",
            "message": "Edit trailing whitespaces again.",
            "insertions": 3,
            "deletions": 3
          },
          {
            "hash": "e89a75501119289dca9f817e675ba12c419f23b8",
            "message": "Add comments and alter the code style.",
            "insertions": 6,
            "deletions": 2
          }
        ]
      },
      {
        "insertions": 0,
        "deletions": 0,
        "date": "2019-02-21",
        "commitResults": []
      },
      {
        "insertions": 0,
        "deletions": 0,
        "date": "2019-02-22",
        "commitResults": []
      },
      {
        "insertions": 0,
        "deletions": 0,
        "date": "2019-02-23",
        "commitResults": []
      },
      {
        "insertions": 0,
        "deletions": 0,
        "date": "2019-02-24",
        "commitResults": []
      },
      {
        "insertions": 0,
        "deletions": 0,
        "date": "2019-02-25",
        "commitResults": []
      },
      {
        "insertions": 0,
        "deletions": 0,
        "date": "2019-02-26",
        "commitResults": []
      },
      {
        "insertions": 0,
        "deletions": 0,
        "date": "2019-02-27",
        "commitResults": []
      },
      {
        "insertions": 0,
        "deletions": 0,
        "date": "2019-02-28",
        "commitResults": []
      },
      {
        "insertions": 0,
        "deletions": 0,
        "date": "2019-03-01",
        "commitResults": []
      },
      {
        "insertions": 0,
        "deletions": 0,
        "date": "2019-03-02",
        "commitResults": []
      },
      {
        "insertions": 0,
        "deletions": 0,
        "date": "2019-03-03",
        "commitResults": []
      },
      {
        "insertions": 1126,
        "deletions": 241,
        "date": "2019-03-04",
        "commitResults": [
          {
            "hash": "96c19f1c083e7b285d34098501afcfac86c2b1d2",
            "message": "Create BillCommand and BillCommandParser",
            "insertions": 100,
            "deletions": 0
          },
          {
            "hash": "09b6576e3d8e05e8c8f859e15382803c85809d4a",
            "message": "Add new prefix to CliSyntax.java",
            "insertions": 4,
            "deletions": 0
          },
          {
            "hash": "337e14245e8b33a7632eba8ef1182fa3665b6c99",
            "message": "Changes to BillCommand",
            "insertions": 1,
            "deletions": 1
          },
          {
            "hash": "7d62ea1e9cc4d84235b0502d7f2e15deb0ac408e",
            "message": "Comment out BillCommand and BillCommandParser for the time being",
            "insertions": 9,
            "deletions": 1
          },
          {
            "hash": "db526813413bbdfb71209537df82e70a9dfade2d",
            "message": "Add new files for statistics in storage",
            "insertions": 275,
            "deletions": 0
          },
          {
            "hash": "23403e7fe23809edbb9ac6ac046d974225bc0db0",
            "message": "Add files for statistics in model. Still work in progress.",
            "insertions": 135,
            "deletions": 0
          },
          {
            "hash": "192653c10dbb643cfbd828208a83424ece65f0fd",
            "message": "Add files related to statistics in the storage",
            "insertions": 134,
            "deletions": 230
          },
          {
            "hash": "639fb60005b15e4b2f994b5a6a3efcadc61c6a1e",
            "message": "Add files related to Statistics and Bill in Model",
            "insertions": 255,
            "deletions": 0
          },
          {
            "hash": "fce2bda080429937c6d14f7e30a1cc0f191af034",
            "message": "Add Day Month and Year class to model",
            "insertions": 153,
            "deletions": 0
          },
          {
            "hash": "1eaf6ce791775b7fcfa8cff30b4245b46e02a98a",
            "message": "Edit Bill Command and Bill Command Parser",
            "insertions": 60,
            "deletions": 9
          }
        ]
      },
      {
        "insertions": 575,
        "deletions": 136,
        "date": "2019-03-05",
        "commitResults": [
          {
            "hash": "3f6ddefa497174689241c98afaec442a462210f9",
            "message": "BillCommand still work in progress but the mode manager should be fine already",
            "insertions": 257,
            "deletions": 31
          },
          {
            "hash": "3455b2d3a8d10c1bd8c38493af62440fa5db29d2",
            "message": "Update Logic and LogicManager",
            "insertions": 66,
            "deletions": 9
          },
          {
            "hash": "b64a57389f598564c95073787ad1c9eb87e26554",
            "message": "Edit BillCommand and Add a new StatsBrowserPanel",
            "insertions": 167,
            "deletions": 36
          },
          {
            "hash": "4aedf68c6170427492144c1c645518a6a61b59dc",
            "message": "Update BillCommand and Bill",
            "insertions": 38,
            "deletions": 37
          },
          {
            "hash": "faf996f6102783828ff95462c21a9861746c4699",
            "message": "Edit UserGuide for billCommand",
            "insertions": 13,
            "deletions": 8
          },
          {
            "hash": "c446a74cf3ceda17511ce4c3a863bedb7890140a",
            "message": "Update storage for Bill",
            "insertions": 34,
            "deletions": 15
          }
        ]
      },
      {
        "insertions": 68,
        "deletions": 208,
        "date": "2019-03-06",
        "commitResults": [
          {
            "hash": "eaeaf8f869f8d6cfffbc51998a9c273fd380a149",
            "message": "Working Bill (Still TO DO: change the day month year to date)",
            "insertions": 33,
            "deletions": 60
          },
          {
            "hash": "a9029f404d2fd5dc660d2a4d8f65188c13c779e3",
            "message": "Update and finish BillCommand",
            "insertions": 34,
            "deletions": 107
          },
          {
            "hash": "49b8420dec415aa7a20af97859467ed1e865985d",
            "message": "Delete BillCommandParser and update RestOrRantParser for bill command.",
            "insertions": 1,
            "deletions": 41
          }
        ]
      },
      {
        "insertions": 0,
        "deletions": 0,
        "date": "2019-03-07",
        "commitResults": []
      },
      {
        "insertions": 0,
        "deletions": 0,
        "date": "2019-03-08",
        "commitResults": []
      },
      {
        "insertions": 206,
        "deletions": 227,
        "date": "2019-03-09",
        "commitResults": [
          {
            "hash": "88bff12bf2a2c3cbbaa2c23869a780f16364c37a",
            "message": "Add new alias for bill command",
            "insertions": 8,
            "deletions": 2
          },
          {
            "hash": "3bd475d9d67eddcdee0ea09fe86fe330f586abad",
            "message": "Add a billMode such that the mode changes when the billCommand is called.",
            "insertions": 15,
            "deletions": 223
          },
          {
            "hash": "d706038100c2c26cf3687462f615647e9864f2d8",
            "message": "Create new BillBrowserPanel related testcases (Still work in progress)",
            "insertions": 183,
            "deletions": 0
          },
          {
            "hash": "975385f922339d3644f4fa82fbc426d7c06ffe81",
            "message": "Change CheckStyles",
            "insertions": 0,
            "deletions": 2
          }
        ]
      },
      {
        "insertions": 93,
        "deletions": 55,
        "date": "2019-03-10",
        "commitResults": [
          {
            "hash": "04a3a9646de63875dbb3872f34007b86e4a0e966",
            "message": "Add more checks to Day, Month, Year",
            "insertions": 32,
            "deletions": 4
          },
          {
            "hash": "1d58656add409e6f56048145d8cb494eb99fc697",
            "message": "Fix checkstyles",
            "insertions": 55,
            "deletions": 47
          },
          {
            "hash": "8b4bc67b9a22de61d562d7459187721080f880ad",
            "message": "Fix checkstyle",
            "insertions": 6,
            "deletions": 4
          }
        ]
      },
      {
        "insertions": 0,
        "deletions": 0,
        "date": "2019-03-11",
        "commitResults": []
      },
      {
        "insertions": 292,
        "deletions": 0,
        "date": "2019-03-12",
        "commitResults": [
          {
            "hash": "b7a98feda655293829cba7ff5848758a1e00ef2f",
            "message": "Add some tests that are still incomplete",
            "insertions": 292,
            "deletions": 0
          }
        ]
      },
      {
        "insertions": 806,
        "deletions": 299,
        "date": "2019-03-13",
        "commitResults": [
          {
            "hash": "6ba24c5f278d094b398352cbe1f03557b06a952a",
            "message": "Rename BillList to DailyRevenueList and AdaptedBill to AdaptedDailyRevenue. Create a DailyRevenue.java class.",
            "insertions": 501,
            "deletions": 226
          },
          {
            "hash": "32de10ab53d441e6840fbcac87581222b191849b",
            "message": "Update billCommand to create a receipt and ipdate the status of the table",
            "insertions": 27,
            "deletions": 6
          },
          {
            "hash": "7dbcc21399de22a25cff4cdff233f8058a66b218",
            "message": "Update Bill to store Day Month and Year so that DailyRevenue can reference to it later.",
            "insertions": 50,
            "deletions": 2
          },
          {
            "hash": "9b7ca7da8834da5d9b11191ec41434275c9d98fa",
            "message": "Update the BillComand such that it changes to BillMode when bill is called. **Still having null pointer exception for the UI portion.",
            "insertions": 228,
            "deletions": 65
          }
        ]
      },
      {
        "insertions": 0,
        "deletions": 0,
        "date": "2019-03-14",
        "commitResults": []
      },
      {
        "insertions": 0,
        "deletions": 0,
        "date": "2019-03-15",
        "commitResults": []
      },
      {
        "insertions": 641,
        "deletions": 97,
        "date": "2019-03-16",
        "commitResults": [
          {
            "hash": "93c6196df47cdfc494ab3df9f30612edb02d9b76",
            "message": "Worked on UI for Daily Statistics. Add Daily Statistics Card and Browser Panel for the StatsisticsMode",
            "insertions": 155,
            "deletions": 0
          },
          {
            "hash": "7e59120bee63cd5f6f141205feca9850ac96134d",
            "message": "Work on Ui for the BillMode. (Fixed the Null Pointer Exception but still having problems printing out the receipt)",
            "insertions": 147,
            "deletions": 50
          },
          {
            "hash": "aedaaf624e411b4d940913effeb875a27fe2b3ba",
            "message": "Update BillCommand to check that it is in TableMode",
            "insertions": 8,
            "deletions": 1
          },
          {
            "hash": "3023d2f42076014e5af8acc6b4f068d52ef0487b",
            "message": "Fix the storage component",
            "insertions": 4,
            "deletions": 4
          },
          {
            "hash": "f1f51c4e2be358ace1e589bff34918888055e424",
            "message": "Update the BillCommand to update the DailyStatisticsList",
            "insertions": 9,
            "deletions": 2
          },
          {
            "hash": "ac1aa80da295e1a88dece1455dc2584a0ba27075",
            "message": "Add additional equal and exception checks for Statistics and DailyRevenueList",
            "insertions": 20,
            "deletions": 6
          },
          {
            "hash": "6966caacb6b7f652855c60e916c89750cf35f743",
            "message": "Edit a comment description",
            "insertions": 1,
            "deletions": 1
          },
          {
            "hash": "0c8d88a7e90ef4b98962c16e3160df4ddce404d9",
            "message": "Add Tests for Day, Month and Year under the Model Component",
            "insertions": 128,
            "deletions": 26
          },
          {
            "hash": "82d0bcb2613bdca022d47b491c59a6c15fb8e35b",
            "message": "Include Statistics functions in the java files under testutil package",
            "insertions": 165,
            "deletions": 5
          },
          {
            "hash": "bf972a110e390d9afaecba8d782d06d18a7b471a",
            "message": "Update the SystemTestSetupHelper to setup the application savefilelocation for the respective storage components.",
            "insertions": 4,
            "deletions": 2
          }
        ]
      },
      {
        "insertions": 368,
        "deletions": 52,
        "date": "2019-03-17",
        "commitResults": [
          {
            "hash": "cd7c1ec6b837a7283dbbf8ab3b90c6adee5a3bb1",
            "message": "Update RestOrRantSystamTest to accomodate the different filepaths",
            "insertions": 18,
            "deletions": 8
          },
          {
            "hash": "4d1d270110905664185f758c8c7f466b8cfd98e0",
            "message": "Edit checkstyle",
            "insertions": 3,
            "deletions": 1
          },
          {
            "hash": "acdc648835aaa4a0de12550f26a268d87c54dcc1",
            "message": "Alter the BillList to DailyRevenueList for the logic components",
            "insertions": 39,
            "deletions": 20
          },
          {
            "hash": "a77d9bc6b68a7a6f84e0192ff91a6bc1fc17e4c9",
            "message": "Include Statistics related methods in ModelHelper",
            "insertions": 29,
            "deletions": 3
          },
          {
            "hash": "68b1b8be5b9cca5e14fd81615b680deb6242a0ed",
            "message": "Trying to fix the BillBrowserPanel but to no avail :(",
            "insertions": 4,
            "deletions": 4
          },
          {
            "hash": "def23660892f8b7e880178f35fa3fa6629de3b69",
            "message": "Create a BillCommandTest class (Still have to edit and change the contents)",
            "insertions": 257,
            "deletions": 0
          },
          {
            "hash": "bc5abc6c87f4697b508f4f7e19dd2e21e417c823",
            "message": "Fix Checkstyles for the classes in main folder",
            "insertions": 17,
            "deletions": 15
          },
          {
            "hash": "f39dd341dd4caf9283c00b8f10ab9467b8170bb5",
            "message": "Fix Checkstyle",
            "insertions": 1,
            "deletions": 1
          }
        ]
      },
      {
        "insertions": 1406,
        "deletions": 355,
        "date": "2019-03-18",
        "commitResults": [
          {
            "hash": "d6f6d636ff9c67f10e60d7cf74ad7e2db4f7ed59",
            "message": "Edit statistics test in the Model Component (BillTest is still not done)",
            "insertions": 366,
            "deletions": 3
          },
          {
            "hash": "9738df490b5456cb293db70402ea34210f16d5f5",
            "message": "Create guihandles for BillBrowserPanelHandle",
            "insertions": 27,
            "deletions": 38
          },
          {
            "hash": "0aa479ce6a5ac37db18f608bdc20370d934712df",
            "message": "Create a non-edited BillCommandTest",
            "insertions": 34,
            "deletions": 242
          },
          {
            "hash": "3f9ddb00bea7b25cf96bb0ce3d7583a1bbb1b175",
            "message": "Create tests and json files for the storage component",
            "insertions": 330,
            "deletions": 0
          },
          {
            "hash": "f0947b85810484f3ce434b09d68b34ca3f76bcdc",
            "message": "Add constructor to the BillCommand and Bill to accomodate for the test",
            "insertions": 32,
            "deletions": 5
          },
          {
            "hash": "12895f15084ab9c6d7481f110edd4994ab4078dd",
            "message": "Add tests for the testutil component",
            "insertions": 56,
            "deletions": 0
          },
          {
            "hash": "a12d19c82aff278553f7e9113f86c97a7f1dc4c4",
            "message": "Add BillTest under the model component",
            "insertions": 45,
            "deletions": 1
          },
          {
            "hash": "7fe50e1983d06a8f27c44f1062c3bfb640021ad7",
            "message": "Add test under the logic component (Have yet to merge and run to see if it works)",
            "insertions": 468,
            "deletions": 11
          },
          {
            "hash": "e3ebc1e776194967de4d07c06e38d6bac4538b10",
            "message": "Fix checkstyle",
            "insertions": 41,
            "deletions": 48
          },
          {
            "hash": "415a92efe1de9ca6a1b8adbf27bddf21135abd7a",
            "message": "Fix checkstyle",
            "insertions": 7,
            "deletions": 7
          }
        ]
      },
      {
        "insertions": 542,
        "deletions": 321,
        "date": "2019-03-19",
        "commitResults": [
          {
            "hash": "dedd8ca1d0891eddae48a992b8057ec4c5601bd4",
            "message": "Edit the UI receipt to a label instead of a textArea",
            "insertions": 28,
            "deletions": 58
          },
          {
            "hash": "9a2401f976ea746392e966166a3a78a3900c43f3",
            "message": "Attempt to remove the order list after bill is called (Not successful so I comment it out in bill command)",
            "insertions": 25,
            "deletions": 2
          },
          {
            "hash": "55851ae66a70ad4a9c56cf95ba0612692240a48b",
            "message": "Add duplicate check methods for DailyRevenueList",
            "insertions": 47,
            "deletions": 4
          },
          {
            "hash": "d46dc02252b61c8d5b78633e57e9f5f2b873af4a",
            "message": "Clean up my code for statistics related classes",
            "insertions": 35,
            "deletions": 16
          },
          {
            "hash": "69ec24b6a04cab0eebcbc6c23c35eb63a98e623b",
            "message": "Comment out new methods that I initially wanted to use to clear the orderlist when bill is called but to no avail.",
            "insertions": 24,
            "deletions": 17
          },
          {
            "hash": "f51f9e440f43b98449c3bbb4dcd93d78aa84f4f7",
            "message": "Made changes to Day, Month, Year tests to fix the exception mistakes.",
            "insertions": 26,
            "deletions": 20
          },
          {
            "hash": "6126b1ca9a4669f439e2a45d8128056654bdde20",
            "message": "Edit storage related tests",
            "insertions": 24,
            "deletions": 35
          },
          {
            "hash": "ba6bff3180a9c05e0b8e243af6bdb615298b0017",
            "message": "Rename the exception in import",
            "insertions": 2,
            "deletions": 2
          },
          {
            "hash": "d6d353681309e859e82c951ca22a85a60e930caf",
            "message": "Fix BillTest",
            "insertions": 14,
            "deletions": 17
          },
          {
            "hash": "0361e8e18f3c4c1d21df09db5627c308eecc9de0",
            "message": "BillCommandTest still WIP",
            "insertions": 211,
            "deletions": 51
          },
          {
            "hash": "1167a00fa1eba00ca21c813732f0a6840a2f900f",
            "message": "Edit DeveloperGuide for bill feature",
            "insertions": 58,
            "deletions": 3
          },
          {
            "hash": "23890535307745d410ad6f5a76126d52b76c7d54",
            "message": "Add images for DG",
            "insertions": 4,
            "deletions": 5
          },
          {
            "hash": "7e73a8a1281027f46149913f48f9439e60561a19",
            "message": "Made some test changes",
            "insertions": 6,
            "deletions": 9
          },
          {
            "hash": "cce740254314e584e0af9a1136f04f21fe78fa24",
            "message": "Update BillCommand and storage test",
            "insertions": 6,
            "deletions": 4
          },
          {
            "hash": "a64a55ee09dd4208c6f7956087f1f5f19be8b07b",
            "message": "Update Tests and commented out failed test cases for BillCommandTest, BillCommandIntegrationTest and ModelManagerTest",
            "insertions": 29,
            "deletions": 1
          },
          {
            "hash": "3064f71adbad4e2f80333de41e5e2a56b54338cc",
            "message": "Checkstyles",
            "insertions": 1,
            "deletions": 5
          },
          {
            "hash": "99f21d263ffaea329f459de5b61609bd0c610759",
            "message": "Fix checkstyle",
            "insertions": 2,
            "deletions": 2
          },
          {
            "hash": "87fbd681cb7e9e499f0c2a9d455840d0dcd117fc",
            "message": "Delete unecessary changes",
            "insertions": 0,
            "deletions": 70
          }
        ]
      },
      {
        "insertions": 96,
        "deletions": 63,
        "date": "2019-03-20",
        "commitResults": [
          {
            "hash": "f256c2b5625d3658220a748dbb5ba295d1b91974",
            "message": "Clean up comments and methods for RestOrRant and its interface.",
            "insertions": 21,
            "deletions": 9
          },
          {
            "hash": "e626fede45bc68498ffcf732a21d4ac319c0b170",
            "message": "Modify BillMode to delete order list when bill command is called.",
            "insertions": 39,
            "deletions": 31
          },
          {
            "hash": "ba99fbb590021620fe210565a28bc097edb2ff5b",
            "message": "Made changes to the Ui for Bill",
            "insertions": 16,
            "deletions": 23
          },
          {
            "hash": "ba91770d386ece2db496d9e02808ffdbff382be6",
            "message": "Clean up and add comments to the UserPrefs.",
            "insertions": 20,
            "deletions": 0
          }
        ]
      },
      {
        "insertions": 163,
        "deletions": 69,
        "date": "2019-03-21",
        "commitResults": [
          {
            "hash": "243d070fea37c49281fe4dceb1f50e6a3cc91c11",
            "message": "Arrange the features according to their mode for Userguide",
            "insertions": 36,
            "deletions": 33
          },
          {
            "hash": "7050951b523e85d1766f5d661919982cdae16310",
            "message": "incomplete BillCommandTest with more ModelStubs",
            "insertions": 125,
            "deletions": 30
          },
          {
            "hash": "4a676a51f74cfc04dd6c06d0e8339e7f0f9f4d20",
            "message": "Fix checkstyle",
            "insertions": 1,
            "deletions": 1
          },
          {
            "hash": "096ca0dfbe36f9aed0e28d4935211eb739ac12aa",
            "message": "Fix checkstyle",
            "insertions": 1,
            "deletions": 5
          }
        ]
      },
      {
        "insertions": 0,
        "deletions": 0,
        "date": "2019-03-22",
        "commitResults": []
      },
      {
        "insertions": 0,
        "deletions": 0,
        "date": "2019-03-23",
        "commitResults": []
      },
      {
        "insertions": 0,
        "deletions": 0,
        "date": "2019-03-24",
        "commitResults": []
      },
      {
        "insertions": 0,
        "deletions": 0,
        "date": "2019-03-25",
        "commitResults": []
      },
      {
        "insertions": 0,
        "deletions": 0,
        "date": "2019-03-26",
        "commitResults": []
      }
    ],
    "bava98": [
      {
        "insertions": 0,
        "deletions": 0,
        "date": "2019-02-10",
        "commitResults": []
      },
      {
        "insertions": 0,
        "deletions": 0,
        "date": "2019-02-11",
        "commitResults": []
      },
      {
        "insertions": 0,
        "deletions": 0,
        "date": "2019-02-12",
        "commitResults": []
      },
      {
        "insertions": 0,
        "deletions": 0,
        "date": "2019-02-13",
        "commitResults": []
      },
      {
        "insertions": 0,
        "deletions": 0,
        "date": "2019-02-14",
        "commitResults": []
      },
      {
        "insertions": 0,
        "deletions": 0,
        "date": "2019-02-15",
        "commitResults": []
      },
      {
        "insertions": 0,
        "deletions": 0,
        "date": "2019-02-16",
        "commitResults": []
      },
      {
        "insertions": 0,
        "deletions": 0,
        "date": "2019-02-17",
        "commitResults": []
      },
      {
        "insertions": 0,
        "deletions": 0,
        "date": "2019-02-18",
        "commitResults": []
      },
      {
        "insertions": 144,
        "deletions": 26,
        "date": "2019-02-19",
        "commitResults": [
          {
            "hash": "14781c1e147fafe544e2f6484664825cf94c6f11",
            "message": "Update introduction of DeveloperGuide.adoc",
            "insertions": 3,
            "deletions": 3
          },
          {
            "hash": "923f7b14ba4b757606e9990ff3eef202d7b3ee12",
            "message": "Update user stories",
            "insertions": 14,
            "deletions": 6
          },
          {
            "hash": "3922a3e8dc7a135bc06a2d004b451e27cac74ace",
            "message": "Update use cases and glossary",
            "insertions": 107,
            "deletions": 15
          },
          {
            "hash": "f8fa5d89b5cf2a37c5ec65cdf9b5adc55180b916",
            "message": "local impact change storage component",
            "insertions": 20,
            "deletions": 2
          }
        ]
      },
      {
        "insertions": 5,
        "deletions": 5,
        "date": "2019-02-20",
        "commitResults": [
          {
            "hash": "6df6a0238c6a3c340dce15570d2552bd59c03681",
            "message": "throws IO Exception on StorageManager",
            "insertions": 1,
            "deletions": 1
          },
          {
            "hash": "21b4f5eb1981c53929b079a0edb74a09428b1cd3",
            "message": "remove trailing spaces",
            "insertions": 4,
            "deletions": 4
          }
        ]
      },
      {
        "insertions": 0,
        "deletions": 0,
        "date": "2019-02-21",
        "commitResults": []
      },
      {
        "insertions": 1,
        "deletions": 1,
        "date": "2019-02-22",
        "commitResults": [
          {
            "hash": "e7ffde92161a478e095f6704b0a4a820b3acf44d",
            "message": "add whitespace before {",
            "insertions": 1,
            "deletions": 1
          }
        ]
      },
      {
        "insertions": 0,
        "deletions": 0,
        "date": "2019-02-23",
        "commitResults": []
      },
      {
        "insertions": 0,
        "deletions": 0,
        "date": "2019-02-24",
        "commitResults": []
      },
      {
        "insertions": 0,
        "deletions": 0,
        "date": "2019-02-25",
        "commitResults": []
      },
      {
        "insertions": 0,
        "deletions": 0,
        "date": "2019-02-26",
        "commitResults": []
      },
      {
        "insertions": 78,
        "deletions": 77,
        "date": "2019-02-27",
        "commitResults": [
          {
            "hash": "2cb0fd53ea4b719e78732049a4e1375f2b6d2cbd",
            "message": "change AddressBook to RestOrRant",
            "insertions": 43,
            "deletions": 41
          },
          {
            "hash": "c401cb18a4585c158f0e4114f8aef312f844c9b5",
            "message": "change AddressBook in storage component tests to RestOrRant",
            "insertions": 35,
            "deletions": 36
          }
        ]
      },
      {
        "insertions": 387,
        "deletions": 82,
        "date": "2019-02-28",
        "commitResults": [
          {
            "hash": "afc88b1481734d66b5450c6ff220f7f87389e780",
            "message": "Ensure compatibility in storage component",
            "insertions": 302,
            "deletions": 20
          },
          {
            "hash": "5e69845bc92abbd0f27122b7f5b76549622c46a2",
            "message": "Change Menu back to RestOrRant and commented the Menu implementations as an example in Storage and StorageManager as it will be needed to touch all other components in order to compile if Menu implementations are used.",
            "insertions": 44,
            "deletions": 21
          },
          {
            "hash": "560514604362e55c8394f26799df2804e15c98e0",
            "message": "fix compile error",
            "insertions": 1,
            "deletions": 1
          },
          {
            "hash": "1c3930bbcbd3dc18357485c761e9a3465ca5d751",
            "message": "fix checkstyle issues",
            "insertions": 36,
            "deletions": 36
          },
          {
            "hash": "7b506690c9014c387184846b779badd39543c4b0",
            "message": "change tests to RestOrRant methods",
            "insertions": 4,
            "deletions": 4
          }
        ]
      },
      {
        "insertions": 0,
        "deletions": 0,
        "date": "2019-03-01",
        "commitResults": []
      },
      {
        "insertions": 1125,
        "deletions": 137,
        "date": "2019-03-02",
        "commitResults": [
          {
            "hash": "0f08cdd953f070c951589e711aeb5c7418507bea",
            "message": "menu features in Storage and Model components program will not compile",
            "insertions": 718,
            "deletions": 103
          },
          {
            "hash": "35cb52a6fe6b0ed97f94acea908ae29f5e473c24",
            "message": "convert PersonListPanel in UI component to ListPanel (contents are the same)",
            "insertions": 71,
            "deletions": 0
          },
          {
            "hash": "e5cc4bd788a542b73fa0bd7ae4edfbf1682969f4",
            "message": "Changes for ListPanel to show menu (or order) items - incomplete",
            "insertions": 141,
            "deletions": 23
          },
          {
            "hash": "67a45d6aff912b6cc4055531d1f169ef40632444",
            "message": "extends from Item abstract class",
            "insertions": 6,
            "deletions": 2
          },
          {
            "hash": "476e370f2fe0ee6e05d7033e225c4121057b2fa2",
            "message": "browser panel to show menu items",
            "insertions": 8,
            "deletions": 5
          },
          {
            "hash": "1732714b6e871a0d8eca5ff2c16015de56987f0b",
            "message": "MenuMode Command to convert panels to MenuMode",
            "insertions": 33,
            "deletions": 0
          },
          {
            "hash": "d48b588050e009f5715ffa70099284603eb86a1a",
            "message": "AddToMenu command",
            "insertions": 147,
            "deletions": 2
          },
          {
            "hash": "2de90bae25437d21cc08695b5a5b92215354c6a1",
            "message": "edit command word",
            "insertions": 1,
            "deletions": 2
          }
        ]
      },
      {
        "insertions": 449,
        "deletions": 369,
        "date": "2019-03-03",
        "commitResults": [
          {
            "hash": "256a6c7d507ff4b00e7d6a76ff3a8d59059de4d0",
            "message": "addToMenu command",
            "insertions": 232,
            "deletions": 122
          },
          {
            "hash": "b99c87786fa38ca4d697f036d1ee117ac67801f4",
            "message": "checkItemExists method - given String itemCode, returns MenuItem object To be used by Order feature (add item to order should checkItemExists first)",
            "insertions": 19,
            "deletions": 116
          },
          {
            "hash": "504e4e324c5b055c6283e0f9c9bba4d5328ea980",
            "message": "MenuMode implementation",
            "insertions": 101,
            "deletions": 25
          },
          {
            "hash": "bc7b102ad7210b50a070a694e322123f4873cb0d",
            "message": "commit before switching branch",
            "insertions": 63,
            "deletions": 91
          },
          {
            "hash": "fc1799baa26f59f122f1d4eb563d8bb4baa2cbc8",
            "message": "commit before switching branch",
            "insertions": 34,
            "deletions": 15
          }
        ]
      },
      {
        "insertions": 575,
        "deletions": 1502,
        "date": "2019-03-04",
        "commitResults": [
          {
            "hash": "327358df713c767404fbe1dcd8c5abc0dc0f678d",
            "message": "changeMode command",
            "insertions": 105,
            "deletions": 81
          },
          {
            "hash": "ecbc805ed97ec1e89c8c07227c5772be93254e07",
            "message": "ReadOnlyMenu",
            "insertions": 293,
            "deletions": 0
          },
          {
            "hash": "beefabf0dec9166ff8849a397c18df773b54346f",
            "message": "change readOnlyRestOrRant to readOnlyMenu",
            "insertions": 44,
            "deletions": 36
          },
          {
            "hash": "3275ebdb1bca4e55dd03159ee5ba31af727febd4",
            "message": "rename method",
            "insertions": 2,
            "deletions": 2
          },
          {
            "hash": "753f7a1e29f212bcf161e7c5101332b88502543d",
            "message": "remove unnecessary files",
            "insertions": 0,
            "deletions": 1202
          },
          {
            "hash": "55ef0dc259837f804cf2719197dac17d9211b639",
            "message": "remove all instances of deleted files",
            "insertions": 25,
            "deletions": 83
          },
          {
            "hash": "90316e959fc7c30bb3684abc10f5ffdd01e73cd7",
            "message": "MenuItemCard for MenuListPanel",
            "insertions": 64,
            "deletions": 0
          },
          {
            "hash": "a8d57f918325d0119cadac82944761b4972d361a",
            "message": "still got NullPointerException :(",
            "insertions": 39,
            "deletions": 94
          },
          {
            "hash": "414e669f602d819dee13a02196ff883ea0133b18",
            "message": "Change getItemFromCode method signature from String code to Code code",
            "insertions": 3,
            "deletions": 4
          }
        ]
      },
      {
        "insertions": 51,
        "deletions": 15,
        "date": "2019-03-05",
        "commitResults": [
          {
            "hash": "0c81d1e56071b10f904009a53fbaba1238a86c36",
            "message": "commit before switching branch",
            "insertions": 12,
            "deletions": 10
          },
          {
            "hash": "f5f960077e45ac9a5ceedb8364ae8e7a66af43ac",
            "message": "change price validation regex string",
            "insertions": 1,
            "deletions": 1
          },
          {
            "hash": "6a83eccdb7f369c9ef124d117150607abca68770",
            "message": "change the format printed out",
            "insertions": 1,
            "deletions": 1
          },
          {
            "hash": "d82d1985140ae3b1d7ed26c1fb214b51fcb3bda2",
            "message": "Correct TODO comments",
            "insertions": 2,
            "deletions": 2
          },
          {
            "hash": "310b90e05c504d9f18489b3e87a2c039744f1fe0",
            "message": "Update documents for menu feature",
            "insertions": 35,
            "deletions": 1
          }
        ]
      },
      {
        "insertions": 0,
        "deletions": 0,
        "date": "2019-03-06",
        "commitResults": []
      },
      {
        "insertions": 0,
        "deletions": 0,
        "date": "2019-03-07",
        "commitResults": []
      },
      {
        "insertions": 0,
        "deletions": 0,
        "date": "2019-03-08",
        "commitResults": []
      },
      {
        "insertions": 14,
        "deletions": 238,
        "date": "2019-03-09",
        "commitResults": [
          {
            "hash": "2c39fe87b71aa4014c0d659879c5196612e0f290",
            "message": "comments to add a quantity ordered method",
            "insertions": 1,
            "deletions": 0
          },
          {
            "hash": "c6e9c65789d0b3443f88c1a3b5c7b57fc553a36d",
            "message": "whitespace issues",
            "insertions": 13,
            "deletions": 238
          }
        ]
      },
      {
        "insertions": 34,
        "deletions": 5,
        "date": "2019-03-10",
        "commitResults": [
          {
            "hash": "e279ec2aa1e0120123810a82907e768184139c68",
            "message": "add all methods that menu calls to readOnlyMenu for future use (adapting getMenu() to readOnlyMenu instead of Menu)",
            "insertions": 34,
            "deletions": 5
          }
        ]
      },
      {
        "insertions": 184,
        "deletions": 0,
        "date": "2019-03-11",
        "commitResults": [
          {
            "hash": "93e075788da8ac7d0c29d5ed1f5fc023a09fdbfb",
            "message": "add testutil classes and methods to be used by other tests (StatisticsBuilder is currently empty)",
            "insertions": 184,
            "deletions": 0
          }
        ]
      },
      {
        "insertions": 277,
        "deletions": 14,
        "date": "2019-03-12",
        "commitResults": [
          {
            "hash": "aae6bf8035fd136eff2b7086dca38ea52b6586c5",
            "message": "Menu Storage tests",
            "insertions": 277,
            "deletions": 11
          },
          {
            "hash": "d60968a82985f6c6e3c295e54f547decfd69b189",
            "message": "solve merge conflict",
            "insertions": 0,
            "deletions": 3
          }
        ]
      },
      {
        "insertions": 157,
        "deletions": 64,
        "date": "2019-03-13",
        "commitResults": [
          {
            "hash": "707288c4a55e4f4ae7f6f9dddec763c6ecb1bde9",
            "message": "Update JsonMenuStorageTest class tests",
            "insertions": 86,
            "deletions": 64
          },
          {
            "hash": "e114fa787cc1eac3f5efa79554e29ce94096dc36",
            "message": "update JsonAdaptedMenuItemTest.java",
            "insertions": 71,
            "deletions": 0
          }
        ]
      },
      {
        "insertions": 0,
        "deletions": 0,
        "date": "2019-03-14",
        "commitResults": []
      },
      {
        "insertions": 0,
        "deletions": 0,
        "date": "2019-03-15",
        "commitResults": []
      },
      {
        "insertions": 406,
        "deletions": 44,
        "date": "2019-03-16",
        "commitResults": [
          {
            "hash": "4637634f5146b179ac3b8577996d8eb8619b2b16",
            "message": "add tests for MenuItem",
            "insertions": 82,
            "deletions": 7
          },
          {
            "hash": "9aa036d00293ed755f176ade51b2472e3e0c7513",
            "message": "add tests for menu item name",
            "insertions": 41,
            "deletions": 0
          },
          {
            "hash": "a96fd329f0e184d5abc7bae7fb378ce0592f1a4a",
            "message": "add tests for menu item code, remove white spaces",
            "insertions": 48,
            "deletions": 6
          },
          {
            "hash": "1ab33804f0546d81fae0905ecb0d6a85542bbed5",
            "message": "fix price validation regex and add tests for menu item price",
            "insertions": 45,
            "deletions": 1
          },
          {
            "hash": "7f53b9ee99c3508d0f183f037000e4a0caa0cd96",
            "message": "add tests for menu (MenuStub incomplete)",
            "insertions": 184,
            "deletions": 0
          },
          {
            "hash": "717c80f75d3421c7acce78216ede249289e5ea13",
            "message": "add tests for menu",
            "insertions": 6,
            "deletions": 30
          }
        ]
      },
      {
        "insertions": 4,
        "deletions": 4,
        "date": "2019-03-17",
        "commitResults": [
          {
            "hash": "784cfb036a12f6ce6c7645105cad881660730825",
            "message": "refactor to standardize commands",
            "insertions": 4,
            "deletions": 4
          }
        ]
      },
      {
        "insertions": 914,
        "deletions": 614,
        "date": "2019-03-18",
        "commitResults": [
          {
            "hash": "efa4331842f40a1388ea817880f0c24a9d219b26",
            "message": "addToMenu tests halfway",
            "insertions": 0,
            "deletions": 0
          },
          {
            "hash": "a8c6ae08c74b0cfbe2722c94b83628d1dc888d22",
            "message": "addToMenu tests halfway",
            "insertions": 598,
            "deletions": 63
          },
          {
            "hash": "da81898146480b32357c9ab4d49b7857bf39edc6",
            "message": "addToMenu command tests",
            "insertions": 98,
            "deletions": 86
          },
          {
            "hash": "8e7816289819cc02b8f1045ccd343042b39990eb",
            "message": "fix checkstyle issues",
            "insertions": 71,
            "deletions": 43
          },
          {
            "hash": "bae4be3df69139622c86fc024851d8bb0f52e642",
            "message": "fix trailing whitespace issues",
            "insertions": 20,
            "deletions": 21
          },
          {
            "hash": "a122bf61b7779a550ffc05645e458a19781ae205",
            "message": "fix more checkstyle issues",
            "insertions": 17,
            "deletions": 6
          },
          {
            "hash": "53d86a482d82b24c6c9088eab10a45f79e30c468",
            "message": "UI halfway before switching branch",
            "insertions": 70,
            "deletions": 372
          },
          {
            "hash": "11a7defd217b64e37dd33de329e7e39380bd1cb4",
            "message": "UI for TableMode menu display",
            "insertions": 34,
            "deletions": 20
          },
          {
            "hash": "2629138b5d1e60fbe478214be1cb4c3a8a742e5e",
            "message": "fix checkstyle issues",
            "insertions": 3,
            "deletions": 3
          },
          {
            "hash": "add41a3752c63803e25afe9b7d663f3107e624a3",
            "message": "more checkstyle issues",
            "insertions": 3,
            "deletions": 0
          }
        ]
      },
      {
        "insertions": 150,
        "deletions": 116,
        "date": "2019-03-19",
        "commitResults": [
          {
            "hash": "c2af2e0d2047c4c508d934acb98eebfc3e610085",
            "message": "textual updates to DG",
            "insertions": 42,
            "deletions": 1
          },
          {
            "hash": "e103cf175f870abefe824eebd15228c3c2e2b614",
            "message": "fix issues with logic, model and storage (halfway) tests",
            "insertions": 12,
            "deletions": 19
          },
          {
            "hash": "6fed64930e0a88a2f53cd14aa5242fcd0a8cac14",
            "message": "all tests should pass",
            "insertions": 96,
            "deletions": 96
          }
        ]
      },
      {
        "insertions": 0,
        "deletions": 0,
        "date": "2019-03-20",
        "commitResults": []
      },
      {
        "insertions": 0,
        "deletions": 0,
        "date": "2019-03-21",
        "commitResults": []
      },
      {
        "insertions": 0,
        "deletions": 0,
        "date": "2019-03-22",
        "commitResults": []
      },
      {
        "insertions": 0,
        "deletions": 0,
        "date": "2019-03-23",
        "commitResults": []
      },
      {
        "insertions": 0,
        "deletions": 0,
        "date": "2019-03-24",
        "commitResults": []
      },
      {
        "insertions": 0,
        "deletions": 0,
        "date": "2019-03-25",
        "commitResults": []
      },
      {
        "insertions": 0,
        "deletions": 0,
        "date": "2019-03-26",
        "commitResults": []
      }
    ],
    "whyjayxp": [
      {
        "insertions": 0,
        "deletions": 0,
        "date": "2019-02-10",
        "commitResults": []
      },
      {
        "insertions": 0,
        "deletions": 0,
        "date": "2019-02-11",
        "commitResults": []
      },
      {
        "insertions": 0,
        "deletions": 0,
        "date": "2019-02-12",
        "commitResults": []
      },
      {
        "insertions": 0,
        "deletions": 0,
        "date": "2019-02-13",
        "commitResults": []
      },
      {
        "insertions": 0,
        "deletions": 0,
        "date": "2019-02-14",
        "commitResults": []
      },
      {
        "insertions": 0,
        "deletions": 0,
        "date": "2019-02-15",
        "commitResults": []
      },
      {
        "insertions": 0,
        "deletions": 0,
        "date": "2019-02-16",
        "commitResults": []
      },
      {
        "insertions": 0,
        "deletions": 0,
        "date": "2019-02-17",
        "commitResults": []
      },
      {
        "insertions": 0,
        "deletions": 0,
        "date": "2019-02-18",
        "commitResults": []
      },
      {
        "insertions": 0,
        "deletions": 0,
        "date": "2019-02-19",
        "commitResults": []
      },
      {
        "insertions": 0,
        "deletions": 0,
        "date": "2019-02-20",
        "commitResults": []
      },
      {
        "insertions": 0,
        "deletions": 0,
        "date": "2019-02-21",
        "commitResults": []
      },
      {
        "insertions": 0,
        "deletions": 0,
        "date": "2019-02-22",
        "commitResults": []
      },
      {
        "insertions": 0,
        "deletions": 0,
        "date": "2019-02-23",
        "commitResults": []
      },
      {
        "insertions": 0,
        "deletions": 0,
        "date": "2019-02-24",
        "commitResults": []
      },
      {
        "insertions": 436,
        "deletions": 442,
        "date": "2019-02-25",
        "commitResults": [
          {
            "hash": "56cd6aa6dfc42993b7a1a1a0ce5b980e8680db29",
            "message": "Refactor class and file names to RestOrRant",
            "insertions": 411,
            "deletions": 411
          },
          {
            "hash": "e9399eeda1d81c5250b71c90741735ac568747c0",
            "message": "Reorder import statements for checkstyle",
            "insertions": 3,
            "deletions": 3
          },
          {
            "hash": "515a405d4bd793d224928f312feda55dce18471b",
            "message": "Reorder import statements again",
            "insertions": 22,
            "deletions": 28
          }
        ]
      },
      {
        "insertions": 3,
        "deletions": 3,
        "date": "2019-02-26",
        "commitResults": [
          {
            "hash": "caf9d763c9d3b13a3e751d45cb6d405b56892961",
            "message": "Resolve checkstyle issue",
            "insertions": 1,
            "deletions": 1
          },
          {
            "hash": "1fb0c22c18cb17388bc16c4804a0886991908695",
            "message": "Fix name change causing tests to fail",
            "insertions": 2,
            "deletions": 2
          }
        ]
      },
      {
        "insertions": 152,
        "deletions": 1021,
        "date": "2019-02-27",
        "commitResults": [
          {
            "hash": "932abcd8491a65d03bbc8b979142bfcd4a37c100",
            "message": "Update names and remove undo/redo function",
            "insertions": 143,
            "deletions": 1010
          },
          {
            "hash": "43256ace798e822f47337bff6fe10707dd9cdf98",
            "message": "Update for checkstyle",
            "insertions": 4,
            "deletions": 2
          },
          {
            "hash": "f106ca66218195920a0686e6db4d176bf58d8304",
            "message": "Remove trailing whitespaces",
            "insertions": 2,
            "deletions": 2
          },
          {
            "hash": "2e28ebb0a62dfa4ea1cd4e743e5a71d67c50edcb",
            "message": "Resolve more checkstyle issues",
            "insertions": 3,
            "deletions": 7
          }
        ]
      },
      {
        "insertions": 298,
        "deletions": 27,
        "date": "2019-02-28",
        "commitResults": [
          {
            "hash": "f5ba16450e396128aa4de54bb9d9d3ca8c30ab19",
            "message": "Modify model component for RestOrRant",
            "insertions": 297,
            "deletions": 26
          },
          {
            "hash": "6fc28fb9d4572252d9c2e40efd00407c5b3ea1c7",
            "message": "Fix list not showing in the UI",
            "insertions": 1,
            "deletions": 1
          }
        ]
      },
      {
        "insertions": 14,
        "deletions": 14,
        "date": "2019-03-01",
        "commitResults": [
          {
            "hash": "a1018fcae2cce020ca1f0625945844fbb139dbe5",
            "message": "Fix checkstyle issues",
            "insertions": 14,
            "deletions": 13
          },
          {
            "hash": "88b85f07645ab87efef33a88db130ef9c9ceb71b",
            "message": "Fix more checkstyle issues",
            "insertions": 0,
            "deletions": 1
          }
        ]
      },
      {
        "insertions": 0,
        "deletions": 0,
        "date": "2019-03-02",
        "commitResults": []
      },
      {
        "insertions": 365,
        "deletions": 22,
        "date": "2019-03-03",
        "commitResults": [
          {
            "hash": "19882c205f59b918d1078abc8915f4b187da09f4",
            "message": "Set up Storage component for Orders",
            "insertions": 92,
            "deletions": 5
          },
          {
            "hash": "4b391aa95f19af22d2363063f55036a7cda1b7ea",
            "message": "Update storage component for Orders feature",
            "insertions": 273,
            "deletions": 17
          }
        ]
      },
      {
        "insertions": 598,
        "deletions": 314,
        "date": "2019-03-04",
        "commitResults": [
          {
            "hash": "6c9ea08736e6e4157e558d30222f86c9ed7f5a3a",
            "message": "Update Model component for Orders",
            "insertions": 170,
            "deletions": 2
          },
          {
            "hash": "407a8b6e5c31c110f4a478fdaab7ec8fd8960006",
            "message": "Update storage to use ReadOnlyOrders instead",
            "insertions": 45,
            "deletions": 41
          },
          {
            "hash": "ca66fefc6ed8f3f5d797bd4604b2e46066717ebe",
            "message": "Restructure model to fit RestOrRant\u0027s features",
            "insertions": 131,
            "deletions": 190
          },
          {
            "hash": "795d253c3bcd8ebe56727393102f3cf7ea2476bc",
            "message": "Update logic component for Orders",
            "insertions": 36,
            "deletions": 21
          },
          {
            "hash": "f36652368ae3883478ebe2ec6a795e1ecae09f32",
            "message": "Add addToOrder command support",
            "insertions": 151,
            "deletions": 1
          },
          {
            "hash": "58c4781708c556445cccb6e31c565cdeeed6fd8f",
            "message": "Clean up",
            "insertions": 18,
            "deletions": 17
          },
          {
            "hash": "c843e791972c529354a3d4850f55218228dcb2fc",
            "message": "Use TableNumber class instead of integer",
            "insertions": 3,
            "deletions": 1
          },
          {
            "hash": "c78ec678b2b5b9cc1b974d3a528ea095ac3654cd",
            "message": "Switch to storing Code instead of MenuItem for Orders",
            "insertions": 36,
            "deletions": 38
          },
          {
            "hash": "15a7153d20b9ec5d5839b4b0668771be48d0f126",
            "message": "Fix NullPointerException",
            "insertions": 8,
            "deletions": 3
          }
        ]
      },
      {
        "insertions": 615,
        "deletions": 251,
        "date": "2019-03-05",
        "commitResults": [
          {
            "hash": "e29ecb91971070ca664e1a22ad95a294f213e45e",
            "message": "Refactor statistics and integrate into MainApp",
            "insertions": 52,
            "deletions": 50
          },
          {
            "hash": "198ebc302b0d5a51944f6f5bf3ef214833a2b1ef",
            "message": "Add function to parse TableNumber",
            "insertions": 9,
            "deletions": 8
          },
          {
            "hash": "9551317e0aad81c350c76c0100211ff3c4b2270a",
            "message": "Move ReadOnlyTables to the table subpackage",
            "insertions": 8,
            "deletions": 19
          },
          {
            "hash": "b8f64bc7b974794ec07a4196e7374f85ddac83c7",
            "message": "Make getTableFromNumber callable",
            "insertions": 24,
            "deletions": 8
          },
          {
            "hash": "63a4e9ec806af9f93a8de7ddae53bf14a8db1804",
            "message": "Sort code into respective features",
            "insertions": 46,
            "deletions": 46
          },
          {
            "hash": "6eab3d1a240d88b2c2745d286897845c12b3e3db",
            "message": "Add command to switch to Table Mode",
            "insertions": 110,
            "deletions": 5
          },
          {
            "hash": "83e6478e973e5c768c3e03fb57e6be77efcee7e9",
            "message": "Update JsonSerializableOrders for naming consistency",
            "insertions": 2,
            "deletions": 2
          },
          {
            "hash": "2b7112bb455342d832e79bdb5546efc53e66f6aa",
            "message": "Fix table related issues",
            "insertions": 2,
            "deletions": 2
          },
          {
            "hash": "1a4523fcc5102470b3155cdf6206226cdcaf894a",
            "message": "Change status bar to reflect the current mode",
            "insertions": 20,
            "deletions": 8
          },
          {
            "hash": "b0b31b0feddfbb849d04ba48958c24aadfe1ca08",
            "message": "Complete all change mode functions for Logic",
            "insertions": 35,
            "deletions": 5
          },
          {
            "hash": "56699e3a15ef9be951f9cf0be3ee55ad543e3ef3",
            "message": "Add UI for Orders and support for modes",
            "insertions": 209,
            "deletions": 27
          },
          {
            "hash": "52b4912e4176d453abd94bc562183af5bec45327",
            "message": "Add addToOrder command and features integration",
            "insertions": 62,
            "deletions": 36
          },
          {
            "hash": "5c75ada8aa4e526f77a854d6a19c294755046e1b",
            "message": "Fix error when adding duplicate order items in same command",
            "insertions": 5,
            "deletions": 6
          },
          {
            "hash": "353e90e80692fe129c89a761416de7a9fdc5d30e",
            "message": "Update app name and version",
            "insertions": 3,
            "deletions": 3
          },
          {
            "hash": "d792c945aeb6266dcf5eee1a8ef1e41f59e1b6fa",
            "message": "Fix incompatibility of Json with Table class",
            "insertions": 1,
            "deletions": 1
          },
          {
            "hash": "a9b206b681f90d3fcc38a3569fd10b9035dfd02c",
            "message": "Update User Guide for tableMode and addToOrder",
            "insertions": 27,
            "deletions": 25
          }
        ]
      },
      {
        "insertions": 0,
        "deletions": 0,
        "date": "2019-03-06",
        "commitResults": []
      },
      {
        "insertions": 958,
        "deletions": 1020,
        "date": "2019-03-07",
        "commitResults": [
          {
            "hash": "5da3f48c5b157dcf7112a16de265f39cda7c6960",
            "message": "Fix most checkstyle errors",
            "insertions": 958,
            "deletions": 1020
          }
        ]
      },
      {
        "insertions": 41,
        "deletions": 628,
        "date": "2019-03-08",
        "commitResults": [
          {
            "hash": "f8c92aeb0c2ff3f71ea6ef7b3a34dd437b692303",
            "message": "Make appends more readable and remove AB4-related files",
            "insertions": 41,
            "deletions": 628
          }
        ]
      },
      {
        "insertions": 48,
        "deletions": 262,
        "date": "2019-03-09",
        "commitResults": [
          {
            "hash": "eae47d41ba5b313abe1ce677175ad4054155eb3e",
            "message": "Remove more AB4 stuff",
            "insertions": 2,
            "deletions": 222
          },
          {
            "hash": "59bf8fcde743e47094fceae8d25b4bb2d49d3c32",
            "message": "Make naming consistent",
            "insertions": 46,
            "deletions": 40
          }
        ]
      },
      {
        "insertions": 0,
        "deletions": 0,
        "date": "2019-03-10",
        "commitResults": []
      },
      {
        "insertions": 739,
        "deletions": 296,
        "date": "2019-03-11",
        "commitResults": [
          {
            "hash": "31e59f088901b40278a76c423c60663d0846d8dd",
            "message": "Update test app/util and builders",
            "insertions": 293,
            "deletions": 129
          },
          {
            "hash": "1d26ac39804a014b1ebf15dad9b4fc24931b0ccc",
            "message": "Add tests for model component",
            "insertions": 434,
            "deletions": 165
          },
          {
            "hash": "9da952a157bdff93b5bd49fc005a94cceefb313f",
            "message": "Add missing setTableFilePath method",
            "insertions": 12,
            "deletions": 2
          }
        ]
      },
      {
        "insertions": 0,
        "deletions": 0,
        "date": "2019-03-12",
        "commitResults": []
      },
      {
        "insertions": 0,
        "deletions": 0,
        "date": "2019-03-13",
        "commitResults": []
      },
      {
        "insertions": 18,
        "deletions": 14,
        "date": "2019-03-14",
        "commitResults": [
          {
            "hash": "62488b0c9aef5810f6c4b788211d92af767daa04",
            "message": "Update Model tests",
            "insertions": 18,
            "deletions": 14
          }
        ]
      },
      {
        "insertions": 0,
        "deletions": 0,
        "date": "2019-03-15",
        "commitResults": []
      },
      {
        "insertions": 0,
        "deletions": 0,
        "date": "2019-03-16",
        "commitResults": []
      },
      {
        "insertions": 2006,
        "deletions": 270,
        "date": "2019-03-17",
        "commitResults": [
          {
            "hash": "ef4e2bb68fe17d3a44805e0a68dc16a86ff325dc",
            "message": "Update test data files with relevant filepaths",
            "insertions": 8,
            "deletions": 2
          },
          {
            "hash": "2ce990d34a7a81cc0ca81e4f507fbec6d62e65f9",
            "message": "Add storage tests for Orders feature",
            "insertions": 281,
            "deletions": 0
          },
          {
            "hash": "4a2dcc4c4cee55221ffde8cf3018d7b27ca49ca9",
            "message": "Add JsonAdaptedOrderItemTest",
            "insertions": 109,
            "deletions": 0
          },
          {
            "hash": "fd4daa968a3290f22a1ee0f47506e971393ed08d",
            "message": "Add model tests for Orders feature",
            "insertions": 283,
            "deletions": 0
          },
          {
            "hash": "7e33928836a3477bb04ec4ba5fb0f94e6ef6b65e",
            "message": "Update previously committed tests",
            "insertions": 150,
            "deletions": 231
          },
          {
            "hash": "845dc9f8843caa181dde3f75c2fe40cd19eafd62",
            "message": "Add UI tests for Orders feature",
            "insertions": 451,
            "deletions": 3
          },
          {
            "hash": "def5fd8794b5c2c0b86a5096517588e877bf5e24",
            "message": "Refactor AddOrder to AddToOrder for consistency",
            "insertions": 19,
            "deletions": 19
          },
          {
            "hash": "aaaa278b4c5ac671a5ce26bc7a7be25de2d04708",
            "message": "Refactor parser as well",
            "insertions": 1,
            "deletions": 1
          },
          {
            "hash": "e2a9fb445bce93c16605cf194004db236114cdeb",
            "message": "Change to fit previous change to TypicalIndexes",
            "insertions": 3,
            "deletions": 3
          },
          {
            "hash": "f72ed2492a250fb9ece7771fcfd7bdf05eebc722",
            "message": "Add support for logic tests for Orders feature",
            "insertions": 5,
            "deletions": 4
          },
          {
            "hash": "88a5047cd9e3031476ae5a91ccbc96db65e54230",
            "message": "Add logic command tests for Orders feature",
            "insertions": 696,
            "deletions": 7
          }
        ]
      },
      {
        "insertions": 705,
        "deletions": 407,
        "date": "2019-03-18",
        "commitResults": [
          {
            "hash": "60205efa41e10bf69ff577f00e9fa07d9c943911",
            "message": "Add integration test for AddToOrderCommand",
            "insertions": 156,
            "deletions": 46
          },
          {
            "hash": "3eea50447d6c51fe0f5b055b8615167e4ff0409e",
            "message": "Update files to reflect DailyRevenue change",
            "insertions": 147,
            "deletions": 87
          },
          {
            "hash": "3a6f0acc39179cf7881c14fced6ba02d0e64c1aa",
            "message": "Remove TypicalPersons import",
            "insertions": 0,
            "deletions": 2
          },
          {
            "hash": "7cb0cd428c375219d78b825726b12e67c3e69c18",
            "message": "Add SampleDataUtil",
            "insertions": 54,
            "deletions": 31
          },
          {
            "hash": "8b5ef022708216273e9b8863a3d37c046e3266a9",
            "message": "Update system tests and GUI handles",
            "insertions": 179,
            "deletions": 185
          },
          {
            "hash": "36f61b30d5d4c1ee34b0d1f7230df2dcd3bb2b3c",
            "message": "Add TableModeCommandTest and other changes",
            "insertions": 137,
            "deletions": 56
          },
          {
            "hash": "599dd317c419b211ce4d169dd7f004e3db15f6cc",
            "message": "Add test for TableModeCommandParser",
            "insertions": 32,
            "deletions": 0
          }
        ]
      },
      {
        "insertions": 41,
        "deletions": 0,
        "date": "2019-03-19",
        "commitResults": [
          {
            "hash": "e431765f7d528eb207d791d16203712be0e143d9",
            "message": "Update DG with implementation of tableMode",
            "insertions": 41,
            "deletions": 0
          }
        ]
      },
      {
        "insertions": 0,
        "deletions": 0,
        "date": "2019-03-20",
        "commitResults": []
      },
      {
        "insertions": 54,
        "deletions": 69,
        "date": "2019-03-21",
        "commitResults": [
          {
            "hash": "3ea663d6b741af186bc2a7d90c2f70b66be1746a",
            "message": "Update UG",
            "insertions": 54,
            "deletions": 69
          }
        ]
      },
      {
        "insertions": 0,
        "deletions": 0,
        "date": "2019-03-22",
        "commitResults": []
      },
      {
        "insertions": 162,
        "deletions": 73,
        "date": "2019-03-23",
        "commitResults": [
          {
            "hash": "07a2833c0a10f1f996484541b14d7feb80b7b217",
            "message": "Update order item list to show item name",
            "insertions": 84,
            "deletions": 39
          },
          {
            "hash": "55ab5f14c42d01ee8691a1e4487c20d9a463efb1",
            "message": "Update UI to be more user friendly",
            "insertions": 12,
            "deletions": 1
          },
          {
            "hash": "590b6bfb31764c572eb73314565d15fd48d043a3",
            "message": "Add method to clear order items from a table",
            "insertions": 35,
            "deletions": 16
          },
          {
            "hash": "dc0cf1b951ab232d5b469928264cd07926039792",
            "message": "Change updateTable to clear orders when unoccupied",
            "insertions": 3,
            "deletions": 0
          },
          {
            "hash": "4c65cd92ae7fa1ea6ac8b36cbe301e041764e6c1",
            "message": "Add checks for values in Orders json file",
            "insertions": 28,
            "deletions": 17
          }
        ]
      },
      {
        "insertions": 72,
        "deletions": 33,
        "date": "2019-03-24",
        "commitResults": [
          {
            "hash": "33a3f441fd4489c13f33f940087e60b07ef33a14",
            "message": "Add \u0027add\u0027 alias for all 3 main modes",
            "insertions": 18,
            "deletions": 25
          },
          {
            "hash": "ee443bf4d5982493363361ab97a9b4760cd4c6f8",
            "message": "Add clearOrder command",
            "insertions": 54,
            "deletions": 8
          }
        ]
      },
      {
        "insertions": 1097,
        "deletions": 95,
        "date": "2019-03-25",
        "commitResults": [
          {
            "hash": "8a76522655709116b43ef08248c32093aa697062",
            "message": "Fix checkstyle issues",
            "insertions": 41,
            "deletions": 44
          },
          {
            "hash": "b99b0cf95c3161310d63bf8ab445b2c5b2c6e8f9",
            "message": "Fix errors with tests",
            "insertions": 23,
            "deletions": 1
          },
          {
            "hash": "c0e0035b37c16d99ae958457c1d8b92f438b0595",
            "message": "Fix more errors with tests",
            "insertions": 38,
            "deletions": 12
          },
          {
            "hash": "845998d2472e1a2df3532dc015bb02f55dce4bcc",
            "message": "Add support for changing themes",
            "insertions": 427,
            "deletions": 10
          },
          {
            "hash": "11c06eef3f0834ea4b05c0286fe6d0521a4901eb",
            "message": "Fix checkstyle errors",
            "insertions": 6,
            "deletions": 8
          },
          {
            "hash": "3da20b7dddb01d4e44684a324038e7d859749977",
            "message": "Add newline at EOF",
            "insertions": 1,
            "deletions": 1
          },
          {
            "hash": "b229d1eb46ba10ba2da5562ea0bccd720812a7c0",
            "message": "Add themes for Table and Menu Mode",
            "insertions": 401,
            "deletions": 4
          },
          {
            "hash": "7628f502819f7df7356bfa0fe2db127dcb932060",
            "message": "Allow adding existing items to order",
            "insertions": 45,
            "deletions": 8
          },
          {
            "hash": "1876c3c5edd13af048472d98ba587edba0a09eda",
            "message": "Add deleteFromOrder command",
            "insertions": 115,
            "deletions": 7
          }
        ]
      },
      {
        "insertions": 645,
        "deletions": 287,
        "date": "2019-03-26",
        "commitResults": [
          {
            "hash": "951b8063c789daa1c212f95f78f0979be9ee8ac1",
            "message": "Make previous Order related tests work",
            "insertions": 121,
            "deletions": 72
          },
          {
            "hash": "64771ae4c6a5757aa96140b5833e558bc7636f30",
            "message": "Add tests for clearOrder and deleteFromOrder",
            "insertions": 373,
            "deletions": 92
          },
          {
            "hash": "5ff696aa8a47ff4055742284d80bbf923e566509",
            "message": "Fix checkstyle errors",
            "insertions": 3,
            "deletions": 4
          },
          {
            "hash": "b0aecfb7c8ad76b9318f473deafbd792eecc5331",
            "message": "Update UserGuide to reflect new commands",
            "insertions": 4,
            "deletions": 7
          },
          {
            "hash": "2b38a42f7cc73c0cde8dc01d1a60c9e629818798",
            "message": "FIx one more checkstyle error",
            "insertions": 1,
            "deletions": 1
          },
          {
            "hash": "95475444343dc69e6faa49b8f8215690ff91f7a1",
            "message": "Fix test errors",
            "insertions": 1,
            "deletions": 1
          },
          {
            "hash": "f9f31214c16e5b259e04e8438fd5ea7c6e5329b4",
            "message": "Add UI tests for Orders and addToOrder integration test",
            "insertions": 142,
            "deletions": 110
          }
        ]
      }
    ],
    "Qing-Yuan": [
      {
        "insertions": 0,
        "deletions": 0,
        "date": "2019-02-10",
        "commitResults": []
      },
      {
        "insertions": 0,
        "deletions": 0,
        "date": "2019-02-11",
        "commitResults": []
      },
      {
        "insertions": 0,
        "deletions": 0,
        "date": "2019-02-12",
        "commitResults": []
      },
      {
        "insertions": 0,
        "deletions": 0,
        "date": "2019-02-13",
        "commitResults": []
      },
      {
        "insertions": 0,
        "deletions": 0,
        "date": "2019-02-14",
        "commitResults": []
      },
      {
        "insertions": 0,
        "deletions": 0,
        "date": "2019-02-15",
        "commitResults": []
      },
      {
        "insertions": 0,
        "deletions": 0,
        "date": "2019-02-16",
        "commitResults": []
      },
      {
        "insertions": 0,
        "deletions": 0,
        "date": "2019-02-17",
        "commitResults": []
      },
      {
        "insertions": 0,
        "deletions": 0,
        "date": "2019-02-18",
        "commitResults": []
      },
      {
        "insertions": 24,
        "deletions": 16,
        "date": "2019-02-19",
        "commitResults": [
          {
            "hash": "94c0bae7b1dd63c95a8c4577c878d9dbbceb43b1",
            "message": "Update build status badges and introduction",
            "insertions": 21,
            "deletions": 14
          },
          {
            "hash": "2223e908840fb27bf1e7559ada51ba1b4dcc3e66",
            "message": "Fix asciidoc format",
            "insertions": 2,
            "deletions": 1
          },
          {
            "hash": "7366b203dd5429b36d027208c9cf4e1629793817",
            "message": "Remove trailing white space",
            "insertions": 1,
            "deletions": 1
          }
        ]
      },
      {
        "insertions": 118,
        "deletions": 20,
        "date": "2019-02-20",
        "commitResults": [
          {
            "hash": "87aef7571e15b86deb9318ca49cacc9c2023bc73",
            "message": "Add alias to \"add\" command and update relevant tests",
            "insertions": 14,
            "deletions": 0
          },
          {
            "hash": "4b44342b97a7bae5d2368700df1414324bd74749",
            "message": "Add alias to \"clear\" command and update relevant tests",
            "insertions": 6,
            "deletions": 0
          },
          {
            "hash": "1054c9bd5d1345ef4d9d6d358cf3bf27a77ff5f7",
            "message": "Add alias to \"delete\" command and update relevant tests",
            "insertions": 8,
            "deletions": 0
          },
          {
            "hash": "ec7ff8a6381806ba45ae55362a9eda7d174c8c7a",
            "message": "Add alias to \"edit\" command and updater relevant tests",
            "insertions": 8,
            "deletions": 0
          },
          {
            "hash": "1c667ccdaf43800764eb78b19f0b237d68e7b77d",
            "message": "Add alias to \"find\" command and update relevant tests",
            "insertions": 8,
            "deletions": 0
          },
          {
            "hash": "4f2235c0cefa92a2d729c9ac57f2fb0da6fb4a40",
            "message": "Add alias to \"help\" command and update relevant tests",
            "insertions": 7,
            "deletions": 0
          },
          {
            "hash": "f2a03837446aaf31cbcb653aa95d78fe8af265b6",
            "message": "Add alias to \"history\" command and update relevant tests",
            "insertions": 13,
            "deletions": 0
          },
          {
            "hash": "778e8a99e2ef6c8b3e22eb13d413337b3a09648a",
            "message": "Add alias to \"list\" command and update relevant tests",
            "insertions": 7,
            "deletions": 0
          },
          {
            "hash": "3885719c7ff5182ea092fe2425d627b7e20357c6",
            "message": "Add alias to \"redo\" command and update relevant tests",
            "insertions": 6,
            "deletions": 0
          },
          {
            "hash": "a45b1008d9f4538a30e42bdb445981354c29861d",
            "message": "Add alias to \"select\" command and update relevant tests",
            "insertions": 8,
            "deletions": 0
          },
          {
            "hash": "b9e20bb4653da9e05b4acbb081f48afb87cacbc4",
            "message": "Add alias to \"undo\" command and update relevant tests",
            "insertions": 6,
            "deletions": 0
          },
          {
            "hash": "b7b53c84db67aa1dcee7ac5a4a55f98b407b9a8a",
            "message": "Add alias to \"exit\" command and update relevant tests",
            "insertions": 7,
            "deletions": 0
          },
          {
            "hash": "b79102d5852df68a36166a302fefa93293d0e352",
            "message": "Remove all trailing white spaces",
            "insertions": 8,
            "deletions": 8
          },
          {
            "hash": "07345aee10a2780d491f67647259e3e6b50dfec8",
            "message": "Remove trailing whitespaces",
            "insertions": 11,
            "deletions": 11
          },
          {
            "hash": "e1fd1045db6683146c70a09e38fcecc8cf70be93",
            "message": "Remove trailing whitespace",
            "insertions": 1,
            "deletions": 1
          }
        ]
      },
      {
        "insertions": 0,
        "deletions": 1,
        "date": "2019-02-21",
        "commitResults": [
          {
            "hash": "4938e4268ca5f44602fad3094824c58a680d6e2e",
            "message": "Remove new line",
            "insertions": 0,
            "deletions": 1
          }
        ]
      },
      {
        "insertions": 0,
        "deletions": 0,
        "date": "2019-02-22",
        "commitResults": []
      },
      {
        "insertions": 0,
        "deletions": 0,
        "date": "2019-02-23",
        "commitResults": []
      },
      {
        "insertions": 0,
        "deletions": 0,
        "date": "2019-02-24",
        "commitResults": []
      },
      {
        "insertions": 0,
        "deletions": 0,
        "date": "2019-02-25",
        "commitResults": []
      },
      {
        "insertions": 0,
        "deletions": 0,
        "date": "2019-02-26",
        "commitResults": []
      },
      {
        "insertions": 0,
        "deletions": 0,
        "date": "2019-02-27",
        "commitResults": []
      },
      {
        "insertions": 167,
        "deletions": 94,
        "date": "2019-02-28",
        "commitResults": [
          {
            "hash": "0b5f9924082bab70313927755872236e09279ffc",
            "message": "Update Logic component to be compatible with modes",
            "insertions": 121,
            "deletions": 52
          },
          {
            "hash": "fb34300337260d8498ee25366999ad21faf35867",
            "message": "Update Messages for invalid Mode",
            "insertions": 1,
            "deletions": 0
          },
          {
            "hash": "53565e0a5a899cca6df128d93d59c49f1eab8f97",
            "message": "Fix checkstyle errors",
            "insertions": 42,
            "deletions": 39
          },
          {
            "hash": "8b0fd23983bad1d07a42568c6d8250c34f10830f",
            "message": "Fix checkstyle errors again",
            "insertions": 2,
            "deletions": 2
          },
          {
            "hash": "e329f32456470eee70e2c96eece33f24ce1e4f26",
            "message": "Fix checkstyle errors again",
            "insertions": 1,
            "deletions": 1
          }
        ]
      },
      {
        "insertions": 72,
        "deletions": 60,
        "date": "2019-03-01",
        "commitResults": [
          {
            "hash": "7584a2293f0193924c2098c38317e8800be8f234",
            "message": "Refactor Mode names to be more comprehensive",
            "insertions": 55,
            "deletions": 44
          },
          {
            "hash": "00c613182859941d18a4c04c7a2139ef5a124ba3",
            "message": "Fix checkstyle errors",
            "insertions": 15,
            "deletions": 15
          },
          {
            "hash": "176edae7bd291e6a5e1bae561bf8dfb1a498d63f",
            "message": "Fix checkstyle error again",
            "insertions": 2,
            "deletions": 1
          }
        ]
      },
      {
        "insertions": 0,
        "deletions": 0,
        "date": "2019-03-02",
        "commitResults": []
      },
      {
        "insertions": 85,
        "deletions": 0,
        "date": "2019-03-03",
        "commitResults": [
          {
            "hash": "54f3894315b0dfd13b1dc59081dc7116f26639dd",
            "message": "Add listener and check for mode changes",
            "insertions": 8,
            "deletions": 0
          },
          {
            "hash": "746137f43b5707d2ab8ac8e9704e2e4b584fdeb0",
            "message": "Add error message for invalid mode changes",
            "insertions": 1,
            "deletions": 0
          },
          {
            "hash": "1da96bd3d591a1f299d5bf39617270456263c6aa",
            "message": "Fix checkstyle errors and compilation errors",
            "insertions": 76,
            "deletions": 0
          }
        ]
      },
      {
        "insertions": 0,
        "deletions": 0,
        "date": "2019-03-04",
        "commitResults": []
      },
      {
        "insertions": 0,
        "deletions": 0,
        "date": "2019-03-05",
        "commitResults": []
      },
      {
        "insertions": 0,
        "deletions": 0,
        "date": "2019-03-06",
        "commitResults": []
      },
      {
        "insertions": 0,
        "deletions": 0,
        "date": "2019-03-07",
        "commitResults": []
      },
      {
        "insertions": 0,
        "deletions": 0,
        "date": "2019-03-08",
        "commitResults": []
      },
      {
        "insertions": 0,
        "deletions": 0,
        "date": "2019-03-09",
        "commitResults": []
      },
      {
        "insertions": 0,
        "deletions": 0,
        "date": "2019-03-10",
        "commitResults": []
      },
      {
        "insertions": 0,
        "deletions": 0,
        "date": "2019-03-11",
        "commitResults": []
      },
      {
        "insertions": 0,
        "deletions": 0,
        "date": "2019-03-12",
        "commitResults": []
      },
      {
        "insertions": 0,
        "deletions": 0,
        "date": "2019-03-13",
        "commitResults": []
      },
      {
        "insertions": 0,
        "deletions": 0,
        "date": "2019-03-14",
        "commitResults": []
      },
      {
        "insertions": 0,
        "deletions": 0,
        "date": "2019-03-15",
        "commitResults": []
      },
      {
        "insertions": 0,
        "deletions": 0,
        "date": "2019-03-16",
        "commitResults": []
      },
      {
        "insertions": 0,
        "deletions": 0,
        "date": "2019-03-17",
        "commitResults": []
      },
      {
        "insertions": 0,
        "deletions": 0,
        "date": "2019-03-18",
        "commitResults": []
      },
      {
        "insertions": 0,
        "deletions": 0,
        "date": "2019-03-19",
        "commitResults": []
      },
      {
        "insertions": 0,
        "deletions": 0,
        "date": "2019-03-20",
        "commitResults": []
      },
      {
        "insertions": 0,
        "deletions": 0,
        "date": "2019-03-21",
        "commitResults": []
      },
      {
        "insertions": 0,
        "deletions": 0,
        "date": "2019-03-22",
        "commitResults": []
      },
      {
        "insertions": 0,
        "deletions": 0,
        "date": "2019-03-23",
        "commitResults": []
      },
      {
        "insertions": 0,
        "deletions": 0,
        "date": "2019-03-24",
        "commitResults": []
      },
      {
        "insertions": 0,
        "deletions": 0,
        "date": "2019-03-25",
        "commitResults": []
      },
      {
        "insertions": 0,
        "deletions": 0,
        "date": "2019-03-26",
        "commitResults": []
      }
    ]
  },
  "authorFinalContributionMap": {
    "Beesaycheese": 4081,
    "bava98": 3068,
    "whyjayxp": 6650,
    "Qing-Yuan": 129
  },
  "authorContributionVariance": {
    "Beesaycheese": 155136.14,
    "bava98": 181654.28,
    "whyjayxp": 301239.12,
    "Qing-Yuan": 2307.1714
  },
  "authorDisplayNameMap": {
    "Beesaycheese": "LEO...ICE",
    "bava98": "SIV...INI",
    "whyjayxp": "PHU...JUN",
    "Qing-Yuan": "SIE...UAN"
  }
}
