{
  "authorDailyContributionsMap": {
    "chiuyuhua": [
      {
        "insertions": 0,
        "deletions": 0,
        "date": "2019-02-10",
        "commitResults": []
      },
      {
        "insertions": 0,
        "deletions": 0,
        "date": "2019-02-11",
        "commitResults": []
      },
      {
        "insertions": 0,
        "deletions": 0,
        "date": "2019-02-12",
        "commitResults": []
      },
      {
        "insertions": 0,
        "deletions": 0,
        "date": "2019-02-13",
        "commitResults": []
      },
      {
        "insertions": 0,
        "deletions": 0,
        "date": "2019-02-14",
        "commitResults": []
      },
      {
        "insertions": 0,
        "deletions": 0,
        "date": "2019-02-15",
        "commitResults": []
      },
      {
        "insertions": 0,
        "deletions": 0,
        "date": "2019-02-16",
        "commitResults": []
      },
      {
        "insertions": 0,
        "deletions": 0,
        "date": "2019-02-17",
        "commitResults": []
      },
      {
        "insertions": 3,
        "deletions": 275,
        "date": "2019-02-18",
        "commitResults": [
          {
            "hash": "f3536f4a627b0f6c51e6558efa3b14315e1c3dd3",
            "message": "no message",
            "insertions": 3,
            "deletions": 3
          },
          {
            "hash": "e58c6b666196c9fdd7009ecbf46e7453bc15d54c",
            "message": "no message",
            "insertions": 0,
            "deletions": 272
          }
        ]
      },
      {
        "insertions": 0,
        "deletions": 0,
        "date": "2019-02-19",
        "commitResults": []
      },
      {
        "insertions": 2,
        "deletions": 2,
        "date": "2019-02-20",
        "commitResults": [
          {
            "hash": "594e5a8a7c469938c5f9eb5b079ed984745cfd19",
            "message": "no message",
            "insertions": 1,
            "deletions": 1
          },
          {
            "hash": "dcf91b56dbf8e979a3ce984c8f3c5c27dc8b244f",
            "message": "no message",
            "insertions": 1,
            "deletions": 1
          }
        ]
      },
      {
        "insertions": 0,
        "deletions": 0,
        "date": "2019-02-21",
        "commitResults": []
      },
      {
        "insertions": 0,
        "deletions": 0,
        "date": "2019-02-22",
        "commitResults": []
      },
      {
        "insertions": 0,
        "deletions": 0,
        "date": "2019-02-23",
        "commitResults": []
      },
      {
        "insertions": 0,
        "deletions": 0,
        "date": "2019-02-24",
        "commitResults": []
      },
      {
        "insertions": 0,
        "deletions": 0,
        "date": "2019-02-25",
        "commitResults": []
      },
      {
        "insertions": 0,
        "deletions": 0,
        "date": "2019-02-26",
        "commitResults": []
      },
      {
        "insertions": 91,
        "deletions": 0,
        "date": "2019-02-27",
        "commitResults": [
          {
            "hash": "268e11b2f1b5aaab1fbeb97cae0107116be461a7",
            "message": "Add removeEveryoneWithThisTag function",
            "insertions": 91,
            "deletions": 0
          }
        ]
      },
      {
        "insertions": 0,
        "deletions": 0,
        "date": "2019-02-28",
        "commitResults": []
      },
      {
        "insertions": 83,
        "deletions": 76,
        "date": "2019-03-01",
        "commitResults": [
          {
            "hash": "6b7f42b0a510c188781ca3173efc42f8515e4d5a",
            "message": "no message",
            "insertions": 16,
            "deletions": 16
          },
          {
            "hash": "be2f665ae3c4b9233403f2dd39bd897b8ef64199",
            "message": "no message",
            "insertions": 5,
            "deletions": 0
          },
          {
            "hash": "97c97f794e7d7bff82f63ad0c78c3b2a639c225a",
            "message": "Updated removeEveryoneWithThisTag Function",
            "insertions": 22,
            "deletions": 22
          },
          {
            "hash": "86203ac5f590ff4f173396224d907ba16186e46f",
            "message": "Debug removeEveryoneWithThisTag function",
            "insertions": 1,
            "deletions": 1
          },
          {
            "hash": "19ec17c01ea7509c6118defa5ef787292e9700f0",
            "message": "Debug again removeEveryoneWithThisTag function LOL",
            "insertions": 1,
            "deletions": 1
          },
          {
            "hash": "9243fab6441938724d3f38d06fd08c508dc07ccc",
            "message": "debug AGAIN",
            "insertions": 24,
            "deletions": 23
          },
          {
            "hash": "2db9b60ebe119049da47390cd89412d4e42f5d1c",
            "message": "Again",
            "insertions": 10,
            "deletions": 8
          },
          {
            "hash": "117ea15beb0c9ac8fe796840afd83823a5b7a62d",
            "message": "x2",
            "insertions": 2,
            "deletions": 3
          },
          {
            "hash": "d30f6191c84ceff44dc8175c6177f6f025e0baae",
            "message": "....",
            "insertions": 2,
            "deletions": 2
          }
        ]
      },
      {
        "insertions": 0,
        "deletions": 0,
        "date": "2019-03-02",
        "commitResults": []
      },
      {
        "insertions": 0,
        "deletions": 0,
        "date": "2019-03-03",
        "commitResults": []
      },
      {
        "insertions": 0,
        "deletions": 0,
        "date": "2019-03-04",
        "commitResults": []
      },
      {
        "insertions": 533,
        "deletions": 220,
        "date": "2019-03-05",
        "commitResults": [
          {
            "hash": "c4e5d77d84a59d6c8f39727d332ddaed5d6c7b01",
            "message": "Add Field \"Race\"",
            "insertions": 436,
            "deletions": 130
          },
          {
            "hash": "781426479174f85a08fb50738a86bf6a7226d928",
            "message": "Add new line in \"Race\" class",
            "insertions": 1,
            "deletions": 1
          },
          {
            "hash": "a5307af238741174cabb3efa85feec7fdaa3d155",
            "message": "Edit Style for \"Race\"",
            "insertions": 13,
            "deletions": 7
          },
          {
            "hash": "08aa761e6542183e576f9e3003cb8d5352b7b80f",
            "message": "v1.2 Edit Style For \"Race\"",
            "insertions": 1,
            "deletions": 2
          },
          {
            "hash": "c54d258d4c3934297acb21044ac9d7f025e808a4",
            "message": "v.1.3 Edit Syntax For \"Race\"",
            "insertions": 1,
            "deletions": 1
          },
          {
            "hash": "b4a200efc30fa8aa934e61a43d8bca4ebf3caa07",
            "message": "v1.4 Edit Field \"Race\"",
            "insertions": 1,
            "deletions": 1
          },
          {
            "hash": "26cf4434f9a99a36a655061ec06c206cc37b5c7a",
            "message": "v1.5 Edit Field and Style \"Race\"",
            "insertions": 15,
            "deletions": 13
          },
          {
            "hash": "f0dfc97f5e191f041caec87a3c0a4af64aadf2ad",
            "message": "v1.6 Edit \"Race\"",
            "insertions": 49,
            "deletions": 49
          },
          {
            "hash": "082d2aa522e45820b53aed683d3b9b2f0be0104a",
            "message": "v1.7 Edit \"Race\"",
            "insertions": 10,
            "deletions": 9
          },
          {
            "hash": "bb959bd02afc327cfcc4af6de3ceafaef586a2bb",
            "message": "v1.8 Edit \"Race\"",
            "insertions": 3,
            "deletions": 4
          },
          {
            "hash": "ae2da1b476e1ff7b603f61c4fcc5cee6c493e70b",
            "message": "v1.9 Edit \"Race\"",
            "insertions": 3,
            "deletions": 3
          }
        ]
      },
      {
        "insertions": 2,
        "deletions": 2,
        "date": "2019-03-06",
        "commitResults": [
          {
            "hash": "0e12e14d463be7b33c7db9f8101e59a5976b662c",
            "message": "Edit image name and About Us",
            "insertions": 2,
            "deletions": 2
          }
        ]
      },
      {
        "insertions": 0,
        "deletions": 0,
        "date": "2019-03-07",
        "commitResults": []
      },
      {
        "insertions": 0,
        "deletions": 0,
        "date": "2019-03-08",
        "commitResults": []
      },
      {
        "insertions": 0,
        "deletions": 0,
        "date": "2019-03-09",
        "commitResults": []
      },
      {
        "insertions": 0,
        "deletions": 0,
        "date": "2019-03-10",
        "commitResults": []
      },
      {
        "insertions": 0,
        "deletions": 0,
        "date": "2019-03-11",
        "commitResults": []
      },
      {
        "insertions": 0,
        "deletions": 0,
        "date": "2019-03-12",
        "commitResults": []
      },
      {
        "insertions": 0,
        "deletions": 0,
        "date": "2019-03-13",
        "commitResults": []
      },
      {
        "insertions": 0,
        "deletions": 0,
        "date": "2019-03-14",
        "commitResults": []
      },
      {
        "insertions": 0,
        "deletions": 0,
        "date": "2019-03-15",
        "commitResults": []
      },
      {
        "insertions": 2041,
        "deletions": 305,
        "date": "2019-03-16",
        "commitResults": [
          {
            "hash": "f6adc948d2aae9b19cd9b69309a79ac8f96adae6",
            "message": "#81 V1.0 Add Person Fields: NRIC, Grade, Gender, InterviewScores, Jobs Application",
            "insertions": 2001,
            "deletions": 262
          },
          {
            "hash": "c928bfe6ab98592c847edb914bfb725347915365",
            "message": "#81 V1.1 Edit for Style",
            "insertions": 10,
            "deletions": 10
          },
          {
            "hash": "daa3b48bb37f636a8c50cd09ca7c7f91103984e5",
            "message": "#81 V1.2 Edit for style",
            "insertions": 1,
            "deletions": 1
          },
          {
            "hash": "52b485601d97c18c9efa660b83fe0a1d4fbd62a1",
            "message": "#81 V1.3 Edit for style",
            "insertions": 28,
            "deletions": 31
          },
          {
            "hash": "4ee1cd955fced9c3db86f2c5cd15ada6ee61b015",
            "message": "#81 V1.4 Edit for style",
            "insertions": 1,
            "deletions": 1
          }
        ]
      },
      {
        "insertions": 0,
        "deletions": 0,
        "date": "2019-03-17",
        "commitResults": []
      },
      {
        "insertions": 0,
        "deletions": 0,
        "date": "2019-03-18",
        "commitResults": []
      },
      {
        "insertions": 386,
        "deletions": 91,
        "date": "2019-03-19",
        "commitResults": [
          {
            "hash": "dce3ea3c25abc3f0194cee9088b3fac396c31fcd",
            "message": "#81 V2.0 NRIC must be unique against NRIC database",
            "insertions": 352,
            "deletions": 54
          },
          {
            "hash": "ebdbd4ca6fb4c7312a9eee16a48cc74188f9c369",
            "message": "#81 V2.1 Edit for style",
            "insertions": 8,
            "deletions": 6
          },
          {
            "hash": "3cb97197264b0989287dd3a65b0ca0752bfabe01",
            "message": "#81 V2.2 Edit for style",
            "insertions": 2,
            "deletions": 11
          },
          {
            "hash": "c009769e0e3466d8f85bcd85f45b9415a6b5cadd",
            "message": "#81 Make InterviewScore Optional",
            "insertions": 24,
            "deletions": 20
          }
        ]
      }
    ],
    "COGnitiveAspian": [
      {
        "insertions": 0,
        "deletions": 0,
        "date": "2019-02-10",
        "commitResults": []
      },
      {
        "insertions": 0,
        "deletions": 0,
        "date": "2019-02-11",
        "commitResults": []
      },
      {
        "insertions": 0,
        "deletions": 0,
        "date": "2019-02-12",
        "commitResults": []
      },
      {
        "insertions": 0,
        "deletions": 0,
        "date": "2019-02-13",
        "commitResults": []
      },
      {
        "insertions": 0,
        "deletions": 0,
        "date": "2019-02-14",
        "commitResults": []
      },
      {
        "insertions": 0,
        "deletions": 0,
        "date": "2019-02-15",
        "commitResults": []
      },
      {
        "insertions": 0,
        "deletions": 0,
        "date": "2019-02-16",
        "commitResults": []
      },
      {
        "insertions": 0,
        "deletions": 0,
        "date": "2019-02-17",
        "commitResults": []
      },
      {
        "insertions": 0,
        "deletions": 0,
        "date": "2019-02-18",
        "commitResults": []
      },
      {
        "insertions": 0,
        "deletions": 0,
        "date": "2019-02-19",
        "commitResults": []
      },
      {
        "insertions": 0,
        "deletions": 0,
        "date": "2019-02-20",
        "commitResults": []
      },
      {
        "insertions": 0,
        "deletions": 0,
        "date": "2019-02-21",
        "commitResults": []
      },
      {
        "insertions": 0,
        "deletions": 0,
        "date": "2019-02-22",
        "commitResults": []
      },
      {
        "insertions": 0,
        "deletions": 0,
        "date": "2019-02-23",
        "commitResults": []
      },
      {
        "insertions": 0,
        "deletions": 0,
        "date": "2019-02-24",
        "commitResults": []
      },
      {
        "insertions": 0,
        "deletions": 0,
        "date": "2019-02-25",
        "commitResults": []
      },
      {
        "insertions": 0,
        "deletions": 0,
        "date": "2019-02-26",
        "commitResults": []
      },
      {
        "insertions": 0,
        "deletions": 0,
        "date": "2019-02-27",
        "commitResults": []
      },
      {
        "insertions": 0,
        "deletions": 0,
        "date": "2019-02-28",
        "commitResults": []
      },
      {
        "insertions": 0,
        "deletions": 0,
        "date": "2019-03-01",
        "commitResults": []
      },
      {
        "insertions": 0,
        "deletions": 0,
        "date": "2019-03-02",
        "commitResults": []
      },
      {
        "insertions": 0,
        "deletions": 0,
        "date": "2019-03-03",
        "commitResults": []
      },
      {
        "insertions": 0,
        "deletions": 0,
        "date": "2019-03-04",
        "commitResults": []
      },
      {
        "insertions": 0,
        "deletions": 0,
        "date": "2019-03-05",
        "commitResults": []
      },
      {
        "insertions": 0,
        "deletions": 0,
        "date": "2019-03-06",
        "commitResults": []
      },
      {
        "insertions": 0,
        "deletions": 0,
        "date": "2019-03-07",
        "commitResults": []
      },
      {
        "insertions": 0,
        "deletions": 0,
        "date": "2019-03-08",
        "commitResults": []
      },
      {
        "insertions": 0,
        "deletions": 0,
        "date": "2019-03-09",
        "commitResults": []
      },
      {
        "insertions": 0,
        "deletions": 0,
        "date": "2019-03-10",
        "commitResults": []
      },
      {
        "insertions": 0,
        "deletions": 0,
        "date": "2019-03-11",
        "commitResults": []
      },
      {
        "insertions": 0,
        "deletions": 0,
        "date": "2019-03-12",
        "commitResults": []
      },
      {
        "insertions": 0,
        "deletions": 0,
        "date": "2019-03-13",
        "commitResults": []
      },
      {
        "insertions": 0,
        "deletions": 0,
        "date": "2019-03-14",
        "commitResults": []
      },
      {
        "insertions": 0,
        "deletions": 0,
        "date": "2019-03-15",
        "commitResults": []
      },
      {
        "insertions": 0,
        "deletions": 0,
        "date": "2019-03-16",
        "commitResults": []
      },
      {
        "insertions": 0,
        "deletions": 0,
        "date": "2019-03-17",
        "commitResults": []
      },
      {
        "insertions": 0,
        "deletions": 0,
        "date": "2019-03-18",
        "commitResults": []
      },
      {
        "insertions": 0,
        "deletions": 0,
        "date": "2019-03-19",
        "commitResults": []
      }
    ],
    "DanielDSSim": [
      {
        "insertions": 0,
        "deletions": 0,
        "date": "2019-02-10",
        "commitResults": []
      },
      {
        "insertions": 0,
        "deletions": 0,
        "date": "2019-02-11",
        "commitResults": []
      },
      {
        "insertions": 0,
        "deletions": 0,
        "date": "2019-02-12",
        "commitResults": []
      },
      {
        "insertions": 0,
        "deletions": 0,
        "date": "2019-02-13",
        "commitResults": []
      },
      {
        "insertions": 0,
        "deletions": 0,
        "date": "2019-02-14",
        "commitResults": []
      },
      {
        "insertions": 0,
        "deletions": 0,
        "date": "2019-02-15",
        "commitResults": []
      },
      {
        "insertions": 0,
        "deletions": 0,
        "date": "2019-02-16",
        "commitResults": []
      },
      {
        "insertions": 0,
        "deletions": 0,
        "date": "2019-02-17",
        "commitResults": []
      },
      {
        "insertions": 0,
        "deletions": 0,
        "date": "2019-02-18",
        "commitResults": []
      },
      {
        "insertions": 0,
        "deletions": 0,
        "date": "2019-02-19",
        "commitResults": []
      },
      {
        "insertions": 0,
        "deletions": 0,
        "date": "2019-02-20",
        "commitResults": []
      },
      {
        "insertions": 0,
        "deletions": 0,
        "date": "2019-02-21",
        "commitResults": []
      },
      {
        "insertions": 0,
        "deletions": 0,
        "date": "2019-02-22",
        "commitResults": []
      },
      {
        "insertions": 0,
        "deletions": 0,
        "date": "2019-02-23",
        "commitResults": []
      },
      {
        "insertions": 0,
        "deletions": 0,
        "date": "2019-02-24",
        "commitResults": []
      },
      {
        "insertions": 0,
        "deletions": 0,
        "date": "2019-02-25",
        "commitResults": []
      },
      {
        "insertions": 0,
        "deletions": 0,
        "date": "2019-02-26",
        "commitResults": []
      },
      {
        "insertions": 0,
        "deletions": 0,
        "date": "2019-02-27",
        "commitResults": []
      },
      {
        "insertions": 0,
        "deletions": 0,
        "date": "2019-02-28",
        "commitResults": []
      },
      {
        "insertions": 0,
        "deletions": 0,
        "date": "2019-03-01",
        "commitResults": []
      },
      {
        "insertions": 0,
        "deletions": 0,
        "date": "2019-03-02",
        "commitResults": []
      },
      {
        "insertions": 0,
        "deletions": 0,
        "date": "2019-03-03",
        "commitResults": []
      },
      {
        "insertions": 0,
        "deletions": 0,
        "date": "2019-03-04",
        "commitResults": []
      },
      {
        "insertions": 0,
        "deletions": 0,
        "date": "2019-03-05",
        "commitResults": []
      },
      {
        "insertions": 0,
        "deletions": 0,
        "date": "2019-03-06",
        "commitResults": []
      },
      {
        "insertions": 0,
        "deletions": 0,
        "date": "2019-03-07",
        "commitResults": []
      },
      {
        "insertions": 0,
        "deletions": 0,
        "date": "2019-03-08",
        "commitResults": []
      },
      {
        "insertions": 0,
        "deletions": 0,
        "date": "2019-03-09",
        "commitResults": []
      },
      {
        "insertions": 0,
        "deletions": 0,
        "date": "2019-03-10",
        "commitResults": []
      },
      {
        "insertions": 0,
        "deletions": 0,
        "date": "2019-03-11",
        "commitResults": []
      },
      {
        "insertions": 0,
        "deletions": 0,
        "date": "2019-03-12",
        "commitResults": []
      },
      {
        "insertions": 0,
        "deletions": 0,
        "date": "2019-03-13",
        "commitResults": []
      },
      {
        "insertions": 0,
        "deletions": 0,
        "date": "2019-03-14",
        "commitResults": []
      },
      {
        "insertions": 0,
        "deletions": 0,
        "date": "2019-03-15",
        "commitResults": []
      },
      {
        "insertions": 0,
        "deletions": 0,
        "date": "2019-03-16",
        "commitResults": []
      },
      {
        "insertions": 0,
        "deletions": 0,
        "date": "2019-03-17",
        "commitResults": []
      },
      {
        "insertions": 0,
        "deletions": 0,
        "date": "2019-03-18",
        "commitResults": []
      },
      {
        "insertions": 0,
        "deletions": 0,
        "date": "2019-03-19",
        "commitResults": []
      }
    ],
    "CaesarTY": [
      {
        "insertions": 0,
        "deletions": 0,
        "date": "2019-02-10",
        "commitResults": []
      },
      {
        "insertions": 0,
        "deletions": 0,
        "date": "2019-02-11",
        "commitResults": []
      },
      {
        "insertions": 0,
        "deletions": 0,
        "date": "2019-02-12",
        "commitResults": []
      },
      {
        "insertions": 0,
        "deletions": 0,
        "date": "2019-02-13",
        "commitResults": []
      },
      {
        "insertions": 0,
        "deletions": 0,
        "date": "2019-02-14",
        "commitResults": []
      },
      {
        "insertions": 0,
        "deletions": 0,
        "date": "2019-02-15",
        "commitResults": []
      },
      {
        "insertions": 0,
        "deletions": 0,
        "date": "2019-02-16",
        "commitResults": []
      },
      {
        "insertions": 0,
        "deletions": 0,
        "date": "2019-02-17",
        "commitResults": []
      },
      {
        "insertions": 52,
        "deletions": 14,
        "date": "2019-02-18",
        "commitResults": [
          {
            "hash": "a1d1374c12f3225b6600504dbb3adb19efae01dc",
            "message": "Edit developer information",
            "insertions": 3,
            "deletions": 3
          },
          {
            "hash": "34308027eb4f93f76066b729cc8ece831584916d",
            "message": "Update AboutUs.adoc",
            "insertions": 1,
            "deletions": 1
          },
          {
            "hash": "0f625c08b3cf50c3ab3f1575e5a04a779a01f2f9",
            "message": "Update UserGuide.adoc",
            "insertions": 45,
            "deletions": 6
          },
          {
            "hash": "b027277712cfc56c07b5b6a417ef22774fa0443c",
            "message": "Update documentation to match fork",
            "insertions": 3,
            "deletions": 4
          }
        ]
      },
      {
        "insertions": 0,
        "deletions": 0,
        "date": "2019-02-19",
        "commitResults": []
      },
      {
        "insertions": 0,
        "deletions": 0,
        "date": "2019-02-20",
        "commitResults": []
      },
      {
        "insertions": 0,
        "deletions": 0,
        "date": "2019-02-21",
        "commitResults": []
      },
      {
        "insertions": 0,
        "deletions": 0,
        "date": "2019-02-22",
        "commitResults": []
      },
      {
        "insertions": 0,
        "deletions": 0,
        "date": "2019-02-23",
        "commitResults": []
      },
      {
        "insertions": 0,
        "deletions": 0,
        "date": "2019-02-24",
        "commitResults": []
      },
      {
        "insertions": 0,
        "deletions": 0,
        "date": "2019-02-25",
        "commitResults": []
      },
      {
        "insertions": 0,
        "deletions": 0,
        "date": "2019-02-26",
        "commitResults": []
      },
      {
        "insertions": 0,
        "deletions": 0,
        "date": "2019-02-27",
        "commitResults": []
      },
      {
        "insertions": 0,
        "deletions": 0,
        "date": "2019-02-28",
        "commitResults": []
      },
      {
        "insertions": 0,
        "deletions": 0,
        "date": "2019-03-01",
        "commitResults": []
      },
      {
        "insertions": 0,
        "deletions": 0,
        "date": "2019-03-02",
        "commitResults": []
      },
      {
        "insertions": 94,
        "deletions": 0,
        "date": "2019-03-03",
        "commitResults": [
          {
            "hash": "eb8d2928e197a137b0c5a573e40493c5e70ee0ab",
            "message": "Add PastJob and PastJobTest",
            "insertions": 94,
            "deletions": 0
          }
        ]
      },
      {
        "insertions": 452,
        "deletions": 160,
        "date": "2019-03-04",
        "commitResults": [
          {
            "hash": "2b26213e5294f98bb85ea8e90702132bc1aed10e",
            "message": "Update Person for new feild past job",
            "insertions": 16,
            "deletions": 3
          },
          {
            "hash": "bfa97ff66a60734f5177c3461f7bfd3f11a92c7a",
            "message": "Update PersonCard for new field past job",
            "insertions": 27,
            "deletions": 3
          },
          {
            "hash": "7eb3f57a7b8b3580387e6fba5d14db7d2af9665d",
            "message": "Update parsers and EditCommand for new field",
            "insertions": 90,
            "deletions": 7
          },
          {
            "hash": "5e833447ab57de29e96e9e4f6e2d8a0520893d9a",
            "message": "Update SampleDataUtil for new field past job",
            "insertions": 29,
            "deletions": 19
          },
          {
            "hash": "958a7edc41acce2ac350a91279002a49cfca3a99",
            "message": "Update storge file for new field past job",
            "insertions": 63,
            "deletions": 2
          },
          {
            "hash": "fb55fd1703004c1ff849c9f1026d7b39e5fec0e7",
            "message": "Update sample persons in json files",
            "insertions": 7,
            "deletions": 0
          },
          {
            "hash": "b526c62f43cb43f8df5d3771e7913565b98a4395",
            "message": "Update JsonAdaptedPersonTest.java",
            "insertions": 36,
            "deletions": 11
          },
          {
            "hash": "bda30cc61c6042a252823f17fcca51ddaa66b657",
            "message": "Update testutils for new field past job",
            "insertions": 42,
            "deletions": 5
          },
          {
            "hash": "4e5ca8cff2f01e2390886e74b8d0f329f45313c6",
            "message": "Update logic tests for new field past job",
            "insertions": 44,
            "deletions": 21
          },
          {
            "hash": "9c6845a7ce9a85ec36ee835429709d91b6f88a45",
            "message": "Update UI test for new field past job",
            "insertions": 5,
            "deletions": 1
          },
          {
            "hash": "395079cb44a86be39d73a1720e1d89f975710399",
            "message": "Fix style errors",
            "insertions": 32,
            "deletions": 30
          },
          {
            "hash": "7899be75aeb10e45d1fe560fd3dbed990222ad98",
            "message": "Fix style errors",
            "insertions": 5,
            "deletions": 5
          },
          {
            "hash": "b8d3b0db987beb8e282c125ef22b1d5c8d769f27",
            "message": "Fix style errors",
            "insertions": 56,
            "deletions": 53
          }
        ]
      },
      {
        "insertions": 80,
        "deletions": 53,
        "date": "2019-03-05",
        "commitResults": [
          {
            "hash": "d4c8daaa1d14a760d9abf1bbcba154540cae2771",
            "message": "Fixed UI PersonlistCard for past job",
            "insertions": 14,
            "deletions": 2
          },
          {
            "hash": "0fc3b6f3aa4861756f9596d9731694fa5e49b9df",
            "message": "Fix bugs",
            "insertions": 40,
            "deletions": 27
          },
          {
            "hash": "7f8b6cd681049eac98ba9509b31c19e49c9c8ce8",
            "message": "Fix style errors",
            "insertions": 24,
            "deletions": 22
          },
          {
            "hash": "bcf764d147070bf27ccbdef935d0fd253e77407c",
            "message": "Fix bugs in PersonUtil",
            "insertions": 2,
            "deletions": 2
          }
        ]
      },
      {
        "insertions": 0,
        "deletions": 0,
        "date": "2019-03-06",
        "commitResults": []
      },
      {
        "insertions": 0,
        "deletions": 0,
        "date": "2019-03-07",
        "commitResults": []
      },
      {
        "insertions": 0,
        "deletions": 0,
        "date": "2019-03-08",
        "commitResults": []
      },
      {
        "insertions": 0,
        "deletions": 0,
        "date": "2019-03-09",
        "commitResults": []
      },
      {
        "insertions": 0,
        "deletions": 0,
        "date": "2019-03-10",
        "commitResults": []
      },
      {
        "insertions": 0,
        "deletions": 0,
        "date": "2019-03-11",
        "commitResults": []
      },
      {
        "insertions": 173,
        "deletions": 87,
        "date": "2019-03-12",
        "commitResults": [
          {
            "hash": "1d998673612a8946727684a796465a0c314b5984",
            "message": "Add several features to the UserGuide",
            "insertions": 168,
            "deletions": 82
          },
          {
            "hash": "f23b73e996db040e549a859bd3adaefbbd3723ad",
            "message": "Fix UserGuide style",
            "insertions": 5,
            "deletions": 5
          }
        ]
      },
      {
        "insertions": 0,
        "deletions": 0,
        "date": "2019-03-13",
        "commitResults": []
      },
      {
        "insertions": 0,
        "deletions": 0,
        "date": "2019-03-14",
        "commitResults": []
      },
      {
        "insertions": 0,
        "deletions": 0,
        "date": "2019-03-15",
        "commitResults": []
      },
      {
        "insertions": 0,
        "deletions": 0,
        "date": "2019-03-16",
        "commitResults": []
      },
      {
        "insertions": 0,
        "deletions": 0,
        "date": "2019-03-17",
        "commitResults": []
      },
      {
        "insertions": 0,
        "deletions": 0,
        "date": "2019-03-18",
        "commitResults": []
      },
      {
        "insertions": 1015,
        "deletions": 96,
        "date": "2019-03-19",
        "commitResults": [
          {
            "hash": "7c4f3ea01cc39c59671c3157c5f9a0dec0bdeed0",
            "message": "Add Search command",
            "insertions": 352,
            "deletions": 1
          },
          {
            "hash": "33fac8637ff93d8c643380da3da509bb074ce6be",
            "message": "Change the code structure",
            "insertions": 32,
            "deletions": 24
          },
          {
            "hash": "2cdb5b5a1f874930fd768ed552788a00565728cf",
            "message": "Fix style",
            "insertions": 1,
            "deletions": 3
          },
          {
            "hash": "bd40cb084550098f089b39d9ada31660377671d6",
            "message": "Update UserGuide for search command",
            "insertions": 3,
            "deletions": 2
          },
          {
            "hash": "ec079a0dea1dbbf1b058aaf28388c90c0da7d2d3",
            "message": "Fix style",
            "insertions": 4,
            "deletions": 4
          },
          {
            "hash": "88c98b25cdda887987a82411b83ab4f007b19b7b",
            "message": "Fix style T_T",
            "insertions": 1,
            "deletions": 1
          },
          {
            "hash": "366b4461e557aba02e3cef982b90137f701eba35",
            "message": "Add predicate class test",
            "insertions": 431,
            "deletions": 2
          },
          {
            "hash": "4ae931d8f5ede1f8d2089c63858bf020b086cfb6",
            "message": "fix style",
            "insertions": 60,
            "deletions": 32
          },
          {
            "hash": "9673e85a2e0b75793b4864e01e30bec64ed5a3db",
            "message": "Fix style",
            "insertions": 5,
            "deletions": 6
          },
          {
            "hash": "4243dba836a4ecc8ee962179fc44abdd0737dff8",
            "message": "Fix style againnnn",
            "insertions": 2,
            "deletions": 2
          },
          {
            "hash": "07f6696bbf9e87b33941c91c71aa83443cfd5a4f",
            "message": "Add simple search command test",
            "insertions": 124,
            "deletions": 0
          },
          {
            "hash": "1fedf74c0d84d5940bc8e3e7174c6dc17fd37643",
            "message": "Fix style (first time failed all tests)",
            "insertions": 0,
            "deletions": 19
          }
        ]
      }
    ],
    "WeeSooJun": [
      {
        "insertions": 0,
        "deletions": 0,
        "date": "2019-02-10",
        "commitResults": []
      },
      {
        "insertions": 0,
        "deletions": 0,
        "date": "2019-02-11",
        "commitResults": []
      },
      {
        "insertions": 0,
        "deletions": 0,
        "date": "2019-02-12",
        "commitResults": []
      },
      {
        "insertions": 0,
        "deletions": 0,
        "date": "2019-02-13",
        "commitResults": []
      },
      {
        "insertions": 0,
        "deletions": 0,
        "date": "2019-02-14",
        "commitResults": []
      },
      {
        "insertions": 0,
        "deletions": 0,
        "date": "2019-02-15",
        "commitResults": []
      },
      {
        "insertions": 0,
        "deletions": 0,
        "date": "2019-02-16",
        "commitResults": []
      },
      {
        "insertions": 0,
        "deletions": 0,
        "date": "2019-02-17",
        "commitResults": []
      },
      {
        "insertions": 4,
        "deletions": 4,
        "date": "2019-02-18",
        "commitResults": [
          {
            "hash": "8c62f122094a6c00348c4f41104afc8afdce76d9",
            "message": "Add profile picture",
            "insertions": 3,
            "deletions": 3
          },
          {
            "hash": "279369d124e175116ee3e66ea0df65ec32987917",
            "message": "Change name",
            "insertions": 1,
            "deletions": 1
          }
        ]
      },
      {
        "insertions": 165,
        "deletions": 8,
        "date": "2019-02-19",
        "commitResults": [
          {
            "hash": "ea7b6ed00e4523d7f41f2a3548070d0f17c35b26",
            "message": "Add COMMAND_ALIAS for find with tests",
            "insertions": 15,
            "deletions": 1
          },
          {
            "hash": "325af0c00d5a8ef29cf859d119fc7cdc99c32c72",
            "message": "Update message usage for find",
            "insertions": 1,
            "deletions": 1
          },
          {
            "hash": "5557770dbb324ec2fe0a105c77614764ca1adbad",
            "message": "Update message usage for find",
            "insertions": 1,
            "deletions": 1
          },
          {
            "hash": "a6d213b89df88416f1fe8c59ab7d07a0db78021f",
            "message": "Add command alias for add and tests",
            "insertions": 23,
            "deletions": 1
          },
          {
            "hash": "aa538a4809ce0aed9ea72e40b250548f4da28725",
            "message": "Add command alias for clear and tests",
            "insertions": 10,
            "deletions": 0
          },
          {
            "hash": "6c1922d342c722983b2dc848e0c1e485c3fe2058",
            "message": "Add command alias for delete and tests",
            "insertions": 14,
            "deletions": 1
          },
          {
            "hash": "0d035c90322b5aee87661d5806cf93043375ff68",
            "message": "Add command alias for edit and tests",
            "insertions": 17,
            "deletions": 0
          },
          {
            "hash": "f9a621a0fffc9e809f0fa0191a86b799dcbdf34e",
            "message": "Add command alias for exit and tests",
            "insertions": 10,
            "deletions": 0
          },
          {
            "hash": "49a9f9b9715b7b7824b3d0d1ecb20cb27c2373cd",
            "message": "Add command alias for help and tests",
            "insertions": 10,
            "deletions": 0
          },
          {
            "hash": "30cd88a2bd02a8da9519acfd8354cba070086a8d",
            "message": "Add command alias for history and tests",
            "insertions": 17,
            "deletions": 0
          },
          {
            "hash": "870f7e9a1060e489b6979bd791b0dd51408ca354",
            "message": "Add command alias for list and tests",
            "insertions": 10,
            "deletions": 0
          },
          {
            "hash": "509acea13ed684c90181ca5d34ecc102e4cb0929",
            "message": "Add command alias for redo and update tests",
            "insertions": 11,
            "deletions": 1
          },
          {
            "hash": "a069074c33316728866aeff88b4d3b5b0154d1c3",
            "message": "Add command alias for select and tests",
            "insertions": 14,
            "deletions": 1
          },
          {
            "hash": "982f85f5226db1fa11ade886a353ad98b549be76",
            "message": "Add command alias for undo and tests",
            "insertions": 11,
            "deletions": 0
          },
          {
            "hash": "5d4d2ebdc043cce7a2642e99ffe3b99ea263e6af",
            "message": "Remove whitespace",
            "insertions": 1,
            "deletions": 1
          }
        ]
      },
      {
        "insertions": 0,
        "deletions": 0,
        "date": "2019-02-20",
        "commitResults": []
      },
      {
        "insertions": 0,
        "deletions": 0,
        "date": "2019-02-21",
        "commitResults": []
      },
      {
        "insertions": 0,
        "deletions": 0,
        "date": "2019-02-22",
        "commitResults": []
      },
      {
        "insertions": 0,
        "deletions": 0,
        "date": "2019-02-23",
        "commitResults": []
      },
      {
        "insertions": 0,
        "deletions": 0,
        "date": "2019-02-24",
        "commitResults": []
      },
      {
        "insertions": 0,
        "deletions": 0,
        "date": "2019-02-25",
        "commitResults": []
      },
      {
        "insertions": 0,
        "deletions": 0,
        "date": "2019-02-26",
        "commitResults": []
      },
      {
        "insertions": 0,
        "deletions": 0,
        "date": "2019-02-27",
        "commitResults": []
      },
      {
        "insertions": 0,
        "deletions": 0,
        "date": "2019-02-28",
        "commitResults": []
      },
      {
        "insertions": 0,
        "deletions": 0,
        "date": "2019-03-01",
        "commitResults": []
      },
      {
        "insertions": 0,
        "deletions": 0,
        "date": "2019-03-02",
        "commitResults": []
      },
      {
        "insertions": 494,
        "deletions": 191,
        "date": "2019-03-03",
        "commitResults": [
          {
            "hash": "a8e784509966d10e716d4c2de299ccbe1e26eb29",
            "message": "Add School and SchoolTest",
            "insertions": 78,
            "deletions": 0
          },
          {
            "hash": "32ac2d7d62fadf39df5b2df1cd098058b45e9797",
            "message": "Update Person to include School",
            "insertions": 9,
            "deletions": 2
          },
          {
            "hash": "fc9ec3b23575eda88113ac6dc69e8f496fda2523",
            "message": "Update PersonCard UI to include School",
            "insertions": 4,
            "deletions": 0
          },
          {
            "hash": "920d8ad0ea302ad6eebaeb00f29b472aa85300ef",
            "message": "Update PersonCardHandle for School",
            "insertions": 6,
            "deletions": 0
          },
          {
            "hash": "3a15db28343062c525581d28a9a653f904451e68",
            "message": "Update parsers to include school",
            "insertions": 30,
            "deletions": 7
          },
          {
            "hash": "c259c38eaf55fcf71dcc4bc932c4d12f897cbc11",
            "message": "Update Person",
            "insertions": 1,
            "deletions": 1
          },
          {
            "hash": "74057ba6bd1fbef85408cb23c647c816e133d52e",
            "message": "Update EditCommand to include School",
            "insertions": 11,
            "deletions": 2
          },
          {
            "hash": "131263a2abce4a4360ddfe7099bdd8a11234725e",
            "message": "Include schools in SampleDataUtil",
            "insertions": 7,
            "deletions": 6
          },
          {
            "hash": "d2d59b042013267128d6a764563d2465759f9ed0",
            "message": "Update JsonAdapatedPerson to include School",
            "insertions": 14,
            "deletions": 1
          },
          {
            "hash": "a6f2bdaf92003fb8ac92b5a61f35c8a877f6bb2f",
            "message": "Update sample persons in json files",
            "insertions": 18,
            "deletions": 5
          },
          {
            "hash": "97c81970207d794eb1643a5a3eca9edf738115c3",
            "message": "Update testutils to include schools",
            "insertions": 45,
            "deletions": 29
          },
          {
            "hash": "40eb6a9092bc4e529564d10bf8eb522f44012ec5",
            "message": "Update logic tests to include school",
            "insertions": 44,
            "deletions": 39
          },
          {
            "hash": "10960f79ce06bfb71e050d112bd1cee2ab554772",
            "message": "Update storage to include school",
            "insertions": 25,
            "deletions": 9
          },
          {
            "hash": "1d5983091ae3009054dafb441a30a87cd9f78888",
            "message": "Update UI to include school",
            "insertions": 5,
            "deletions": 1
          },
          {
            "hash": "41219ad5b3f6baf2e08f0506310db3f2e7e67132",
            "message": "Update systemtests to include school",
            "insertions": 46,
            "deletions": 59
          },
          {
            "hash": "4b0747cc5381c5f102747c883c4fd19bdffd5aed",
            "message": "Fix style errors",
            "insertions": 15,
            "deletions": 5
          },
          {
            "hash": "decbba4a4278e44af141df13c04c79ded253ffbe",
            "message": "Fix style issues",
            "insertions": 9,
            "deletions": 1
          },
          {
            "hash": "488af945ce302f6bb2da6c15ef7112af958a1b1f",
            "message": "Fix styles",
            "insertions": 17,
            "deletions": 5
          },
          {
            "hash": "bd1e5690f0a05cbb33c61d2208cdcd28c141a4b9",
            "message": "Fix style",
            "insertions": 1,
            "deletions": 1
          },
          {
            "hash": "e5bd1515b35d9fe1e29f9223979acfafeb7c4116",
            "message": "Update checkstyle and fix style",
            "insertions": 10,
            "deletions": 3
          },
          {
            "hash": "ce8c2b8f98dca9b49f89a291e055027022d694bb",
            "message": "Update checkstyle.xml",
            "insertions": 2,
            "deletions": 4
          },
          {
            "hash": "06685ef99fe930171eb9adfde2d2de769e086d41",
            "message": "Fix checkstyle.xml",
            "insertions": 1,
            "deletions": 1
          },
          {
            "hash": "6df7b9af8862186c31d7755b39f0f5c75338e013",
            "message": "Update checkstyle.xml and manually import",
            "insertions": 52,
            "deletions": 7
          },
          {
            "hash": "05048374e41985b7178af65ff931ee8a44bcd384",
            "message": "Fix style",
            "insertions": 44,
            "deletions": 3
          }
        ]
      },
      {
        "insertions": 3,
        "deletions": 3,
        "date": "2019-03-04",
        "commitResults": [
          {
            "hash": "371703dda89e4256113a1f8f5005ac57774467d8",
            "message": "Update SchoolTest comments",
            "insertions": 3,
            "deletions": 3
          }
        ]
      },
      {
        "insertions": 128,
        "deletions": 45,
        "date": "2019-03-05",
        "commitResults": [
          {
            "hash": "d711bd09e96e248a4be1b7987052862431f99bde",
            "message": "Update MESSAGE_USAGE for edit and add commands",
            "insertions": 15,
            "deletions": 4
          },
          {
            "hash": "063810957b47d1b29cd210c02c8236c4ff62fa58",
            "message": "Update UserGuide.adoc",
            "insertions": 20,
            "deletions": 15
          },
          {
            "hash": "051fc2c890ac740e9a1dab7fe10fcff7079f5979",
            "message": "Update UserGuide.adoc",
            "insertions": 1,
            "deletions": 0
          },
          {
            "hash": "24bc4347e88c65e2cf60363079fc28eb81a6a5c4",
            "message": "Update UserGuide.adoc",
            "insertions": 1,
            "deletions": 1
          },
          {
            "hash": "05c9044b74895618e7e66f07c51959e00a130fba",
            "message": "Update AboutUs.adoc",
            "insertions": 1,
            "deletions": 2
          },
          {
            "hash": "d5dc17cb951c58df83e93be1f2a5b6b5c821e242",
            "message": "Update UserGuide.adoc",
            "insertions": 28,
            "deletions": 0
          },
          {
            "hash": "3d8a7bda067de8fd596a573a668d8476a2db130d",
            "message": "Update UserGuide.adoc",
            "insertions": 24,
            "deletions": 17
          },
          {
            "hash": "e141de89e3ecc32e5f0d6bb9e13d7fc15e647fff",
            "message": "Update README.adoc",
            "insertions": 1,
            "deletions": 1
          },
          {
            "hash": "6870144f47e69cb940cbe65541ed56fc25b61169",
            "message": "Update DeveloperGuide.adoc",
            "insertions": 37,
            "deletions": 5
          }
        ]
      },
      {
        "insertions": 0,
        "deletions": 0,
        "date": "2019-03-06",
        "commitResults": []
      },
      {
        "insertions": 0,
        "deletions": 0,
        "date": "2019-03-07",
        "commitResults": []
      },
      {
        "insertions": 0,
        "deletions": 0,
        "date": "2019-03-08",
        "commitResults": []
      },
      {
        "insertions": 0,
        "deletions": 0,
        "date": "2019-03-09",
        "commitResults": []
      },
      {
        "insertions": 0,
        "deletions": 0,
        "date": "2019-03-10",
        "commitResults": []
      },
      {
        "insertions": 0,
        "deletions": 0,
        "date": "2019-03-11",
        "commitResults": []
      },
      {
        "insertions": 20,
        "deletions": 5,
        "date": "2019-03-12",
        "commitResults": [
          {
            "hash": "5275671e2b4cfb28ddde0f004e92144deb637fa4",
            "message": "Add ImportResumesCommand",
            "insertions": 15,
            "deletions": 0
          },
          {
            "hash": "58f835b489e30d2d82477c93defe0938f9852484",
            "message": "Change readAll to ImportResumes",
            "insertions": 1,
            "deletions": 1
          },
          {
            "hash": "cb20bea2b1c31bc10159fc4c2b10324b3bbc76c7",
            "message": "Merge",
            "insertions": 3,
            "deletions": 3
          },
          {
            "hash": "bc5ed39ad2afdae451bc68638f4f41221ff50157",
            "message": "Change readAll to importResumes",
            "insertions": 1,
            "deletions": 1
          }
        ]
      },
      {
        "insertions": 3,
        "deletions": 0,
        "date": "2019-03-13",
        "commitResults": [
          {
            "hash": "9f4b4b4f1f9595adeb9bdc7a1261ad8aa20a133d",
            "message": "Update ImportResumesCommand",
            "insertions": 3,
            "deletions": 0
          }
        ]
      },
      {
        "insertions": 0,
        "deletions": 0,
        "date": "2019-03-14",
        "commitResults": []
      },
      {
        "insertions": 0,
        "deletions": 0,
        "date": "2019-03-15",
        "commitResults": []
      },
      {
        "insertions": 0,
        "deletions": 0,
        "date": "2019-03-16",
        "commitResults": []
      },
      {
        "insertions": 0,
        "deletions": 0,
        "date": "2019-03-17",
        "commitResults": []
      },
      {
        "insertions": 0,
        "deletions": 0,
        "date": "2019-03-18",
        "commitResults": []
      },
      {
        "insertions": 96,
        "deletions": 8,
        "date": "2019-03-19",
        "commitResults": [
          {
            "hash": "25053c6cb35869c1d6931de6b0f6d5edd60b6326",
            "message": "Add Interviews and GenerateInterviewsCommand",
            "insertions": 58,
            "deletions": 0
          },
          {
            "hash": "36ddd15f9d757ad540227baadc22a213ad76d335",
            "message": "Update Styling issues",
            "insertions": 14,
            "deletions": 5
          },
          {
            "hash": "a5d16403842173514d053cbf4baa30d7924962d4",
            "message": "Update Model to include the generation of interviews",
            "insertions": 12,
            "deletions": 0
          },
          {
            "hash": "b649b04f06d70007ffd9d37af20a2e1ea2c7b074",
            "message": "Update Unit Test to reflect the change in Model Interface",
            "insertions": 6,
            "deletions": 0
          },
          {
            "hash": "85d63686e45b5b6a51d41a7c7304da01fce84d97",
            "message": "Update imports of AddressBookParser",
            "insertions": 4,
            "deletions": 0
          },
          {
            "hash": "d6677a4d832331ba952731aef2a3a51fe2837c2d",
            "message": "Remove redundant imports",
            "insertions": 0,
            "deletions": 1
          },
          {
            "hash": "6883a5c4adfae4f8b444b9829bb767c8fffa5e05",
            "message": "Update UserGuide.adoc for generateInterviews",
            "insertions": 2,
            "deletions": 2
          }
        ]
      }
    ]
  },
  "authorFinalContributionMap": {
    "chiuyuhua": 2746,
    "COGnitiveAspian": 0,
    "DanielDSSim": 0,
    "CaesarTY": 1512,
    "WeeSooJun": 611
  },
  "authorContributionVariance": {
    "chiuyuhua": 156951.86,
    "COGnitiveAspian": 0.0,
    "DanielDSSim": 0.0,
    "CaesarTY": 41342.777,
    "WeeSooJun": 13267.816
  },
  "authorDisplayNameMap": {
    "chiuyuhua": "CHI...HUA",
    "COGnitiveAspian": "ONG...UYI",
    "DanielDSSim": "DAN...SIM",
    "CaesarTY": "TEN...YUN",
    "WeeSooJun": "WEE...JUN"
  }
}
