{
  "authorDailyContributionsMap": {
    "chiuyuhua": [
      {
        "insertions": 0,
        "deletions": 0,
        "date": "2019-02-10",
        "commitResults": []
      },
      {
        "insertions": 0,
        "deletions": 0,
        "date": "2019-02-11",
        "commitResults": []
      },
      {
        "insertions": 0,
        "deletions": 0,
        "date": "2019-02-12",
        "commitResults": []
      },
      {
        "insertions": 0,
        "deletions": 0,
        "date": "2019-02-13",
        "commitResults": []
      },
      {
        "insertions": 0,
        "deletions": 0,
        "date": "2019-02-14",
        "commitResults": []
      },
      {
        "insertions": 0,
        "deletions": 0,
        "date": "2019-02-15",
        "commitResults": []
      },
      {
        "insertions": 0,
        "deletions": 0,
        "date": "2019-02-16",
        "commitResults": []
      },
      {
        "insertions": 0,
        "deletions": 0,
        "date": "2019-02-17",
        "commitResults": []
      },
      {
        "insertions": 3,
        "deletions": 275,
        "date": "2019-02-18",
        "commitResults": [
          {
            "hash": "f3536f4a627b0f6c51e6558efa3b14315e1c3dd3",
            "message": "no message",
            "insertions": 3,
            "deletions": 3
          },
          {
            "hash": "e58c6b666196c9fdd7009ecbf46e7453bc15d54c",
            "message": "no message",
            "insertions": 0,
            "deletions": 272
          }
        ]
      },
      {
        "insertions": 0,
        "deletions": 0,
        "date": "2019-02-19",
        "commitResults": []
      },
      {
        "insertions": 2,
        "deletions": 2,
        "date": "2019-02-20",
        "commitResults": [
          {
            "hash": "594e5a8a7c469938c5f9eb5b079ed984745cfd19",
            "message": "no message",
            "insertions": 1,
            "deletions": 1
          },
          {
            "hash": "dcf91b56dbf8e979a3ce984c8f3c5c27dc8b244f",
            "message": "no message",
            "insertions": 1,
            "deletions": 1
          }
        ]
      },
      {
        "insertions": 0,
        "deletions": 0,
        "date": "2019-02-21",
        "commitResults": []
      },
      {
        "insertions": 0,
        "deletions": 0,
        "date": "2019-02-22",
        "commitResults": []
      },
      {
        "insertions": 0,
        "deletions": 0,
        "date": "2019-02-23",
        "commitResults": []
      },
      {
        "insertions": 0,
        "deletions": 0,
        "date": "2019-02-24",
        "commitResults": []
      },
      {
        "insertions": 0,
        "deletions": 0,
        "date": "2019-02-25",
        "commitResults": []
      },
      {
        "insertions": 0,
        "deletions": 0,
        "date": "2019-02-26",
        "commitResults": []
      },
      {
        "insertions": 91,
        "deletions": 0,
        "date": "2019-02-27",
        "commitResults": [
          {
            "hash": "268e11b2f1b5aaab1fbeb97cae0107116be461a7",
            "message": "Add removeEveryoneWithThisTag function",
            "insertions": 91,
            "deletions": 0
          }
        ]
      },
      {
        "insertions": 0,
        "deletions": 0,
        "date": "2019-02-28",
        "commitResults": []
      },
      {
        "insertions": 83,
        "deletions": 76,
        "date": "2019-03-01",
        "commitResults": [
          {
            "hash": "6b7f42b0a510c188781ca3173efc42f8515e4d5a",
            "message": "no message",
            "insertions": 16,
            "deletions": 16
          },
          {
            "hash": "be2f665ae3c4b9233403f2dd39bd897b8ef64199",
            "message": "no message",
            "insertions": 5,
            "deletions": 0
          },
          {
            "hash": "97c97f794e7d7bff82f63ad0c78c3b2a639c225a",
            "message": "Updated removeEveryoneWithThisTag Function",
            "insertions": 22,
            "deletions": 22
          },
          {
            "hash": "86203ac5f590ff4f173396224d907ba16186e46f",
            "message": "Debug removeEveryoneWithThisTag function",
            "insertions": 1,
            "deletions": 1
          },
          {
            "hash": "19ec17c01ea7509c6118defa5ef787292e9700f0",
            "message": "Debug again removeEveryoneWithThisTag function LOL",
            "insertions": 1,
            "deletions": 1
          },
          {
            "hash": "9243fab6441938724d3f38d06fd08c508dc07ccc",
            "message": "debug AGAIN",
            "insertions": 24,
            "deletions": 23
          },
          {
            "hash": "2db9b60ebe119049da47390cd89412d4e42f5d1c",
            "message": "Again",
            "insertions": 10,
            "deletions": 8
          },
          {
            "hash": "117ea15beb0c9ac8fe796840afd83823a5b7a62d",
            "message": "x2",
            "insertions": 2,
            "deletions": 3
          },
          {
            "hash": "d30f6191c84ceff44dc8175c6177f6f025e0baae",
            "message": "....",
            "insertions": 2,
            "deletions": 2
          }
        ]
      },
      {
        "insertions": 0,
        "deletions": 0,
        "date": "2019-03-02",
        "commitResults": []
      },
      {
        "insertions": 0,
        "deletions": 0,
        "date": "2019-03-03",
        "commitResults": []
      },
      {
        "insertions": 0,
        "deletions": 0,
        "date": "2019-03-04",
        "commitResults": []
      },
      {
        "insertions": 533,
        "deletions": 220,
        "date": "2019-03-05",
        "commitResults": [
          {
            "hash": "c4e5d77d84a59d6c8f39727d332ddaed5d6c7b01",
            "message": "Add Field \"Race\"",
            "insertions": 436,
            "deletions": 130
          },
          {
            "hash": "781426479174f85a08fb50738a86bf6a7226d928",
            "message": "Add new line in \"Race\" class",
            "insertions": 1,
            "deletions": 1
          },
          {
            "hash": "a5307af238741174cabb3efa85feec7fdaa3d155",
            "message": "Edit Style for \"Race\"",
            "insertions": 13,
            "deletions": 7
          },
          {
            "hash": "08aa761e6542183e576f9e3003cb8d5352b7b80f",
            "message": "v1.2 Edit Style For \"Race\"",
            "insertions": 1,
            "deletions": 2
          },
          {
            "hash": "c54d258d4c3934297acb21044ac9d7f025e808a4",
            "message": "v.1.3 Edit Syntax For \"Race\"",
            "insertions": 1,
            "deletions": 1
          },
          {
            "hash": "b4a200efc30fa8aa934e61a43d8bca4ebf3caa07",
            "message": "v1.4 Edit Field \"Race\"",
            "insertions": 1,
            "deletions": 1
          },
          {
            "hash": "26cf4434f9a99a36a655061ec06c206cc37b5c7a",
            "message": "v1.5 Edit Field and Style \"Race\"",
            "insertions": 15,
            "deletions": 13
          },
          {
            "hash": "f0dfc97f5e191f041caec87a3c0a4af64aadf2ad",
            "message": "v1.6 Edit \"Race\"",
            "insertions": 49,
            "deletions": 49
          },
          {
            "hash": "082d2aa522e45820b53aed683d3b9b2f0be0104a",
            "message": "v1.7 Edit \"Race\"",
            "insertions": 10,
            "deletions": 9
          },
          {
            "hash": "bb959bd02afc327cfcc4af6de3ceafaef586a2bb",
            "message": "v1.8 Edit \"Race\"",
            "insertions": 3,
            "deletions": 4
          },
          {
            "hash": "ae2da1b476e1ff7b603f61c4fcc5cee6c493e70b",
            "message": "v1.9 Edit \"Race\"",
            "insertions": 3,
            "deletions": 3
          }
        ]
      },
      {
        "insertions": 2,
        "deletions": 2,
        "date": "2019-03-06",
        "commitResults": [
          {
            "hash": "0e12e14d463be7b33c7db9f8101e59a5976b662c",
            "message": "Edit image name and About Us",
            "insertions": 2,
            "deletions": 2
          }
        ]
      },
      {
        "insertions": 0,
        "deletions": 0,
        "date": "2019-03-07",
        "commitResults": []
      },
      {
        "insertions": 0,
        "deletions": 0,
        "date": "2019-03-08",
        "commitResults": []
      },
      {
        "insertions": 0,
        "deletions": 0,
        "date": "2019-03-09",
        "commitResults": []
      },
      {
        "insertions": 0,
        "deletions": 0,
        "date": "2019-03-10",
        "commitResults": []
      },
      {
        "insertions": 0,
        "deletions": 0,
        "date": "2019-03-11",
        "commitResults": []
      },
      {
        "insertions": 0,
        "deletions": 0,
        "date": "2019-03-12",
        "commitResults": []
      },
      {
        "insertions": 0,
        "deletions": 0,
        "date": "2019-03-13",
        "commitResults": []
      },
      {
        "insertions": 0,
        "deletions": 0,
        "date": "2019-03-14",
        "commitResults": []
      },
      {
        "insertions": 0,
        "deletions": 0,
        "date": "2019-03-15",
        "commitResults": []
      },
      {
        "insertions": 2041,
        "deletions": 305,
        "date": "2019-03-16",
        "commitResults": [
          {
            "hash": "f6adc948d2aae9b19cd9b69309a79ac8f96adae6",
            "message": "#81 V1.0 Add Person Fields: NRIC, Grade, Gender, InterviewScores, Jobs Application",
            "insertions": 2001,
            "deletions": 262
          },
          {
            "hash": "c928bfe6ab98592c847edb914bfb725347915365",
            "message": "#81 V1.1 Edit for Style",
            "insertions": 10,
            "deletions": 10
          },
          {
            "hash": "daa3b48bb37f636a8c50cd09ca7c7f91103984e5",
            "message": "#81 V1.2 Edit for style",
            "insertions": 1,
            "deletions": 1
          },
          {
            "hash": "52b485601d97c18c9efa660b83fe0a1d4fbd62a1",
            "message": "#81 V1.3 Edit for style",
            "insertions": 28,
            "deletions": 31
          },
          {
            "hash": "4ee1cd955fced9c3db86f2c5cd15ada6ee61b015",
            "message": "#81 V1.4 Edit for style",
            "insertions": 1,
            "deletions": 1
          }
        ]
      },
      {
        "insertions": 0,
        "deletions": 0,
        "date": "2019-03-17",
        "commitResults": []
      },
      {
        "insertions": 0,
        "deletions": 0,
        "date": "2019-03-18",
        "commitResults": []
      },
      {
        "insertions": 386,
        "deletions": 91,
        "date": "2019-03-19",
        "commitResults": [
          {
            "hash": "dce3ea3c25abc3f0194cee9088b3fac396c31fcd",
            "message": "#81 V2.0 NRIC must be unique against NRIC database",
            "insertions": 352,
            "deletions": 54
          },
          {
            "hash": "ebdbd4ca6fb4c7312a9eee16a48cc74188f9c369",
            "message": "#81 V2.1 Edit for style",
            "insertions": 8,
            "deletions": 6
          },
          {
            "hash": "3cb97197264b0989287dd3a65b0ca0752bfabe01",
            "message": "#81 V2.2 Edit for style",
            "insertions": 2,
            "deletions": 11
          },
          {
            "hash": "c009769e0e3466d8f85bcd85f45b9415a6b5cadd",
            "message": "#81 Make InterviewScore Optional",
            "insertions": 24,
            "deletions": 20
          }
        ]
      },
      {
        "insertions": 0,
        "deletions": 0,
        "date": "2019-03-20",
        "commitResults": []
      },
      {
        "insertions": 289,
        "deletions": 30,
        "date": "2019-03-21",
        "commitResults": [
          {
            "hash": "98c49d2a937ad86e32f21c3c24393cb27a4b9dc7",
            "message": "#86 V1.0 Create Analytics Class",
            "insertions": 251,
            "deletions": 1
          },
          {
            "hash": "781a5c5a5a598167b9f4a7be67feb2611af75a75",
            "message": "#86 V1.1 Edit for style",
            "insertions": 38,
            "deletions": 29
          }
        ]
      },
      {
        "insertions": 60,
        "deletions": 6,
        "date": "2019-03-22",
        "commitResults": [
          {
            "hash": "eea6ef675e7d00b91f1d58280f8faa7b3d09b7f3",
            "message": "#97 Create analytics command, show analytics results on resuts panel",
            "insertions": 47,
            "deletions": 1
          },
          {
            "hash": "0c507b43a0179e2effbd192d7c02ea4e64271d0a",
            "message": "#97 V2.1 Edit for style",
            "insertions": 4,
            "deletions": 3
          },
          {
            "hash": "f481f44233a10dac6a9e4f950999c3ab84c0ed78",
            "message": "#97 V2.2 Edit for style",
            "insertions": 4,
            "deletions": 2
          },
          {
            "hash": "a262a33a6d5d29238d4088c59876e38807440ea3",
            "message": "#97 V2.2 Fix error",
            "insertions": 5,
            "deletions": 0
          }
        ]
      },
      {
        "insertions": 0,
        "deletions": 0,
        "date": "2019-03-23",
        "commitResults": []
      },
      {
        "insertions": 0,
        "deletions": 0,
        "date": "2019-03-24",
        "commitResults": []
      },
      {
        "insertions": 0,
        "deletions": 0,
        "date": "2019-03-25",
        "commitResults": []
      },
      {
        "insertions": 165,
        "deletions": 22,
        "date": "2019-03-26",
        "commitResults": [
          {
            "hash": "56852b8f03f3a85798e6c7dfe810d61a986cdc64",
            "message": "#98 V3.0 Analytics shows on a new window!! xD",
            "insertions": 126,
            "deletions": 1
          },
          {
            "hash": "6d3ad8537d968184e81ba9f7fb4ef9166a584dcb",
            "message": "#86 V3.1 Fix analytics class bug",
            "insertions": 5,
            "deletions": 5
          },
          {
            "hash": "773715f3a8358418bcf066e362cb8809cac9fc87",
            "message": "V3.2 Fix test bug",
            "insertions": 5,
            "deletions": 0
          },
          {
            "hash": "36800152cdec5d2dd134e5901867d34919a56408",
            "message": "Fix documentation",
            "insertions": 8,
            "deletions": 8
          },
          {
            "hash": "b478bce50a901261ead8c4644c858d0218d606fc",
            "message": "#106 Update User Guide and Developer Guide for Analytics Class",
            "insertions": 21,
            "deletions": 8
          }
        ]
      },
      {
        "insertions": 0,
        "deletions": 0,
        "date": "2019-03-27",
        "commitResults": []
      },
      {
        "insertions": 0,
        "deletions": 0,
        "date": "2019-03-28",
        "commitResults": []
      },
      {
        "insertions": 0,
        "deletions": 0,
        "date": "2019-03-29",
        "commitResults": []
      },
      {
        "insertions": 0,
        "deletions": 0,
        "date": "2019-03-30",
        "commitResults": []
      },
      {
        "insertions": 217,
        "deletions": 78,
        "date": "2019-03-31",
        "commitResults": [
          {
            "hash": "b5a8e9edf484e7cd1e57f5cbf038eaad7454e970",
            "message": "#107 Convert analytics results from text to charts",
            "insertions": 213,
            "deletions": 76
          },
          {
            "hash": "bc18666a20add0c92b4656a580a93dd008167027",
            "message": "Change grade results to 2 decimal places",
            "insertions": 4,
            "deletions": 2
          }
        ]
      },
      {
        "insertions": 0,
        "deletions": 0,
        "date": "2019-04-01",
        "commitResults": []
      },
      {
        "insertions": 8,
        "deletions": 1,
        "date": "2019-04-02",
        "commitResults": [
          {
            "hash": "1ca2b90230dc7586e8fa73895c766510bea1fc6b",
            "message": "Make display job display the person list in the job",
            "insertions": 8,
            "deletions": 1
          }
        ]
      },
      {
        "insertions": 0,
        "deletions": 0,
        "date": "2019-04-03",
        "commitResults": []
      },
      {
        "insertions": 186,
        "deletions": 219,
        "date": "2019-04-04",
        "commitResults": [
          {
            "hash": "a59b0ca93c33274636627543c1e8fbb677387766",
            "message": "Fix analytics UI",
            "insertions": 51,
            "deletions": 22
          },
          {
            "hash": "b504093baa9c4493045bf1ed584119566f5bd7ca",
            "message": "Edit for style",
            "insertions": 0,
            "deletions": 1
          },
          {
            "hash": "04e34e9c824c280c3d708d769cc43170e0cce123",
            "message": "Revert \"Fix analytics UI\"",
            "insertions": 23,
            "deletions": 51
          },
          {
            "hash": "f7dcef23932f3f72da5995a6e2cdaf2dadd82111",
            "message": "Fix error",
            "insertions": 57,
            "deletions": 87
          },
          {
            "hash": "6ce281ccf84fc9557aca59bcfcdc3721f6934fcf",
            "message": "Fix analytics UI",
            "insertions": 55,
            "deletions": 58
          }
        ]
      },
      {
        "insertions": 0,
        "deletions": 0,
        "date": "2019-04-05",
        "commitResults": []
      },
      {
        "insertions": 0,
        "deletions": 0,
        "date": "2019-04-06",
        "commitResults": []
      },
      {
        "insertions": 0,
        "deletions": 0,
        "date": "2019-04-07",
        "commitResults": []
      },
      {
        "insertions": 568,
        "deletions": 66,
        "date": "2019-04-08",
        "commitResults": [
          {
            "hash": "dcb8520abf028ed72dbf23e8f24ec2d8300ff99b",
            "message": "To test UI only - not done yet ignore the weird color combinations haha",
            "insertions": 568,
            "deletions": 66
          }
        ]
      },
      {
        "insertions": 0,
        "deletions": 0,
        "date": "2019-04-09",
        "commitResults": []
      },
      {
        "insertions": 772,
        "deletions": 210,
        "date": "2019-04-10",
        "commitResults": [
          {
            "hash": "ab053c8001f30b7fce5340b64070fc4009c88e94",
            "message": "#105 #197 #198 #199 UI for Job, display all, filter. Updated Analytics for 4 list",
            "insertions": 737,
            "deletions": 192
          },
          {
            "hash": "72f1192697aac5ac6e9c224c7bace85210504ab7",
            "message": "Update UG and DG",
            "insertions": 16,
            "deletions": 10
          },
          {
            "hash": "d828c9cea95a5f60c834c8e186fcad3fd67aeee6",
            "message": "Fix Filter UI bug",
            "insertions": 19,
            "deletions": 8
          }
        ]
      },
      {
        "insertions": 0,
        "deletions": 0,
        "date": "2019-04-11",
        "commitResults": []
      }
    ],
    "COGnitiveAspian": [
      {
        "insertions": 0,
        "deletions": 0,
        "date": "2019-02-10",
        "commitResults": []
      },
      {
        "insertions": 0,
        "deletions": 0,
        "date": "2019-02-11",
        "commitResults": []
      },
      {
        "insertions": 0,
        "deletions": 0,
        "date": "2019-02-12",
        "commitResults": []
      },
      {
        "insertions": 0,
        "deletions": 0,
        "date": "2019-02-13",
        "commitResults": []
      },
      {
        "insertions": 0,
        "deletions": 0,
        "date": "2019-02-14",
        "commitResults": []
      },
      {
        "insertions": 0,
        "deletions": 0,
        "date": "2019-02-15",
        "commitResults": []
      },
      {
        "insertions": 0,
        "deletions": 0,
        "date": "2019-02-16",
        "commitResults": []
      },
      {
        "insertions": 0,
        "deletions": 0,
        "date": "2019-02-17",
        "commitResults": []
      },
      {
        "insertions": 0,
        "deletions": 0,
        "date": "2019-02-18",
        "commitResults": []
      },
      {
        "insertions": 0,
        "deletions": 0,
        "date": "2019-02-19",
        "commitResults": []
      },
      {
        "insertions": 0,
        "deletions": 0,
        "date": "2019-02-20",
        "commitResults": []
      },
      {
        "insertions": 0,
        "deletions": 0,
        "date": "2019-02-21",
        "commitResults": []
      },
      {
        "insertions": 0,
        "deletions": 0,
        "date": "2019-02-22",
        "commitResults": []
      },
      {
        "insertions": 0,
        "deletions": 0,
        "date": "2019-02-23",
        "commitResults": []
      },
      {
        "insertions": 0,
        "deletions": 0,
        "date": "2019-02-24",
        "commitResults": []
      },
      {
        "insertions": 0,
        "deletions": 0,
        "date": "2019-02-25",
        "commitResults": []
      },
      {
        "insertions": 0,
        "deletions": 0,
        "date": "2019-02-26",
        "commitResults": []
      },
      {
        "insertions": 0,
        "deletions": 0,
        "date": "2019-02-27",
        "commitResults": []
      },
      {
        "insertions": 0,
        "deletions": 0,
        "date": "2019-02-28",
        "commitResults": []
      },
      {
        "insertions": 0,
        "deletions": 0,
        "date": "2019-03-01",
        "commitResults": []
      },
      {
        "insertions": 0,
        "deletions": 0,
        "date": "2019-03-02",
        "commitResults": []
      },
      {
        "insertions": 0,
        "deletions": 0,
        "date": "2019-03-03",
        "commitResults": []
      },
      {
        "insertions": 0,
        "deletions": 0,
        "date": "2019-03-04",
        "commitResults": []
      },
      {
        "insertions": 0,
        "deletions": 0,
        "date": "2019-03-05",
        "commitResults": []
      },
      {
        "insertions": 0,
        "deletions": 0,
        "date": "2019-03-06",
        "commitResults": []
      },
      {
        "insertions": 0,
        "deletions": 0,
        "date": "2019-03-07",
        "commitResults": []
      },
      {
        "insertions": 0,
        "deletions": 0,
        "date": "2019-03-08",
        "commitResults": []
      },
      {
        "insertions": 0,
        "deletions": 0,
        "date": "2019-03-09",
        "commitResults": []
      },
      {
        "insertions": 0,
        "deletions": 0,
        "date": "2019-03-10",
        "commitResults": []
      },
      {
        "insertions": 0,
        "deletions": 0,
        "date": "2019-03-11",
        "commitResults": []
      },
      {
        "insertions": 0,
        "deletions": 0,
        "date": "2019-03-12",
        "commitResults": []
      },
      {
        "insertions": 0,
        "deletions": 0,
        "date": "2019-03-13",
        "commitResults": []
      },
      {
        "insertions": 0,
        "deletions": 0,
        "date": "2019-03-14",
        "commitResults": []
      },
      {
        "insertions": 0,
        "deletions": 0,
        "date": "2019-03-15",
        "commitResults": []
      },
      {
        "insertions": 0,
        "deletions": 0,
        "date": "2019-03-16",
        "commitResults": []
      },
      {
        "insertions": 0,
        "deletions": 0,
        "date": "2019-03-17",
        "commitResults": []
      },
      {
        "insertions": 0,
        "deletions": 0,
        "date": "2019-03-18",
        "commitResults": []
      },
      {
        "insertions": 0,
        "deletions": 0,
        "date": "2019-03-19",
        "commitResults": []
      },
      {
        "insertions": 0,
        "deletions": 0,
        "date": "2019-03-20",
        "commitResults": []
      },
      {
        "insertions": 0,
        "deletions": 0,
        "date": "2019-03-21",
        "commitResults": []
      },
      {
        "insertions": 0,
        "deletions": 0,
        "date": "2019-03-22",
        "commitResults": []
      },
      {
        "insertions": 0,
        "deletions": 0,
        "date": "2019-03-23",
        "commitResults": []
      },
      {
        "insertions": 0,
        "deletions": 0,
        "date": "2019-03-24",
        "commitResults": []
      },
      {
        "insertions": 0,
        "deletions": 0,
        "date": "2019-03-25",
        "commitResults": []
      },
      {
        "insertions": 0,
        "deletions": 0,
        "date": "2019-03-26",
        "commitResults": []
      },
      {
        "insertions": 0,
        "deletions": 0,
        "date": "2019-03-27",
        "commitResults": []
      },
      {
        "insertions": 0,
        "deletions": 0,
        "date": "2019-03-28",
        "commitResults": []
      },
      {
        "insertions": 0,
        "deletions": 0,
        "date": "2019-03-29",
        "commitResults": []
      },
      {
        "insertions": 0,
        "deletions": 0,
        "date": "2019-03-30",
        "commitResults": []
      },
      {
        "insertions": 0,
        "deletions": 0,
        "date": "2019-03-31",
        "commitResults": []
      },
      {
        "insertions": 0,
        "deletions": 0,
        "date": "2019-04-01",
        "commitResults": []
      },
      {
        "insertions": 0,
        "deletions": 0,
        "date": "2019-04-02",
        "commitResults": []
      },
      {
        "insertions": 0,
        "deletions": 0,
        "date": "2019-04-03",
        "commitResults": []
      },
      {
        "insertions": 0,
        "deletions": 0,
        "date": "2019-04-04",
        "commitResults": []
      },
      {
        "insertions": 0,
        "deletions": 0,
        "date": "2019-04-05",
        "commitResults": []
      },
      {
        "insertions": 0,
        "deletions": 0,
        "date": "2019-04-06",
        "commitResults": []
      },
      {
        "insertions": 0,
        "deletions": 0,
        "date": "2019-04-07",
        "commitResults": []
      },
      {
        "insertions": 0,
        "deletions": 0,
        "date": "2019-04-08",
        "commitResults": []
      },
      {
        "insertions": 0,
        "deletions": 0,
        "date": "2019-04-09",
        "commitResults": []
      },
      {
        "insertions": 0,
        "deletions": 0,
        "date": "2019-04-10",
        "commitResults": []
      },
      {
        "insertions": 0,
        "deletions": 0,
        "date": "2019-04-11",
        "commitResults": []
      }
    ],
    "DanielDSSim": [
      {
        "insertions": 0,
        "deletions": 0,
        "date": "2019-02-10",
        "commitResults": []
      },
      {
        "insertions": 0,
        "deletions": 0,
        "date": "2019-02-11",
        "commitResults": []
      },
      {
        "insertions": 0,
        "deletions": 0,
        "date": "2019-02-12",
        "commitResults": []
      },
      {
        "insertions": 0,
        "deletions": 0,
        "date": "2019-02-13",
        "commitResults": []
      },
      {
        "insertions": 0,
        "deletions": 0,
        "date": "2019-02-14",
        "commitResults": []
      },
      {
        "insertions": 0,
        "deletions": 0,
        "date": "2019-02-15",
        "commitResults": []
      },
      {
        "insertions": 0,
        "deletions": 0,
        "date": "2019-02-16",
        "commitResults": []
      },
      {
        "insertions": 0,
        "deletions": 0,
        "date": "2019-02-17",
        "commitResults": []
      },
      {
        "insertions": 0,
        "deletions": 0,
        "date": "2019-02-18",
        "commitResults": []
      },
      {
        "insertions": 0,
        "deletions": 0,
        "date": "2019-02-19",
        "commitResults": []
      },
      {
        "insertions": 0,
        "deletions": 0,
        "date": "2019-02-20",
        "commitResults": []
      },
      {
        "insertions": 0,
        "deletions": 0,
        "date": "2019-02-21",
        "commitResults": []
      },
      {
        "insertions": 0,
        "deletions": 0,
        "date": "2019-02-22",
        "commitResults": []
      },
      {
        "insertions": 0,
        "deletions": 0,
        "date": "2019-02-23",
        "commitResults": []
      },
      {
        "insertions": 0,
        "deletions": 0,
        "date": "2019-02-24",
        "commitResults": []
      },
      {
        "insertions": 0,
        "deletions": 0,
        "date": "2019-02-25",
        "commitResults": []
      },
      {
        "insertions": 0,
        "deletions": 0,
        "date": "2019-02-26",
        "commitResults": []
      },
      {
        "insertions": 0,
        "deletions": 0,
        "date": "2019-02-27",
        "commitResults": []
      },
      {
        "insertions": 0,
        "deletions": 0,
        "date": "2019-02-28",
        "commitResults": []
      },
      {
        "insertions": 0,
        "deletions": 0,
        "date": "2019-03-01",
        "commitResults": []
      },
      {
        "insertions": 0,
        "deletions": 0,
        "date": "2019-03-02",
        "commitResults": []
      },
      {
        "insertions": 0,
        "deletions": 0,
        "date": "2019-03-03",
        "commitResults": []
      },
      {
        "insertions": 0,
        "deletions": 0,
        "date": "2019-03-04",
        "commitResults": []
      },
      {
        "insertions": 0,
        "deletions": 0,
        "date": "2019-03-05",
        "commitResults": []
      },
      {
        "insertions": 0,
        "deletions": 0,
        "date": "2019-03-06",
        "commitResults": []
      },
      {
        "insertions": 0,
        "deletions": 0,
        "date": "2019-03-07",
        "commitResults": []
      },
      {
        "insertions": 0,
        "deletions": 0,
        "date": "2019-03-08",
        "commitResults": []
      },
      {
        "insertions": 0,
        "deletions": 0,
        "date": "2019-03-09",
        "commitResults": []
      },
      {
        "insertions": 0,
        "deletions": 0,
        "date": "2019-03-10",
        "commitResults": []
      },
      {
        "insertions": 0,
        "deletions": 0,
        "date": "2019-03-11",
        "commitResults": []
      },
      {
        "insertions": 0,
        "deletions": 0,
        "date": "2019-03-12",
        "commitResults": []
      },
      {
        "insertions": 0,
        "deletions": 0,
        "date": "2019-03-13",
        "commitResults": []
      },
      {
        "insertions": 0,
        "deletions": 0,
        "date": "2019-03-14",
        "commitResults": []
      },
      {
        "insertions": 0,
        "deletions": 0,
        "date": "2019-03-15",
        "commitResults": []
      },
      {
        "insertions": 0,
        "deletions": 0,
        "date": "2019-03-16",
        "commitResults": []
      },
      {
        "insertions": 0,
        "deletions": 0,
        "date": "2019-03-17",
        "commitResults": []
      },
      {
        "insertions": 0,
        "deletions": 0,
        "date": "2019-03-18",
        "commitResults": []
      },
      {
        "insertions": 0,
        "deletions": 0,
        "date": "2019-03-19",
        "commitResults": []
      },
      {
        "insertions": 0,
        "deletions": 0,
        "date": "2019-03-20",
        "commitResults": []
      },
      {
        "insertions": 0,
        "deletions": 0,
        "date": "2019-03-21",
        "commitResults": []
      },
      {
        "insertions": 0,
        "deletions": 0,
        "date": "2019-03-22",
        "commitResults": []
      },
      {
        "insertions": 0,
        "deletions": 0,
        "date": "2019-03-23",
        "commitResults": []
      },
      {
        "insertions": 0,
        "deletions": 0,
        "date": "2019-03-24",
        "commitResults": []
      },
      {
        "insertions": 0,
        "deletions": 0,
        "date": "2019-03-25",
        "commitResults": []
      },
      {
        "insertions": 0,
        "deletions": 0,
        "date": "2019-03-26",
        "commitResults": []
      },
      {
        "insertions": 0,
        "deletions": 0,
        "date": "2019-03-27",
        "commitResults": []
      },
      {
        "insertions": 0,
        "deletions": 0,
        "date": "2019-03-28",
        "commitResults": []
      },
      {
        "insertions": 0,
        "deletions": 0,
        "date": "2019-03-29",
        "commitResults": []
      },
      {
        "insertions": 0,
        "deletions": 0,
        "date": "2019-03-30",
        "commitResults": []
      },
      {
        "insertions": 0,
        "deletions": 0,
        "date": "2019-03-31",
        "commitResults": []
      },
      {
        "insertions": 0,
        "deletions": 0,
        "date": "2019-04-01",
        "commitResults": []
      },
      {
        "insertions": 1288,
        "deletions": 196,
        "date": "2019-04-02",
        "commitResults": [
          {
            "hash": "d2fbecbd3ad9857ef56ecd8ac4cf50f81d179e71",
            "message": "Create AddPersonToJobCommand",
            "insertions": 152,
            "deletions": 6
          },
          {
            "hash": "0afff1b08b2f354794e5c29f8983134bfcdece9c",
            "message": "Fix for AddPersonToJob by NRIC",
            "insertions": 124,
            "deletions": 16
          },
          {
            "hash": "0344f7f0cc11e48eaf8c601a9060aa2ec7e2822f",
            "message": "Fix style",
            "insertions": 29,
            "deletions": 9
          },
          {
            "hash": "8bcbdbc03fea7862e06504f3ab3ae726e186d95a",
            "message": "Changes to theoretically enable displaying job",
            "insertions": 230,
            "deletions": 25
          },
          {
            "hash": "9c388f1c6a36a6d6d2dbdff92f24082ad8c7f37a",
            "message": "Fix style",
            "insertions": 9,
            "deletions": 13
          },
          {
            "hash": "f7eb1a4795a78f14a226b3f96c2b75dba7d68a97",
            "message": "Fix style",
            "insertions": 9,
            "deletions": 13
          },
          {
            "hash": "a62c7e28a7bb034d31918d12d19e7226645b9a72",
            "message": "Fix for CreateJob not detecting new Job",
            "insertions": 19,
            "deletions": 5
          },
          {
            "hash": "c0c626503081a4b839338a028ed7a6d614fc6ac7",
            "message": "Fix for CreateJob not detecting new Job",
            "insertions": 19,
            "deletions": 5
          },
          {
            "hash": "70894280c4d6d9230635a3e62e63ea50022df123",
            "message": "Bug fixes",
            "insertions": 10,
            "deletions": 0
          },
          {
            "hash": "ddcfd44c830ab9695eabdf8b6e9ca5dc69cd099f",
            "message": "Bug fixes",
            "insertions": 10,
            "deletions": 0
          },
          {
            "hash": "355dd0f642961103e44be7add8aa022bbd943af8",
            "message": "Fix my stupidity",
            "insertions": 17,
            "deletions": 2
          },
          {
            "hash": "39029a6d44761c1fd53258a336dbe12fd8ee67d2",
            "message": "Fix my stupidity",
            "insertions": 17,
            "deletions": 2
          },
          {
            "hash": "cd50df33810fdcf04a0f2719fb2f79c8a9ab5cad",
            "message": "Fix Style",
            "insertions": 4,
            "deletions": 1
          },
          {
            "hash": "de1a74ae1b0c84fd44ec28c51b9dfd3956f5b5bd",
            "message": "Fix Style",
            "insertions": 4,
            "deletions": 1
          },
          {
            "hash": "0c2ee9c938dc0bf986ae6e9b7560822abdd3ab78",
            "message": "Add Command MovePerson",
            "insertions": 219,
            "deletions": 9
          },
          {
            "hash": "dfb38205f3325ecca146247c256ff7591ae1be5e",
            "message": "Fixes to enable displayJob",
            "insertions": 26,
            "deletions": 1
          },
          {
            "hash": "c62860dbb74a581ad75a1db87bd4719de40468fe",
            "message": "Create DeleteJob Command",
            "insertions": 159,
            "deletions": 26
          },
          {
            "hash": "1dab701f163d0c4f8434d23d1df1b28a821541b1",
            "message": "bug fix",
            "insertions": 3,
            "deletions": 21
          },
          {
            "hash": "155d57f336a238e7d5fc381ac6f8ed69a9f21428",
            "message": "Style fixes",
            "insertions": 14,
            "deletions": 4
          },
          {
            "hash": "1812e312a10fbe1a934536b85f3d4d9add9d7a6d",
            "message": "Add function to add current list to job",
            "insertions": 148,
            "deletions": 11
          },
          {
            "hash": "f1d2d331b96627bbf410d24e79ef4bcd35583a00",
            "message": "Edit UserGuide",
            "insertions": 53,
            "deletions": 10
          },
          {
            "hash": "9d5f8108990f9c1775f097eabae5df3762fe98ce",
            "message": "Edit UserGuide",
            "insertions": 8,
            "deletions": 11
          },
          {
            "hash": "7afb1cf27beffdc9109447c6784e5ec8b3a3bd1e",
            "message": "UserGude Style fix",
            "insertions": 4,
            "deletions": 4
          },
          {
            "hash": "7d632951f5617d8bc9123cafa565bd9e2ffe8692",
            "message": "fix style",
            "insertions": 1,
            "deletions": 1
          }
        ]
      },
      {
        "insertions": 0,
        "deletions": 0,
        "date": "2019-04-03",
        "commitResults": []
      },
      {
        "insertions": 136,
        "deletions": 69,
        "date": "2019-04-04",
        "commitResults": [
          {
            "hash": "0ef3f88f547d6805c31e502d6ed8d61724e92d71",
            "message": "Updated variable and methods to enable dj to show first list by default and cj to dj automatically",
            "insertions": 65,
            "deletions": 47
          },
          {
            "hash": "736db7b82e397d8a60edcae5f3d972c71187dfba",
            "message": "Added Functionality to automatically add persons to Job at job creation",
            "insertions": 20,
            "deletions": 4
          },
          {
            "hash": "9af5319ac26b4e2a9014ac444a59c25d5c5f5948",
            "message": "Add active Job field and 4 filtered list to support Job viewing",
            "insertions": 25,
            "deletions": 13
          },
          {
            "hash": "3cdbe62b726eed949661b7a7b541ccc39e7a7821",
            "message": "Finally fixed my stupidity",
            "insertions": 26,
            "deletions": 5
          }
        ]
      },
      {
        "insertions": 238,
        "deletions": 10,
        "date": "2019-04-05",
        "commitResults": [
          {
            "hash": "2464a2a97153a3f8f41bddf68cc4f96d3ac73acf",
            "message": "make backend edits for job storage implementation",
            "insertions": 19,
            "deletions": 0
          },
          {
            "hash": "2d60c5bc332803563d0443ee11b195ce87c7c6e1",
            "message": "Add JsonAdaptedJob files",
            "insertions": 219,
            "deletions": 10
          }
        ]
      },
      {
        "insertions": 20,
        "deletions": 9,
        "date": "2019-04-06",
        "commitResults": [
          {
            "hash": "05636c550e4eb21c177cf6d33ab6f6675ccca879",
            "message": "Add Job Saving",
            "insertions": 20,
            "deletions": 9
          }
        ]
      },
      {
        "insertions": 0,
        "deletions": 0,
        "date": "2019-04-07",
        "commitResults": []
      },
      {
        "insertions": 478,
        "deletions": 452,
        "date": "2019-04-08",
        "commitResults": [
          {
            "hash": "5308f431b08fe19aee0ee098a05d7c0ba22a7272",
            "message": "Refactor TypicalPersons and TypicalJobs to TypicalObjects",
            "insertions": 135,
            "deletions": 125
          },
          {
            "hash": "844cc81c2ada84d01f93922719511cf18c9f41ff",
            "message": "Fix style errors",
            "insertions": 0,
            "deletions": 2
          },
          {
            "hash": "270e3ced70adef5ce85e6ce85ffbf006169631db",
            "message": "Revert \"Add Job Saving\"",
            "insertions": 9,
            "deletions": 20
          },
          {
            "hash": "0cc2900cb4286cac5d9fb03d5f2b6288fc4c0cc6",
            "message": "Revert \"Revert \"Add Job Saving\"\"",
            "insertions": 20,
            "deletions": 9
          },
          {
            "hash": "28a768d4b1dedc35b5e2d60b4cf5195e48bf18c2",
            "message": "Revert \"Refactor TypicalPersons and TypicalJobs to TypicalObjects\"",
            "insertions": 125,
            "deletions": 133
          },
          {
            "hash": "784aa576c7464d828e16d5b0941a9b7855f50bb4",
            "message": "Revert \"Fix style errors\"",
            "insertions": 2,
            "deletions": 0
          },
          {
            "hash": "cedb9df7c29b13ab9a8688af13787cdab88967d0",
            "message": "Revert \"Revert \"Fix style errors\"\"",
            "insertions": 0,
            "deletions": 2
          },
          {
            "hash": "7b00b53a742299d2a534f6cd98320b90bb49262a",
            "message": "Refactor and undo test",
            "insertions": 176,
            "deletions": 148
          },
          {
            "hash": "68f1b71a2b05e924d82eaacf6feb88ba95b217ea",
            "message": "fix style",
            "insertions": 4,
            "deletions": 6
          },
          {
            "hash": "ff8e846ab6f4447a1266527c6ff363a113a762c3",
            "message": "Enable job names with symbols",
            "insertions": 5,
            "deletions": 6
          },
          {
            "hash": "d7fbf19ac156211f55402806fe91b0dad6159e6e",
            "message": "edit userguide to address issue #184",
            "insertions": 0,
            "deletions": 1
          },
          {
            "hash": "971aff1b9d11573cb97afe04a197602b3ace13e2",
            "message": "Address issue #172",
            "insertions": 2,
            "deletions": 0
          }
        ]
      },
      {
        "insertions": 0,
        "deletions": 0,
        "date": "2019-04-09",
        "commitResults": []
      },
      {
        "insertions": 0,
        "deletions": 0,
        "date": "2019-04-10",
        "commitResults": []
      },
      {
        "insertions": 177,
        "deletions": 75,
        "date": "2019-04-11",
        "commitResults": [
          {
            "hash": "118778020334f1140a1bc412f060f90751d2c7db",
            "message": "Change addall command to take in either 1 or 2 inputs for destination and source(optional)",
            "insertions": 87,
            "deletions": 28
          },
          {
            "hash": "872a64e6dcad2c9088712cf48ff628c3d492d469",
            "message": "Add functionality to automatically add person to job when job is created",
            "insertions": 49,
            "deletions": 13
          },
          {
            "hash": "9b657f61226dc4f1e97cf3424d67bdc216622ec4",
            "message": "Restore sanity",
            "insertions": 2,
            "deletions": 2
          },
          {
            "hash": "ead2e1d30652cb6aea728eef7c103c9f53a970f6",
            "message": "fix style",
            "insertions": 0,
            "deletions": 4
          },
          {
            "hash": "07c4fafa2138941445be6fed354f4fd4d6dab323",
            "message": "Change Regex for jobsapply and jobname",
            "insertions": 19,
            "deletions": 9
          },
          {
            "hash": "0fac8115e7fa3d6dd6b1be9446aa02ceb1457234",
            "message": "Fix commons, model and ui test",
            "insertions": 20,
            "deletions": 19
          }
        ]
      }
    ],
    "CaesarTY": [
      {
        "insertions": 0,
        "deletions": 0,
        "date": "2019-02-10",
        "commitResults": []
      },
      {
        "insertions": 0,
        "deletions": 0,
        "date": "2019-02-11",
        "commitResults": []
      },
      {
        "insertions": 0,
        "deletions": 0,
        "date": "2019-02-12",
        "commitResults": []
      },
      {
        "insertions": 0,
        "deletions": 0,
        "date": "2019-02-13",
        "commitResults": []
      },
      {
        "insertions": 0,
        "deletions": 0,
        "date": "2019-02-14",
        "commitResults": []
      },
      {
        "insertions": 0,
        "deletions": 0,
        "date": "2019-02-15",
        "commitResults": []
      },
      {
        "insertions": 0,
        "deletions": 0,
        "date": "2019-02-16",
        "commitResults": []
      },
      {
        "insertions": 0,
        "deletions": 0,
        "date": "2019-02-17",
        "commitResults": []
      },
      {
        "insertions": 52,
        "deletions": 14,
        "date": "2019-02-18",
        "commitResults": [
          {
            "hash": "a1d1374c12f3225b6600504dbb3adb19efae01dc",
            "message": "Edit developer information",
            "insertions": 3,
            "deletions": 3
          },
          {
            "hash": "34308027eb4f93f76066b729cc8ece831584916d",
            "message": "Update AboutUs.adoc",
            "insertions": 1,
            "deletions": 1
          },
          {
            "hash": "0f625c08b3cf50c3ab3f1575e5a04a779a01f2f9",
            "message": "Update UserGuide.adoc",
            "insertions": 45,
            "deletions": 6
          },
          {
            "hash": "b027277712cfc56c07b5b6a417ef22774fa0443c",
            "message": "Update documentation to match fork",
            "insertions": 3,
            "deletions": 4
          }
        ]
      },
      {
        "insertions": 0,
        "deletions": 0,
        "date": "2019-02-19",
        "commitResults": []
      },
      {
        "insertions": 0,
        "deletions": 0,
        "date": "2019-02-20",
        "commitResults": []
      },
      {
        "insertions": 0,
        "deletions": 0,
        "date": "2019-02-21",
        "commitResults": []
      },
      {
        "insertions": 0,
        "deletions": 0,
        "date": "2019-02-22",
        "commitResults": []
      },
      {
        "insertions": 0,
        "deletions": 0,
        "date": "2019-02-23",
        "commitResults": []
      },
      {
        "insertions": 0,
        "deletions": 0,
        "date": "2019-02-24",
        "commitResults": []
      },
      {
        "insertions": 0,
        "deletions": 0,
        "date": "2019-02-25",
        "commitResults": []
      },
      {
        "insertions": 0,
        "deletions": 0,
        "date": "2019-02-26",
        "commitResults": []
      },
      {
        "insertions": 0,
        "deletions": 0,
        "date": "2019-02-27",
        "commitResults": []
      },
      {
        "insertions": 0,
        "deletions": 0,
        "date": "2019-02-28",
        "commitResults": []
      },
      {
        "insertions": 0,
        "deletions": 0,
        "date": "2019-03-01",
        "commitResults": []
      },
      {
        "insertions": 0,
        "deletions": 0,
        "date": "2019-03-02",
        "commitResults": []
      },
      {
        "insertions": 94,
        "deletions": 0,
        "date": "2019-03-03",
        "commitResults": [
          {
            "hash": "eb8d2928e197a137b0c5a573e40493c5e70ee0ab",
            "message": "Add PastJob and PastJobTest",
            "insertions": 94,
            "deletions": 0
          }
        ]
      },
      {
        "insertions": 452,
        "deletions": 160,
        "date": "2019-03-04",
        "commitResults": [
          {
            "hash": "2b26213e5294f98bb85ea8e90702132bc1aed10e",
            "message": "Update Person for new feild past job",
            "insertions": 16,
            "deletions": 3
          },
          {
            "hash": "bfa97ff66a60734f5177c3461f7bfd3f11a92c7a",
            "message": "Update PersonCard for new field past job",
            "insertions": 27,
            "deletions": 3
          },
          {
            "hash": "7eb3f57a7b8b3580387e6fba5d14db7d2af9665d",
            "message": "Update parsers and EditCommand for new field",
            "insertions": 90,
            "deletions": 7
          },
          {
            "hash": "5e833447ab57de29e96e9e4f6e2d8a0520893d9a",
            "message": "Update SampleDataUtil for new field past job",
            "insertions": 29,
            "deletions": 19
          },
          {
            "hash": "958a7edc41acce2ac350a91279002a49cfca3a99",
            "message": "Update storge file for new field past job",
            "insertions": 63,
            "deletions": 2
          },
          {
            "hash": "fb55fd1703004c1ff849c9f1026d7b39e5fec0e7",
            "message": "Update sample persons in json files",
            "insertions": 7,
            "deletions": 0
          },
          {
            "hash": "b526c62f43cb43f8df5d3771e7913565b98a4395",
            "message": "Update JsonAdaptedPersonTest.java",
            "insertions": 36,
            "deletions": 11
          },
          {
            "hash": "bda30cc61c6042a252823f17fcca51ddaa66b657",
            "message": "Update testutils for new field past job",
            "insertions": 42,
            "deletions": 5
          },
          {
            "hash": "4e5ca8cff2f01e2390886e74b8d0f329f45313c6",
            "message": "Update logic tests for new field past job",
            "insertions": 44,
            "deletions": 21
          },
          {
            "hash": "9c6845a7ce9a85ec36ee835429709d91b6f88a45",
            "message": "Update UI test for new field past job",
            "insertions": 5,
            "deletions": 1
          },
          {
            "hash": "395079cb44a86be39d73a1720e1d89f975710399",
            "message": "Fix style errors",
            "insertions": 32,
            "deletions": 30
          },
          {
            "hash": "7899be75aeb10e45d1fe560fd3dbed990222ad98",
            "message": "Fix style errors",
            "insertions": 5,
            "deletions": 5
          },
          {
            "hash": "b8d3b0db987beb8e282c125ef22b1d5c8d769f27",
            "message": "Fix style errors",
            "insertions": 56,
            "deletions": 53
          }
        ]
      },
      {
        "insertions": 80,
        "deletions": 53,
        "date": "2019-03-05",
        "commitResults": [
          {
            "hash": "d4c8daaa1d14a760d9abf1bbcba154540cae2771",
            "message": "Fixed UI PersonlistCard for past job",
            "insertions": 14,
            "deletions": 2
          },
          {
            "hash": "0fc3b6f3aa4861756f9596d9731694fa5e49b9df",
            "message": "Fix bugs",
            "insertions": 40,
            "deletions": 27
          },
          {
            "hash": "7f8b6cd681049eac98ba9509b31c19e49c9c8ce8",
            "message": "Fix style errors",
            "insertions": 24,
            "deletions": 22
          },
          {
            "hash": "bcf764d147070bf27ccbdef935d0fd253e77407c",
            "message": "Fix bugs in PersonUtil",
            "insertions": 2,
            "deletions": 2
          }
        ]
      },
      {
        "insertions": 0,
        "deletions": 0,
        "date": "2019-03-06",
        "commitResults": []
      },
      {
        "insertions": 0,
        "deletions": 0,
        "date": "2019-03-07",
        "commitResults": []
      },
      {
        "insertions": 0,
        "deletions": 0,
        "date": "2019-03-08",
        "commitResults": []
      },
      {
        "insertions": 0,
        "deletions": 0,
        "date": "2019-03-09",
        "commitResults": []
      },
      {
        "insertions": 0,
        "deletions": 0,
        "date": "2019-03-10",
        "commitResults": []
      },
      {
        "insertions": 0,
        "deletions": 0,
        "date": "2019-03-11",
        "commitResults": []
      },
      {
        "insertions": 173,
        "deletions": 87,
        "date": "2019-03-12",
        "commitResults": [
          {
            "hash": "1d998673612a8946727684a796465a0c314b5984",
            "message": "Add several features to the UserGuide",
            "insertions": 168,
            "deletions": 82
          },
          {
            "hash": "f23b73e996db040e549a859bd3adaefbbd3723ad",
            "message": "Fix UserGuide style",
            "insertions": 5,
            "deletions": 5
          }
        ]
      },
      {
        "insertions": 0,
        "deletions": 0,
        "date": "2019-03-13",
        "commitResults": []
      },
      {
        "insertions": 0,
        "deletions": 0,
        "date": "2019-03-14",
        "commitResults": []
      },
      {
        "insertions": 0,
        "deletions": 0,
        "date": "2019-03-15",
        "commitResults": []
      },
      {
        "insertions": 0,
        "deletions": 0,
        "date": "2019-03-16",
        "commitResults": []
      },
      {
        "insertions": 0,
        "deletions": 0,
        "date": "2019-03-17",
        "commitResults": []
      },
      {
        "insertions": 0,
        "deletions": 0,
        "date": "2019-03-18",
        "commitResults": []
      },
      {
        "insertions": 1015,
        "deletions": 96,
        "date": "2019-03-19",
        "commitResults": [
          {
            "hash": "7c4f3ea01cc39c59671c3157c5f9a0dec0bdeed0",
            "message": "Add Search command",
            "insertions": 352,
            "deletions": 1
          },
          {
            "hash": "33fac8637ff93d8c643380da3da509bb074ce6be",
            "message": "Change the code structure",
            "insertions": 32,
            "deletions": 24
          },
          {
            "hash": "2cdb5b5a1f874930fd768ed552788a00565728cf",
            "message": "Fix style",
            "insertions": 1,
            "deletions": 3
          },
          {
            "hash": "bd40cb084550098f089b39d9ada31660377671d6",
            "message": "Update UserGuide for search command",
            "insertions": 3,
            "deletions": 2
          },
          {
            "hash": "ec079a0dea1dbbf1b058aaf28388c90c0da7d2d3",
            "message": "Fix style",
            "insertions": 4,
            "deletions": 4
          },
          {
            "hash": "88c98b25cdda887987a82411b83ab4f007b19b7b",
            "message": "Fix style T_T",
            "insertions": 1,
            "deletions": 1
          },
          {
            "hash": "366b4461e557aba02e3cef982b90137f701eba35",
            "message": "Add predicate class test",
            "insertions": 431,
            "deletions": 2
          },
          {
            "hash": "4ae931d8f5ede1f8d2089c63858bf020b086cfb6",
            "message": "fix style",
            "insertions": 60,
            "deletions": 32
          },
          {
            "hash": "9673e85a2e0b75793b4864e01e30bec64ed5a3db",
            "message": "Fix style",
            "insertions": 5,
            "deletions": 6
          },
          {
            "hash": "4243dba836a4ecc8ee962179fc44abdd0737dff8",
            "message": "Fix style againnnn",
            "insertions": 2,
            "deletions": 2
          },
          {
            "hash": "07f6696bbf9e87b33941c91c71aa83443cfd5a4f",
            "message": "Add simple search command test",
            "insertions": 124,
            "deletions": 0
          },
          {
            "hash": "1fedf74c0d84d5940bc8e3e7174c6dc17fd37643",
            "message": "Fix style (first time failed all tests)",
            "insertions": 0,
            "deletions": 19
          }
        ]
      },
      {
        "insertions": 0,
        "deletions": 0,
        "date": "2019-03-20",
        "commitResults": []
      },
      {
        "insertions": 0,
        "deletions": 0,
        "date": "2019-03-21",
        "commitResults": []
      },
      {
        "insertions": 0,
        "deletions": 0,
        "date": "2019-03-22",
        "commitResults": []
      },
      {
        "insertions": 0,
        "deletions": 0,
        "date": "2019-03-23",
        "commitResults": []
      },
      {
        "insertions": 0,
        "deletions": 0,
        "date": "2019-03-24",
        "commitResults": []
      },
      {
        "insertions": 0,
        "deletions": 0,
        "date": "2019-03-25",
        "commitResults": []
      },
      {
        "insertions": 699,
        "deletions": 84,
        "date": "2019-03-26",
        "commitResults": [
          {
            "hash": "631052ac56f4a8b941bd5849bb8561a7a886c6aa",
            "message": "Update all fields (except score) for search",
            "insertions": 164,
            "deletions": 0
          },
          {
            "hash": "78bd5b8b77a81692ce3c72226801c6679519b52f",
            "message": "Update all fields for search (except score)",
            "insertions": 84,
            "deletions": 26
          },
          {
            "hash": "55f5adcefc0af3a44211b4ca1e6100443aad3000",
            "message": "Fix Style",
            "insertions": 57,
            "deletions": 55
          },
          {
            "hash": "5577ee3a31518a294900d353ede6c8f28addaee9",
            "message": "Update DeveloperGuide user case for search",
            "insertions": 27,
            "deletions": 1
          },
          {
            "hash": "8b63d30fd109083af01dc7b3f955ea278a624fa3",
            "message": "Add some test for search",
            "insertions": 365,
            "deletions": 0
          },
          {
            "hash": "02a9b3e949de7e811890a4f40151cd67bde81ef4",
            "message": "Fix style",
            "insertions": 2,
            "deletions": 2
          }
        ]
      },
      {
        "insertions": 0,
        "deletions": 0,
        "date": "2019-03-27",
        "commitResults": []
      },
      {
        "insertions": 0,
        "deletions": 0,
        "date": "2019-03-28",
        "commitResults": []
      },
      {
        "insertions": 0,
        "deletions": 0,
        "date": "2019-03-29",
        "commitResults": []
      },
      {
        "insertions": 0,
        "deletions": 0,
        "date": "2019-03-30",
        "commitResults": []
      },
      {
        "insertions": 582,
        "deletions": 203,
        "date": "2019-03-31",
        "commitResults": [
          {
            "hash": "c8b25c9b3f76b9eece7d46ebf1735367cff7ec1a",
            "message": "Add more tests for search",
            "insertions": 460,
            "deletions": 71
          },
          {
            "hash": "d8b5ce16a06d15a17e13dcea1c16897fd49b4440",
            "message": "Fix style",
            "insertions": 58,
            "deletions": 56
          },
          {
            "hash": "e9a00b57132d4820cc7d31bb00255291a28b7b2d",
            "message": "Fix style",
            "insertions": 31,
            "deletions": 25
          },
          {
            "hash": "53cf8210ad19ed96725a460206fa8240dca4e291",
            "message": "Fix style (This time it must all right!)",
            "insertions": 26,
            "deletions": 25
          },
          {
            "hash": "5b8f97a9f1827d8c70b70a2d77050c7e78d8f6b4",
            "message": "Fix style",
            "insertions": 1,
            "deletions": 1
          },
          {
            "hash": "47769942e64408881f3574fc6d7d5a039aebc674",
            "message": "Fix test code style",
            "insertions": 6,
            "deletions": 24
          },
          {
            "hash": "7d6a082fb887e5d264febfd49531914b46640e17",
            "message": "Fix style (definately last time!)",
            "insertions": 0,
            "deletions": 1
          }
        ]
      },
      {
        "insertions": 147,
        "deletions": 124,
        "date": "2019-04-01",
        "commitResults": [
          {
            "hash": "1c4658c393abcb5d4af35c36522b958597623b63",
            "message": "Improve code quality",
            "insertions": 21,
            "deletions": 23
          },
          {
            "hash": "22456effbec8d28e75727d1a61732c62ddb43f8b",
            "message": "Add more tests",
            "insertions": 97,
            "deletions": 69
          },
          {
            "hash": "8da780193860154a6bd8172341fd747b18ea8190",
            "message": "Fix unchecked operation",
            "insertions": 7,
            "deletions": 3
          },
          {
            "hash": "c8325e306d1dc8abad1a89f71bfc9f9049677f57",
            "message": "Fix style",
            "insertions": 5,
            "deletions": 3
          },
          {
            "hash": "25ac4123ad9c2486f7d2b1b84e1443571e286b06",
            "message": "add @SuppressWarnings(\"unchecked\") doc (may works)",
            "insertions": 2,
            "deletions": 0
          },
          {
            "hash": "7cf0e1732c5f28a2c2e4450269303d63a242b16f",
            "message": "Fix style",
            "insertions": 2,
            "deletions": 3
          },
          {
            "hash": "0b6f6410181f81afe8133bc7847f3b713485abf7",
            "message": "Fix bugs",
            "insertions": 1,
            "deletions": 11
          },
          {
            "hash": "594387208d005bd1bef53d6ba7502083ce9123c6",
            "message": "Fix style",
            "insertions": 0,
            "deletions": 12
          },
          {
            "hash": "8303529a46879687f7a814f376306c2e1fbc893b",
            "message": "Update DeveloperGuide",
            "insertions": 12,
            "deletions": 0
          }
        ]
      },
      {
        "insertions": 172,
        "deletions": 38,
        "date": "2019-04-02",
        "commitResults": [
          {
            "hash": "dbb60b8a9e09be39affa328c083e8046de5d7ac2",
            "message": "Add search grade",
            "insertions": 157,
            "deletions": 9
          },
          {
            "hash": "547d04e11ff695eac0eda2d042384e912a24a967",
            "message": "Add checkargu",
            "insertions": 4,
            "deletions": 4
          },
          {
            "hash": "590ae7665bfbae69e36ce8c0ca748cf66ee90473",
            "message": "Fix style",
            "insertions": 6,
            "deletions": 5
          },
          {
            "hash": "c3abadd89fb92b71a30f7f5acca56a065af1ae8c",
            "message": "Update UG",
            "insertions": 5,
            "deletions": 2
          },
          {
            "hash": "b0d39167ad9cd0475fc47a828cdf73d7ac0f2a84",
            "message": "Update UG",
            "insertions": 0,
            "deletions": 18
          }
        ]
      },
      {
        "insertions": 0,
        "deletions": 0,
        "date": "2019-04-03",
        "commitResults": []
      },
      {
        "insertions": 0,
        "deletions": 0,
        "date": "2019-04-04",
        "commitResults": []
      },
      {
        "insertions": 0,
        "deletions": 0,
        "date": "2019-04-05",
        "commitResults": []
      },
      {
        "insertions": 0,
        "deletions": 0,
        "date": "2019-04-06",
        "commitResults": []
      },
      {
        "insertions": 0,
        "deletions": 0,
        "date": "2019-04-07",
        "commitResults": []
      },
      {
        "insertions": 217,
        "deletions": 16,
        "date": "2019-04-08",
        "commitResults": [
          {
            "hash": "2a4b61674516bb56b93580bfa29e5ec647a8c095",
            "message": "add search for 4 list",
            "insertions": 217,
            "deletions": 16
          }
        ]
      },
      {
        "insertions": 204,
        "deletions": 181,
        "date": "2019-04-09",
        "commitResults": [
          {
            "hash": "aeca55c51658546c68e383e32366ccf9d7e18356",
            "message": "Make search for 4 list",
            "insertions": 61,
            "deletions": 23
          },
          {
            "hash": "20b42459490a62e14e678bb0345297c6664357a0",
            "message": "Fix Style",
            "insertions": 82,
            "deletions": 68
          },
          {
            "hash": "20353c0e686113332ecd6f2644fe2970c70318fb",
            "message": "Rename search command to filter command",
            "insertions": 49,
            "deletions": 49
          },
          {
            "hash": "3c1de159ad07670e25927e4c6ee4759644ad89e8",
            "message": "Update UG and DG",
            "insertions": 12,
            "deletions": 41
          }
        ]
      },
      {
        "insertions": 697,
        "deletions": 210,
        "date": "2019-04-10",
        "commitResults": [
          {
            "hash": "5359e626ce54ca496f0b0b8339a9ca1d5663eb51",
            "message": "Add UniqueuePredicate List",
            "insertions": 175,
            "deletions": 4
          },
          {
            "hash": "4e7855394676a4bfcd90fa1685be999a2f2cbf12",
            "message": "Modify filter command to show filter command list",
            "insertions": 162,
            "deletions": 11
          },
          {
            "hash": "85b7f55be6311937b651a109d6e6af0824f258f0",
            "message": "Fix filter bug (Now guys you can use the filter command!!)",
            "insertions": 212,
            "deletions": 138
          },
          {
            "hash": "5275cdff700e0dd7368cfe66d5bd91fcc09dba35",
            "message": "Add DeleteilterCommand command",
            "insertions": 148,
            "deletions": 57
          }
        ]
      },
      {
        "insertions": 601,
        "deletions": 219,
        "date": "2019-04-11",
        "commitResults": [
          {
            "hash": "ad74c0488b08eb313521d97598fa96fdeb292245",
            "message": "Add two mode for filter",
            "insertions": 119,
            "deletions": 51
          },
          {
            "hash": "3879599f18f24076bc93be6f21408b8a6f8be3c3",
            "message": "Fix style and make test runable",
            "insertions": 271,
            "deletions": 91
          },
          {
            "hash": "dd7a3d7955fe57a31ff4dd7b0e567c99904a8055",
            "message": "Can filter Interview Scores",
            "insertions": 177,
            "deletions": 43
          },
          {
            "hash": "e673106b60fdd092aec7c3bf1fa1d831aa4ead38",
            "message": "Fix Style",
            "insertions": 34,
            "deletions": 34
          }
        ]
      }
    ],
    "WeeSooJun": [
      {
        "insertions": 0,
        "deletions": 0,
        "date": "2019-02-10",
        "commitResults": []
      },
      {
        "insertions": 0,
        "deletions": 0,
        "date": "2019-02-11",
        "commitResults": []
      },
      {
        "insertions": 0,
        "deletions": 0,
        "date": "2019-02-12",
        "commitResults": []
      },
      {
        "insertions": 0,
        "deletions": 0,
        "date": "2019-02-13",
        "commitResults": []
      },
      {
        "insertions": 0,
        "deletions": 0,
        "date": "2019-02-14",
        "commitResults": []
      },
      {
        "insertions": 0,
        "deletions": 0,
        "date": "2019-02-15",
        "commitResults": []
      },
      {
        "insertions": 0,
        "deletions": 0,
        "date": "2019-02-16",
        "commitResults": []
      },
      {
        "insertions": 0,
        "deletions": 0,
        "date": "2019-02-17",
        "commitResults": []
      },
      {
        "insertions": 4,
        "deletions": 4,
        "date": "2019-02-18",
        "commitResults": [
          {
            "hash": "8c62f122094a6c00348c4f41104afc8afdce76d9",
            "message": "Add profile picture",
            "insertions": 3,
            "deletions": 3
          },
          {
            "hash": "279369d124e175116ee3e66ea0df65ec32987917",
            "message": "Change name",
            "insertions": 1,
            "deletions": 1
          }
        ]
      },
      {
        "insertions": 165,
        "deletions": 8,
        "date": "2019-02-19",
        "commitResults": [
          {
            "hash": "ea7b6ed00e4523d7f41f2a3548070d0f17c35b26",
            "message": "Add COMMAND_ALIAS for find with tests",
            "insertions": 15,
            "deletions": 1
          },
          {
            "hash": "325af0c00d5a8ef29cf859d119fc7cdc99c32c72",
            "message": "Update message usage for find",
            "insertions": 1,
            "deletions": 1
          },
          {
            "hash": "5557770dbb324ec2fe0a105c77614764ca1adbad",
            "message": "Update message usage for find",
            "insertions": 1,
            "deletions": 1
          },
          {
            "hash": "a6d213b89df88416f1fe8c59ab7d07a0db78021f",
            "message": "Add command alias for add and tests",
            "insertions": 23,
            "deletions": 1
          },
          {
            "hash": "aa538a4809ce0aed9ea72e40b250548f4da28725",
            "message": "Add command alias for clear and tests",
            "insertions": 10,
            "deletions": 0
          },
          {
            "hash": "6c1922d342c722983b2dc848e0c1e485c3fe2058",
            "message": "Add command alias for delete and tests",
            "insertions": 14,
            "deletions": 1
          },
          {
            "hash": "0d035c90322b5aee87661d5806cf93043375ff68",
            "message": "Add command alias for edit and tests",
            "insertions": 17,
            "deletions": 0
          },
          {
            "hash": "f9a621a0fffc9e809f0fa0191a86b799dcbdf34e",
            "message": "Add command alias for exit and tests",
            "insertions": 10,
            "deletions": 0
          },
          {
            "hash": "49a9f9b9715b7b7824b3d0d1ecb20cb27c2373cd",
            "message": "Add command alias for help and tests",
            "insertions": 10,
            "deletions": 0
          },
          {
            "hash": "30cd88a2bd02a8da9519acfd8354cba070086a8d",
            "message": "Add command alias for history and tests",
            "insertions": 17,
            "deletions": 0
          },
          {
            "hash": "870f7e9a1060e489b6979bd791b0dd51408ca354",
            "message": "Add command alias for list and tests",
            "insertions": 10,
            "deletions": 0
          },
          {
            "hash": "509acea13ed684c90181ca5d34ecc102e4cb0929",
            "message": "Add command alias for redo and update tests",
            "insertions": 11,
            "deletions": 1
          },
          {
            "hash": "a069074c33316728866aeff88b4d3b5b0154d1c3",
            "message": "Add command alias for select and tests",
            "insertions": 14,
            "deletions": 1
          },
          {
            "hash": "982f85f5226db1fa11ade886a353ad98b549be76",
            "message": "Add command alias for undo and tests",
            "insertions": 11,
            "deletions": 0
          },
          {
            "hash": "5d4d2ebdc043cce7a2642e99ffe3b99ea263e6af",
            "message": "Remove whitespace",
            "insertions": 1,
            "deletions": 1
          }
        ]
      },
      {
        "insertions": 0,
        "deletions": 0,
        "date": "2019-02-20",
        "commitResults": []
      },
      {
        "insertions": 0,
        "deletions": 0,
        "date": "2019-02-21",
        "commitResults": []
      },
      {
        "insertions": 0,
        "deletions": 0,
        "date": "2019-02-22",
        "commitResults": []
      },
      {
        "insertions": 0,
        "deletions": 0,
        "date": "2019-02-23",
        "commitResults": []
      },
      {
        "insertions": 0,
        "deletions": 0,
        "date": "2019-02-24",
        "commitResults": []
      },
      {
        "insertions": 0,
        "deletions": 0,
        "date": "2019-02-25",
        "commitResults": []
      },
      {
        "insertions": 0,
        "deletions": 0,
        "date": "2019-02-26",
        "commitResults": []
      },
      {
        "insertions": 0,
        "deletions": 0,
        "date": "2019-02-27",
        "commitResults": []
      },
      {
        "insertions": 0,
        "deletions": 0,
        "date": "2019-02-28",
        "commitResults": []
      },
      {
        "insertions": 0,
        "deletions": 0,
        "date": "2019-03-01",
        "commitResults": []
      },
      {
        "insertions": 0,
        "deletions": 0,
        "date": "2019-03-02",
        "commitResults": []
      },
      {
        "insertions": 494,
        "deletions": 191,
        "date": "2019-03-03",
        "commitResults": [
          {
            "hash": "a8e784509966d10e716d4c2de299ccbe1e26eb29",
            "message": "Add School and SchoolTest",
            "insertions": 78,
            "deletions": 0
          },
          {
            "hash": "32ac2d7d62fadf39df5b2df1cd098058b45e9797",
            "message": "Update Person to include School",
            "insertions": 9,
            "deletions": 2
          },
          {
            "hash": "fc9ec3b23575eda88113ac6dc69e8f496fda2523",
            "message": "Update PersonCard UI to include School",
            "insertions": 4,
            "deletions": 0
          },
          {
            "hash": "920d8ad0ea302ad6eebaeb00f29b472aa85300ef",
            "message": "Update PersonCardHandle for School",
            "insertions": 6,
            "deletions": 0
          },
          {
            "hash": "3a15db28343062c525581d28a9a653f904451e68",
            "message": "Update parsers to include school",
            "insertions": 30,
            "deletions": 7
          },
          {
            "hash": "c259c38eaf55fcf71dcc4bc932c4d12f897cbc11",
            "message": "Update Person",
            "insertions": 1,
            "deletions": 1
          },
          {
            "hash": "74057ba6bd1fbef85408cb23c647c816e133d52e",
            "message": "Update EditCommand to include School",
            "insertions": 11,
            "deletions": 2
          },
          {
            "hash": "131263a2abce4a4360ddfe7099bdd8a11234725e",
            "message": "Include schools in SampleDataUtil",
            "insertions": 7,
            "deletions": 6
          },
          {
            "hash": "d2d59b042013267128d6a764563d2465759f9ed0",
            "message": "Update JsonAdapatedPerson to include School",
            "insertions": 14,
            "deletions": 1
          },
          {
            "hash": "a6f2bdaf92003fb8ac92b5a61f35c8a877f6bb2f",
            "message": "Update sample persons in json files",
            "insertions": 18,
            "deletions": 5
          },
          {
            "hash": "97c81970207d794eb1643a5a3eca9edf738115c3",
            "message": "Update testutils to include schools",
            "insertions": 45,
            "deletions": 29
          },
          {
            "hash": "40eb6a9092bc4e529564d10bf8eb522f44012ec5",
            "message": "Update logic tests to include school",
            "insertions": 44,
            "deletions": 39
          },
          {
            "hash": "10960f79ce06bfb71e050d112bd1cee2ab554772",
            "message": "Update storage to include school",
            "insertions": 25,
            "deletions": 9
          },
          {
            "hash": "1d5983091ae3009054dafb441a30a87cd9f78888",
            "message": "Update UI to include school",
            "insertions": 5,
            "deletions": 1
          },
          {
            "hash": "41219ad5b3f6baf2e08f0506310db3f2e7e67132",
            "message": "Update systemtests to include school",
            "insertions": 46,
            "deletions": 59
          },
          {
            "hash": "4b0747cc5381c5f102747c883c4fd19bdffd5aed",
            "message": "Fix style errors",
            "insertions": 15,
            "deletions": 5
          },
          {
            "hash": "decbba4a4278e44af141df13c04c79ded253ffbe",
            "message": "Fix style issues",
            "insertions": 9,
            "deletions": 1
          },
          {
            "hash": "488af945ce302f6bb2da6c15ef7112af958a1b1f",
            "message": "Fix styles",
            "insertions": 17,
            "deletions": 5
          },
          {
            "hash": "bd1e5690f0a05cbb33c61d2208cdcd28c141a4b9",
            "message": "Fix style",
            "insertions": 1,
            "deletions": 1
          },
          {
            "hash": "e5bd1515b35d9fe1e29f9223979acfafeb7c4116",
            "message": "Update checkstyle and fix style",
            "insertions": 10,
            "deletions": 3
          },
          {
            "hash": "ce8c2b8f98dca9b49f89a291e055027022d694bb",
            "message": "Update checkstyle.xml",
            "insertions": 2,
            "deletions": 4
          },
          {
            "hash": "06685ef99fe930171eb9adfde2d2de769e086d41",
            "message": "Fix checkstyle.xml",
            "insertions": 1,
            "deletions": 1
          },
          {
            "hash": "6df7b9af8862186c31d7755b39f0f5c75338e013",
            "message": "Update checkstyle.xml and manually import",
            "insertions": 52,
            "deletions": 7
          },
          {
            "hash": "05048374e41985b7178af65ff931ee8a44bcd384",
            "message": "Fix style",
            "insertions": 44,
            "deletions": 3
          }
        ]
      },
      {
        "insertions": 3,
        "deletions": 3,
        "date": "2019-03-04",
        "commitResults": [
          {
            "hash": "371703dda89e4256113a1f8f5005ac57774467d8",
            "message": "Update SchoolTest comments",
            "insertions": 3,
            "deletions": 3
          }
        ]
      },
      {
        "insertions": 128,
        "deletions": 45,
        "date": "2019-03-05",
        "commitResults": [
          {
            "hash": "d711bd09e96e248a4be1b7987052862431f99bde",
            "message": "Update MESSAGE_USAGE for edit and add commands",
            "insertions": 15,
            "deletions": 4
          },
          {
            "hash": "063810957b47d1b29cd210c02c8236c4ff62fa58",
            "message": "Update UserGuide.adoc",
            "insertions": 20,
            "deletions": 15
          },
          {
            "hash": "051fc2c890ac740e9a1dab7fe10fcff7079f5979",
            "message": "Update UserGuide.adoc",
            "insertions": 1,
            "deletions": 0
          },
          {
            "hash": "24bc4347e88c65e2cf60363079fc28eb81a6a5c4",
            "message": "Update UserGuide.adoc",
            "insertions": 1,
            "deletions": 1
          },
          {
            "hash": "05c9044b74895618e7e66f07c51959e00a130fba",
            "message": "Update AboutUs.adoc",
            "insertions": 1,
            "deletions": 2
          },
          {
            "hash": "d5dc17cb951c58df83e93be1f2a5b6b5c821e242",
            "message": "Update UserGuide.adoc",
            "insertions": 28,
            "deletions": 0
          },
          {
            "hash": "3d8a7bda067de8fd596a573a668d8476a2db130d",
            "message": "Update UserGuide.adoc",
            "insertions": 24,
            "deletions": 17
          },
          {
            "hash": "e141de89e3ecc32e5f0d6bb9e13d7fc15e647fff",
            "message": "Update README.adoc",
            "insertions": 1,
            "deletions": 1
          },
          {
            "hash": "6870144f47e69cb940cbe65541ed56fc25b61169",
            "message": "Update DeveloperGuide.adoc",
            "insertions": 37,
            "deletions": 5
          }
        ]
      },
      {
        "insertions": 0,
        "deletions": 0,
        "date": "2019-03-06",
        "commitResults": []
      },
      {
        "insertions": 0,
        "deletions": 0,
        "date": "2019-03-07",
        "commitResults": []
      },
      {
        "insertions": 0,
        "deletions": 0,
        "date": "2019-03-08",
        "commitResults": []
      },
      {
        "insertions": 0,
        "deletions": 0,
        "date": "2019-03-09",
        "commitResults": []
      },
      {
        "insertions": 0,
        "deletions": 0,
        "date": "2019-03-10",
        "commitResults": []
      },
      {
        "insertions": 0,
        "deletions": 0,
        "date": "2019-03-11",
        "commitResults": []
      },
      {
        "insertions": 20,
        "deletions": 5,
        "date": "2019-03-12",
        "commitResults": [
          {
            "hash": "5275671e2b4cfb28ddde0f004e92144deb637fa4",
            "message": "Add ImportResumesCommand",
            "insertions": 15,
            "deletions": 0
          },
          {
            "hash": "58f835b489e30d2d82477c93defe0938f9852484",
            "message": "Change readAll to ImportResumes",
            "insertions": 1,
            "deletions": 1
          },
          {
            "hash": "cb20bea2b1c31bc10159fc4c2b10324b3bbc76c7",
            "message": "Merge",
            "insertions": 3,
            "deletions": 3
          },
          {
            "hash": "bc5ed39ad2afdae451bc68638f4f41221ff50157",
            "message": "Change readAll to importResumes",
            "insertions": 1,
            "deletions": 1
          }
        ]
      },
      {
        "insertions": 3,
        "deletions": 0,
        "date": "2019-03-13",
        "commitResults": [
          {
            "hash": "9f4b4b4f1f9595adeb9bdc7a1261ad8aa20a133d",
            "message": "Update ImportResumesCommand",
            "insertions": 3,
            "deletions": 0
          }
        ]
      },
      {
        "insertions": 0,
        "deletions": 0,
        "date": "2019-03-14",
        "commitResults": []
      },
      {
        "insertions": 0,
        "deletions": 0,
        "date": "2019-03-15",
        "commitResults": []
      },
      {
        "insertions": 0,
        "deletions": 0,
        "date": "2019-03-16",
        "commitResults": []
      },
      {
        "insertions": 0,
        "deletions": 0,
        "date": "2019-03-17",
        "commitResults": []
      },
      {
        "insertions": 0,
        "deletions": 0,
        "date": "2019-03-18",
        "commitResults": []
      },
      {
        "insertions": 96,
        "deletions": 8,
        "date": "2019-03-19",
        "commitResults": [
          {
            "hash": "25053c6cb35869c1d6931de6b0f6d5edd60b6326",
            "message": "Add Interviews and GenerateInterviewsCommand",
            "insertions": 58,
            "deletions": 0
          },
          {
            "hash": "36ddd15f9d757ad540227baadc22a213ad76d335",
            "message": "Update Styling issues",
            "insertions": 14,
            "deletions": 5
          },
          {
            "hash": "a5d16403842173514d053cbf4baa30d7924962d4",
            "message": "Update Model to include the generation of interviews",
            "insertions": 12,
            "deletions": 0
          },
          {
            "hash": "b649b04f06d70007ffd9d37af20a2e1ea2c7b074",
            "message": "Update Unit Test to reflect the change in Model Interface",
            "insertions": 6,
            "deletions": 0
          },
          {
            "hash": "85d63686e45b5b6a51d41a7c7304da01fce84d97",
            "message": "Update imports of AddressBookParser",
            "insertions": 4,
            "deletions": 0
          },
          {
            "hash": "d6677a4d832331ba952731aef2a3a51fe2837c2d",
            "message": "Remove redundant imports",
            "insertions": 0,
            "deletions": 1
          },
          {
            "hash": "6883a5c4adfae4f8b444b9829bb767c8fffa5e05",
            "message": "Update UserGuide.adoc for generateInterviews",
            "insertions": 2,
            "deletions": 2
          }
        ]
      },
      {
        "insertions": 0,
        "deletions": 0,
        "date": "2019-03-20",
        "commitResults": []
      },
      {
        "insertions": 0,
        "deletions": 0,
        "date": "2019-03-21",
        "commitResults": []
      },
      {
        "insertions": 0,
        "deletions": 0,
        "date": "2019-03-22",
        "commitResults": []
      },
      {
        "insertions": 0,
        "deletions": 0,
        "date": "2019-03-23",
        "commitResults": []
      },
      {
        "insertions": 0,
        "deletions": 0,
        "date": "2019-03-24",
        "commitResults": []
      },
      {
        "insertions": 0,
        "deletions": 0,
        "date": "2019-03-25",
        "commitResults": []
      },
      {
        "insertions": 289,
        "deletions": 54,
        "date": "2019-03-26",
        "commitResults": [
          {
            "hash": "6840352427b6d961f67218e1882f2fab599b925e",
            "message": "Update Interviews",
            "insertions": 58,
            "deletions": 12
          },
          {
            "hash": "bc592314ee1dfb8e527a94d922be439c7454af50",
            "message": "Fix merge conflicts",
            "insertions": 3,
            "deletions": 10
          },
          {
            "hash": "544647dc54d8fe1c33846ec19367c22016ee97fc",
            "message": "Add InterviewsPresentException",
            "insertions": 7,
            "deletions": 0
          },
          {
            "hash": "49de76f8001b557ed61a319e486cd57a55bbbf24",
            "message": "Update GenerateInterviewsCommand",
            "insertions": 10,
            "deletions": 3
          },
          {
            "hash": "2d34424f55d39971f84afc3a4b856a69977f5f4d",
            "message": "Update InterviewsPresentException",
            "insertions": 5,
            "deletions": 6
          },
          {
            "hash": "818a6f5c624e43ea3b77a0ccb1ae7677d3efe0cd",
            "message": "Update Interviews",
            "insertions": 35,
            "deletions": 14
          },
          {
            "hash": "482323b241fbbb4005a04db94660c821eff5e1f8",
            "message": "Update ShowInterviews",
            "insertions": 7,
            "deletions": 3
          },
          {
            "hash": "06bf45f792c4a872dc25d21232e3ae438cef0ece",
            "message": "Add ClearInterviewsCommand",
            "insertions": 86,
            "deletions": 6
          },
          {
            "hash": "dd83c99d124409db8683047d6cbe4f1671a914b0",
            "message": "Add SetMaxInterviewsADayCommand",
            "insertions": 78,
            "deletions": 0
          }
        ]
      },
      {
        "insertions": 38,
        "deletions": 0,
        "date": "2019-03-27",
        "commitResults": [
          {
            "hash": "c693c60d4169732c21897c314fbc4f1e9dcbef38",
            "message": "Update Tests",
            "insertions": 38,
            "deletions": 0
          }
        ]
      },
      {
        "insertions": 0,
        "deletions": 0,
        "date": "2019-03-28",
        "commitResults": []
      },
      {
        "insertions": 0,
        "deletions": 0,
        "date": "2019-03-29",
        "commitResults": []
      },
      {
        "insertions": 0,
        "deletions": 0,
        "date": "2019-03-30",
        "commitResults": []
      },
      {
        "insertions": 309,
        "deletions": 18,
        "date": "2019-03-31",
        "commitResults": [
          {
            "hash": "d357ada67804ab2524058f833515ace1914f12c3",
            "message": "Add InterviewsTest",
            "insertions": 96,
            "deletions": 7
          },
          {
            "hash": "637edac6e7fe98be24932517933c69135f482280",
            "message": "Add SetBlockOutDatesCommand",
            "insertions": 49,
            "deletions": 0
          },
          {
            "hash": "bb3621f80bb07555f70ade0b457d99d42c2085d3",
            "message": "Add ClearInterviewsCommandTest",
            "insertions": 36,
            "deletions": 0
          },
          {
            "hash": "f5d84c076aca19910d6bee28591caafcd97eeba9",
            "message": "Update ShowInterviewsCommand",
            "insertions": 126,
            "deletions": 7
          },
          {
            "hash": "4db556dafbc5b4b5363f7d64ff0bc78c333d1cab",
            "message": "Update Interviews",
            "insertions": 2,
            "deletions": 4
          }
        ]
      },
      {
        "insertions": 0,
        "deletions": 0,
        "date": "2019-04-01",
        "commitResults": []
      },
      {
        "insertions": 441,
        "deletions": 157,
        "date": "2019-04-02",
        "commitResults": [
          {
            "hash": "b139c6acc62cbd6ec8896bdd063663162721aa95",
            "message": "Add setBlockOutDatesCommand and tests",
            "insertions": 208,
            "deletions": 44
          },
          {
            "hash": "656d947d79de5f4450f8f634e67b940635514c9e",
            "message": "Update CommandResult",
            "insertions": 5,
            "deletions": 0
          },
          {
            "hash": "9d7e586d242942ba588b1dcc202c3032b9ed3688",
            "message": "Fix checkstyle issues",
            "insertions": 36,
            "deletions": 6
          },
          {
            "hash": "b6ebc30c7e2651a3ff886cb958212c52d221123b",
            "message": "Fix checkstyle issues for test",
            "insertions": 6,
            "deletions": 3
          },
          {
            "hash": "6b16d6487025424c5814f3546f7a2ec5c4087140",
            "message": "Update InterviewsTest",
            "insertions": 23,
            "deletions": 6
          },
          {
            "hash": "55d8959d4cd2e6540f16f18591940c94ebbaf5b3",
            "message": "Add EOF for InterviewsWindow.fxml",
            "insertions": 1,
            "deletions": 1
          },
          {
            "hash": "0c7caea7297433a2f8172d50abb898e189fe3cfb",
            "message": "Update DeveloperGuide",
            "insertions": 72,
            "deletions": 14
          },
          {
            "hash": "037d50443b943c0aca049844cc05ef1f3fcd93f6",
            "message": "Update UserGuide",
            "insertions": 22,
            "deletions": 4
          },
          {
            "hash": "d38d2a76a10bc39a8587ea91f5aad64645aaf75f",
            "message": "Update PPP",
            "insertions": 62,
            "deletions": 72
          },
          {
            "hash": "5d6ec62db0830f314d80b9fe351da321d1f21a85",
            "message": "Update AboutUs.adoc",
            "insertions": 1,
            "deletions": 1
          },
          {
            "hash": "7f6e4e9b03c2025a979650266d8336f59bca29b0",
            "message": "Update PPP",
            "insertions": 1,
            "deletions": 1
          },
          {
            "hash": "32925c934104a306daf4463c17a34af05a0d6d3b",
            "message": "Update WeeSooJun.adoc",
            "insertions": 4,
            "deletions": 4
          },
          {
            "hash": "14faec8d2d2d7da47157eb4dc7d0b26081d55055",
            "message": "Update PPP",
            "insertions": 0,
            "deletions": 1
          }
        ]
      },
      {
        "insertions": 0,
        "deletions": 0,
        "date": "2019-04-03",
        "commitResults": []
      },
      {
        "insertions": 0,
        "deletions": 0,
        "date": "2019-04-04",
        "commitResults": []
      },
      {
        "insertions": 0,
        "deletions": 0,
        "date": "2019-04-05",
        "commitResults": []
      },
      {
        "insertions": 0,
        "deletions": 0,
        "date": "2019-04-06",
        "commitResults": []
      },
      {
        "insertions": 0,
        "deletions": 0,
        "date": "2019-04-07",
        "commitResults": []
      },
      {
        "insertions": 0,
        "deletions": 0,
        "date": "2019-04-08",
        "commitResults": []
      },
      {
        "insertions": 0,
        "deletions": 0,
        "date": "2019-04-09",
        "commitResults": []
      },
      {
        "insertions": 0,
        "deletions": 0,
        "date": "2019-04-10",
        "commitResults": []
      },
      {
        "insertions": 0,
        "deletions": 0,
        "date": "2019-04-11",
        "commitResults": []
      }
    ]
  },
  "authorFinalContributionMap": {
    "chiuyuhua": 4501,
    "COGnitiveAspian": 0,
    "DanielDSSim": 1703,
    "CaesarTY": 3784,
    "WeeSooJun": 1535
  },
  "authorContributionVariance": {
    "chiuyuhua": 120693.19,
    "COGnitiveAspian": 0.0,
    "DanielDSSim": 50370.04,
    "CaesarTY": 65941.61,
    "WeeSooJun": 16773.578
  },
  "authorDisplayNameMap": {
    "chiuyuhua": "CHI...HUA",
    "COGnitiveAspian": "ONG...UYI",
    "DanielDSSim": "DAN...SIM",
    "CaesarTY": "TEN...YUN",
    "WeeSooJun": "WEE...JUN"
  }
}
