{
  "authorDailyContributionsMap": {
    "itszp": [
      {
        "insertions": 0,
        "deletions": 0,
        "date": "2019-02-10",
        "commitResults": []
      },
      {
        "insertions": 0,
        "deletions": 0,
        "date": "2019-02-11",
        "commitResults": []
      },
      {
        "insertions": 0,
        "deletions": 0,
        "date": "2019-02-12",
        "commitResults": []
      },
      {
        "insertions": 0,
        "deletions": 0,
        "date": "2019-02-13",
        "commitResults": []
      },
      {
        "insertions": 0,
        "deletions": 0,
        "date": "2019-02-14",
        "commitResults": []
      },
      {
        "insertions": 0,
        "deletions": 0,
        "date": "2019-02-15",
        "commitResults": []
      },
      {
        "insertions": 0,
        "deletions": 0,
        "date": "2019-02-16",
        "commitResults": []
      },
      {
        "insertions": 0,
        "deletions": 0,
        "date": "2019-02-17",
        "commitResults": []
      },
      {
        "insertions": 0,
        "deletions": 0,
        "date": "2019-02-18",
        "commitResults": []
      },
      {
        "insertions": 0,
        "deletions": 0,
        "date": "2019-02-19",
        "commitResults": []
      },
      {
        "insertions": 0,
        "deletions": 0,
        "date": "2019-02-20",
        "commitResults": []
      },
      {
        "insertions": 0,
        "deletions": 0,
        "date": "2019-02-21",
        "commitResults": []
      },
      {
        "insertions": 0,
        "deletions": 0,
        "date": "2019-02-22",
        "commitResults": []
      },
      {
        "insertions": 0,
        "deletions": 0,
        "date": "2019-02-23",
        "commitResults": []
      },
      {
        "insertions": 0,
        "deletions": 0,
        "date": "2019-02-24",
        "commitResults": []
      },
      {
        "insertions": 0,
        "deletions": 0,
        "date": "2019-02-25",
        "commitResults": []
      },
      {
        "insertions": 0,
        "deletions": 0,
        "date": "2019-02-26",
        "commitResults": []
      },
      {
        "insertions": 0,
        "deletions": 0,
        "date": "2019-02-27",
        "commitResults": []
      },
      {
        "insertions": 0,
        "deletions": 0,
        "date": "2019-02-28",
        "commitResults": []
      },
      {
        "insertions": 0,
        "deletions": 0,
        "date": "2019-03-01",
        "commitResults": []
      },
      {
        "insertions": 0,
        "deletions": 0,
        "date": "2019-03-02",
        "commitResults": []
      },
      {
        "insertions": 0,
        "deletions": 0,
        "date": "2019-03-03",
        "commitResults": []
      },
      {
        "insertions": 0,
        "deletions": 0,
        "date": "2019-03-04",
        "commitResults": []
      },
      {
        "insertions": 100,
        "deletions": 18,
        "date": "2019-03-05",
        "commitResults": [
          {
            "hash": "ddce911baebb9f18a72e983b59d7ac1ea4db4c26",
            "message": "Implemented Open Function",
            "insertions": 87,
            "deletions": 0
          },
          {
            "hash": "d41e4c6d2bda2b9455eb45d52be150bbcd36ffe5",
            "message": "removed unused import",
            "insertions": 0,
            "deletions": 4
          },
          {
            "hash": "a75db68651c6e5dd6c8e654014188eb45eaa6106",
            "message": "fixed Import Command parsing messages and changed method name",
            "insertions": 11,
            "deletions": 11
          },
          {
            "hash": "7104a3658ed765f109cff332c387e537651c3bf2",
            "message": "remove unused import",
            "insertions": 1,
            "deletions": 2
          },
          {
            "hash": "e64be17732380e49b6e07a79d2d6f7525126b2d4",
            "message": "checkstyle edits",
            "insertions": 1,
            "deletions": 1
          }
        ]
      },
      {
        "insertions": 1,
        "deletions": 1,
        "date": "2019-03-06",
        "commitResults": [
          {
            "hash": "2378df12845d8d5822eee905e9b0d2e62f5592aa",
            "message": "bug edit",
            "insertions": 1,
            "deletions": 1
          }
        ]
      },
      {
        "insertions": 0,
        "deletions": 0,
        "date": "2019-03-07",
        "commitResults": []
      },
      {
        "insertions": 0,
        "deletions": 0,
        "date": "2019-03-08",
        "commitResults": []
      },
      {
        "insertions": 0,
        "deletions": 0,
        "date": "2019-03-09",
        "commitResults": []
      },
      {
        "insertions": 0,
        "deletions": 0,
        "date": "2019-03-10",
        "commitResults": []
      },
      {
        "insertions": 76,
        "deletions": 12,
        "date": "2019-03-11",
        "commitResults": [
          {
            "hash": "09d1fe70b12669de65e396d81c35c917d28b350b",
            "message": "edited user story",
            "insertions": 19,
            "deletions": 6
          },
          {
            "hash": "34f5abe2b50bcbf7a3054d801ee7af175ddf62fc",
            "message": "AddCommand V0.1. Requires parsing still",
            "insertions": 54,
            "deletions": 3
          },
          {
            "hash": "e28b86d315625f61f47651fc738c1ca1726e84e8",
            "message": "checkstyle edits",
            "insertions": 3,
            "deletions": 3
          }
        ]
      },
      {
        "insertions": 68,
        "deletions": 59,
        "date": "2019-03-12",
        "commitResults": [
          {
            "hash": "c8e318ed506cf36c4fee6718c5b6ec1267769f03",
            "message": "Added ListFiles Command. Added sample2.png for future testing.",
            "insertions": 39,
            "deletions": 39
          },
          {
            "hash": "b6ca599ad48fe266733d88bdbb4cd557c403eb25",
            "message": "checkstyle edit",
            "insertions": 1,
            "deletions": 1
          },
          {
            "hash": "e8d86403654d3378c8ccdab69871716a92d24507",
            "message": "change method name to avoid confusion",
            "insertions": 6,
            "deletions": 7
          },
          {
            "hash": "a544a371e78250c34294739699dd81537ebff585",
            "message": "checkstyle edit",
            "insertions": 1,
            "deletions": 1
          },
          {
            "hash": "81e041a9a7eb9dcc1bca8f59cfdac7756520229b",
            "message": "created constant for assets file path. Updated all usages",
            "insertions": 21,
            "deletions": 11
          }
        ]
      },
      {
        "insertions": 0,
        "deletions": 0,
        "date": "2019-03-13",
        "commitResults": []
      },
      {
        "insertions": 0,
        "deletions": 0,
        "date": "2019-03-14",
        "commitResults": []
      },
      {
        "insertions": 0,
        "deletions": 0,
        "date": "2019-03-15",
        "commitResults": []
      },
      {
        "insertions": 0,
        "deletions": 0,
        "date": "2019-03-16",
        "commitResults": []
      },
      {
        "insertions": 0,
        "deletions": 0,
        "date": "2019-03-17",
        "commitResults": []
      },
      {
        "insertions": 0,
        "deletions": 0,
        "date": "2019-03-18",
        "commitResults": []
      },
      {
        "insertions": 30,
        "deletions": 8,
        "date": "2019-03-19",
        "commitResults": [
          {
            "hash": "3f53d1424cdc7ad4305b9973dcd013db1a328302",
            "message": "updated open command",
            "insertions": 23,
            "deletions": 1
          },
          {
            "hash": "7aa648ed6ec795e8dc07db7c8f9fa221ee8b41b9",
            "message": "removed stray letter",
            "insertions": 1,
            "deletions": 1
          },
          {
            "hash": "c0bf748841e1adbacd62dc9ad58de8a320027569",
            "message": "removed stray letter",
            "insertions": 1,
            "deletions": 1
          },
          {
            "hash": "bf39f16adcfcdddad5df520c587b39cbfd45b749",
            "message": "rename tempImage to currentImage",
            "insertions": 5,
            "deletions": 5
          }
        ]
      },
      {
        "insertions": 165,
        "deletions": 43,
        "date": "2019-03-20",
        "commitResults": [
          {
            "hash": "d25ea531feb27750007625ea4787bed00359e689",
            "message": "Updated Open method",
            "insertions": 38,
            "deletions": 19
          },
          {
            "hash": "3264a17fc511df73bbaa4ad2e00319f3a121ea9a",
            "message": "Open Command Updated",
            "insertions": 7,
            "deletions": 12
          },
          {
            "hash": "50110f31587a060e0a35dc13166cbda7a1120681",
            "message": "checkstyle edits",
            "insertions": 2,
            "deletions": 1
          },
          {
            "hash": "4d16739977d074cb549e0c4362bec3a6f0af7b09",
            "message": "travis edits",
            "insertions": 4,
            "deletions": 5
          },
          {
            "hash": "3a101aaa3a0080637ea4565b1b4de308bb07231a",
            "message": "Save Function",
            "insertions": 113,
            "deletions": 4
          },
          {
            "hash": "ae6e7082731097d38fc277158c91f04d27e4c626",
            "message": "travis edit",
            "insertions": 1,
            "deletions": 1
          },
          {
            "hash": "fc0f70521c56911abf0f89e45d5ac6a5c50bd578",
            "message": "checkstyle edits",
            "insertions": 0,
            "deletions": 1
          }
        ]
      },
      {
        "insertions": 5,
        "deletions": 2,
        "date": "2019-03-21",
        "commitResults": [
          {
            "hash": "9204577bff2cce020de71a91329cf1192a09a5d9",
            "message": "Bug fix.",
            "insertions": 5,
            "deletions": 2
          }
        ]
      },
      {
        "insertions": 0,
        "deletions": 0,
        "date": "2019-03-22",
        "commitResults": []
      },
      {
        "insertions": 0,
        "deletions": 0,
        "date": "2019-03-23",
        "commitResults": []
      },
      {
        "insertions": 0,
        "deletions": 0,
        "date": "2019-03-24",
        "commitResults": []
      },
      {
        "insertions": 0,
        "deletions": 0,
        "date": "2019-03-25",
        "commitResults": []
      },
      {
        "insertions": 128,
        "deletions": 29,
        "date": "2019-03-26",
        "commitResults": [
          {
            "hash": "4d6617044da6d91d64d04817419d990898d71c59",
            "message": "refactored save command",
            "insertions": 51,
            "deletions": 8
          },
          {
            "hash": "e511eadc828d89aef9ab5901373206433528f89b",
            "message": "changed icon and title of app",
            "insertions": 20,
            "deletions": 13
          },
          {
            "hash": "4c9066e2b1eb784bc82c4fd7666dc8a9176ecbff",
            "message": "refactored save and listfiles",
            "insertions": 30,
            "deletions": 7
          },
          {
            "hash": "2403d7abd9f5c8817e58198cf3612ebc06439a73",
            "message": "checkstyle edits",
            "insertions": 27,
            "deletions": 1
          }
        ]
      },
      {
        "insertions": 34,
        "deletions": 50,
        "date": "2019-03-27",
        "commitResults": [
          {
            "hash": "62a8df92d29bcfb1748b5f6a421d5135d9442e3f",
            "message": "fixed bug in save",
            "insertions": 27,
            "deletions": 28
          },
          {
            "hash": "c97396e9f335589b83d278f8c747f8013ec79107",
            "message": "fix docs",
            "insertions": 4,
            "deletions": 4
          },
          {
            "hash": "ab12f0e348f7d16332ba9744cdfd478c0ade94ff",
            "message": "fix conflicts",
            "insertions": 2,
            "deletions": 10
          },
          {
            "hash": "ba5b0d6769368f617654618f7f7dc498c866e8ec",
            "message": "bug fix for save",
            "insertions": 0,
            "deletions": 7
          },
          {
            "hash": "2ed0000387a5801b692bc5c9e0bc90a7e86dd53c",
            "message": "typo",
            "insertions": 1,
            "deletions": 1
          }
        ]
      },
      {
        "insertions": 0,
        "deletions": 0,
        "date": "2019-03-28",
        "commitResults": []
      },
      {
        "insertions": 0,
        "deletions": 0,
        "date": "2019-03-29",
        "commitResults": []
      },
      {
        "insertions": 33,
        "deletions": 15,
        "date": "2019-03-30",
        "commitResults": [
          {
            "hash": "7a0b4c752f9ca31e9f5948b543b907c8ba097135",
            "message": "save bug fix",
            "insertions": 1,
            "deletions": 5
          },
          {
            "hash": "7a950b5f0f345280d0f7de3fb555fd77b829e11e",
            "message": "Save will not save originalImage as ori_img.png",
            "insertions": 16,
            "deletions": 4
          },
          {
            "hash": "c9eb387430c28e37b2cdb8c589511b1df5778dc9",
            "message": "Save will NOW save originalImage as ori_img.png",
            "insertions": 0,
            "deletions": 2
          },
          {
            "hash": "24db77c9931c529d1fb1ef7cb1ee86e375db1663",
            "message": "fixed Save",
            "insertions": 16,
            "deletions": 4
          }
        ]
      },
      {
        "insertions": 22,
        "deletions": 9,
        "date": "2019-03-31",
        "commitResults": [
          {
            "hash": "85aafe1d5d357d3a33f7d60a5f244538ec7b9467",
            "message": "fixed save command error message",
            "insertions": 4,
            "deletions": 3
          },
          {
            "hash": "5103e9be75f6e12c7bec795d573268a0c7fa6794",
            "message": "minor change to parsed messages",
            "insertions": 18,
            "deletions": 6
          }
        ]
      },
      {
        "insertions": 142,
        "deletions": 110,
        "date": "2019-04-01",
        "commitResults": [
          {
            "hash": "d89159ae9c80afd390638892f0e3934afa271dd2",
            "message": "shifted methods to album",
            "insertions": 74,
            "deletions": 56
          },
          {
            "hash": "2c08bae3cf1ab218a841ed5e2dc12f2fc92d2af5",
            "message": "changes",
            "insertions": 30,
            "deletions": 20
          },
          {
            "hash": "38690e27e246de7b4e230d8f9fdc5f65f7379131",
            "message": "fix ui",
            "insertions": 7,
            "deletions": 7
          },
          {
            "hash": "23316ceff92dad3e307c998efa03f157ab46612e",
            "message": "checkstyle",
            "insertions": 0,
            "deletions": 1
          },
          {
            "hash": "a4fe230e4166566e031e3ae38e1ff2440e004897",
            "message": "changed method",
            "insertions": 21,
            "deletions": 9
          },
          {
            "hash": "20fbd238114d627ed922212ad6fdcc4b64419f35",
            "message": "minor changes",
            "insertions": 5,
            "deletions": 3
          },
          {
            "hash": "9a1525917bed14d6d1542f8df2a69cf337b9446b",
            "message": "images",
            "insertions": 0,
            "deletions": 3
          },
          {
            "hash": "278565505d9fe4ff95f6cc25fbeb03a978119336",
            "message": "refactor",
            "insertions": 5,
            "deletions": 11
          }
        ]
      },
      {
        "insertions": 0,
        "deletions": 0,
        "date": "2019-04-02",
        "commitResults": []
      }
    ],
    "kayheen": [
      {
        "insertions": 0,
        "deletions": 0,
        "date": "2019-02-10",
        "commitResults": []
      },
      {
        "insertions": 0,
        "deletions": 0,
        "date": "2019-02-11",
        "commitResults": []
      },
      {
        "insertions": 0,
        "deletions": 0,
        "date": "2019-02-12",
        "commitResults": []
      },
      {
        "insertions": 0,
        "deletions": 0,
        "date": "2019-02-13",
        "commitResults": []
      },
      {
        "insertions": 0,
        "deletions": 0,
        "date": "2019-02-14",
        "commitResults": []
      },
      {
        "insertions": 0,
        "deletions": 0,
        "date": "2019-02-15",
        "commitResults": []
      },
      {
        "insertions": 0,
        "deletions": 0,
        "date": "2019-02-16",
        "commitResults": []
      },
      {
        "insertions": 0,
        "deletions": 0,
        "date": "2019-02-17",
        "commitResults": []
      },
      {
        "insertions": 0,
        "deletions": 0,
        "date": "2019-02-18",
        "commitResults": []
      },
      {
        "insertions": 0,
        "deletions": 0,
        "date": "2019-02-19",
        "commitResults": []
      },
      {
        "insertions": 0,
        "deletions": 0,
        "date": "2019-02-20",
        "commitResults": []
      },
      {
        "insertions": 0,
        "deletions": 0,
        "date": "2019-02-21",
        "commitResults": []
      },
      {
        "insertions": 0,
        "deletions": 0,
        "date": "2019-02-22",
        "commitResults": []
      },
      {
        "insertions": 0,
        "deletions": 0,
        "date": "2019-02-23",
        "commitResults": []
      },
      {
        "insertions": 0,
        "deletions": 0,
        "date": "2019-02-24",
        "commitResults": []
      },
      {
        "insertions": 27,
        "deletions": 26,
        "date": "2019-02-25",
        "commitResults": [
          {
            "hash": "888c3600024a7acd96538ad0112a8e75af4c2e16",
            "message": "Change names",
            "insertions": 6,
            "deletions": 6
          },
          {
            "hash": "b5a904efa0136746709867458b18df0da3a4c2a7",
            "message": "Add pictures",
            "insertions": 5,
            "deletions": 5
          },
          {
            "hash": "0d106d684a690869d8ba6d2a689043350b928f29",
            "message": "Change github link",
            "insertions": 5,
            "deletions": 5
          },
          {
            "hash": "a831d713b2974a7c9454af799d0bd5ee795b9338",
            "message": "Add responsibilities and roles",
            "insertions": 8,
            "deletions": 7
          },
          {
            "hash": "78042fedc69b0b81007131e267d25ebe6a1c5e2e",
            "message": "Add our group name",
            "insertions": 1,
            "deletions": 1
          },
          {
            "hash": "a86fcc51227381f391559561adac930698c10b09",
            "message": "Change links for Contact Us",
            "insertions": 2,
            "deletions": 2
          }
        ]
      },
      {
        "insertions": 0,
        "deletions": 0,
        "date": "2019-02-26",
        "commitResults": []
      },
      {
        "insertions": 0,
        "deletions": 0,
        "date": "2019-02-27",
        "commitResults": []
      },
      {
        "insertions": 0,
        "deletions": 0,
        "date": "2019-02-28",
        "commitResults": []
      },
      {
        "insertions": 0,
        "deletions": 0,
        "date": "2019-03-01",
        "commitResults": []
      },
      {
        "insertions": 0,
        "deletions": 0,
        "date": "2019-03-02",
        "commitResults": []
      },
      {
        "insertions": 10,
        "deletions": 10,
        "date": "2019-03-03",
        "commitResults": [
          {
            "hash": "99fab529f3222f0a85855c8deb0fa59d70ccd6d2",
            "message": "Change jpg to png for images",
            "insertions": 5,
            "deletions": 5
          },
          {
            "hash": "2f885d253d8b47f36bcd8b29522459b006d827ad",
            "message": "Add more roles for each person",
            "insertions": 5,
            "deletions": 5
          }
        ]
      },
      {
        "insertions": 0,
        "deletions": 0,
        "date": "2019-03-04",
        "commitResults": []
      },
      {
        "insertions": 223,
        "deletions": 12,
        "date": "2019-03-05",
        "commitResults": [
          {
            "hash": "7dd479005a09446166037f96ac00bfac94dbd621",
            "message": "add colours for tags",
            "insertions": 85,
            "deletions": 5
          },
          {
            "hash": "13d4774f6ff057efd3adeb5a9adaee049933ccba",
            "message": "Formatting changes`",
            "insertions": 6,
            "deletions": 2
          },
          {
            "hash": "15436bc447df31d155106b920b15fccc2865d8b6",
            "message": "Formatting changes",
            "insertions": 3,
            "deletions": 3
          },
          {
            "hash": "e946f8631953303bca30da2abb517074f9795030",
            "message": "Changes to message and addressbookparser",
            "insertions": 129,
            "deletions": 1
          },
          {
            "hash": "4c1c41c8ba0b5bc26ab45ba83a6bef90a10414f6",
            "message": "Fix checkstyle",
            "insertions": 0,
            "deletions": 1
          }
        ]
      },
      {
        "insertions": 0,
        "deletions": 0,
        "date": "2019-03-06",
        "commitResults": []
      },
      {
        "insertions": 0,
        "deletions": 0,
        "date": "2019-03-07",
        "commitResults": []
      },
      {
        "insertions": 0,
        "deletions": 0,
        "date": "2019-03-08",
        "commitResults": []
      },
      {
        "insertions": 0,
        "deletions": 0,
        "date": "2019-03-09",
        "commitResults": []
      },
      {
        "insertions": 0,
        "deletions": 0,
        "date": "2019-03-10",
        "commitResults": []
      },
      {
        "insertions": 0,
        "deletions": 0,
        "date": "2019-03-11",
        "commitResults": []
      },
      {
        "insertions": 0,
        "deletions": 0,
        "date": "2019-03-12",
        "commitResults": []
      },
      {
        "insertions": 0,
        "deletions": 0,
        "date": "2019-03-13",
        "commitResults": []
      },
      {
        "insertions": 0,
        "deletions": 0,
        "date": "2019-03-14",
        "commitResults": []
      },
      {
        "insertions": 0,
        "deletions": 0,
        "date": "2019-03-15",
        "commitResults": []
      },
      {
        "insertions": 43,
        "deletions": 12,
        "date": "2019-03-16",
        "commitResults": [
          {
            "hash": "4593715f70f36fe22361cd41423f00b0ded83daf",
            "message": "Add temp folder, change the filePath for saving images to temp folder, solve the rotation discolouration problem",
            "insertions": 42,
            "deletions": 12
          },
          {
            "hash": "d56377c1c6361035c3e8465e87445bc5bd4633c9",
            "message": "Delete unused files",
            "insertions": 1,
            "deletions": 0
          }
        ]
      },
      {
        "insertions": 0,
        "deletions": 0,
        "date": "2019-03-17",
        "commitResults": []
      },
      {
        "insertions": 172,
        "deletions": 6,
        "date": "2019-03-18",
        "commitResults": [
          {
            "hash": "4271c397a1c263e662db7c4f302352eff1b38cde",
            "message": "Add a crop command to the image editor.",
            "insertions": 165,
            "deletions": 5
          },
          {
            "hash": "049538ea2831f97ba7ee000b6b8f00a6d1158f6e",
            "message": "Resolve CheckStyle issues.",
            "insertions": 7,
            "deletions": 1
          }
        ]
      },
      {
        "insertions": 0,
        "deletions": 0,
        "date": "2019-03-19",
        "commitResults": []
      },
      {
        "insertions": 0,
        "deletions": 0,
        "date": "2019-03-20",
        "commitResults": []
      },
      {
        "insertions": 0,
        "deletions": 0,
        "date": "2019-03-21",
        "commitResults": []
      },
      {
        "insertions": 0,
        "deletions": 0,
        "date": "2019-03-22",
        "commitResults": []
      },
      {
        "insertions": 0,
        "deletions": 0,
        "date": "2019-03-23",
        "commitResults": []
      },
      {
        "insertions": 0,
        "deletions": 0,
        "date": "2019-03-24",
        "commitResults": []
      },
      {
        "insertions": 0,
        "deletions": 0,
        "date": "2019-03-25",
        "commitResults": []
      },
      {
        "insertions": 0,
        "deletions": 0,
        "date": "2019-03-26",
        "commitResults": []
      },
      {
        "insertions": 177,
        "deletions": 131,
        "date": "2019-03-27",
        "commitResults": [
          {
            "hash": "8d480e65599029ee920e6b74923213e1ee6ce7a4",
            "message": "Refactor Rotate and Crop for the new code structure.",
            "insertions": 65,
            "deletions": 130
          },
          {
            "hash": "c22656eda534d44edb41d94a75f73eea78b58e77",
            "message": "Add Resize Command.",
            "insertions": 111,
            "deletions": 0
          },
          {
            "hash": "60e8833013535848f3b864e9213674cb0e7021ca",
            "message": "Fix a syntax error.",
            "insertions": 1,
            "deletions": 1
          }
        ]
      },
      {
        "insertions": 0,
        "deletions": 0,
        "date": "2019-03-28",
        "commitResults": []
      },
      {
        "insertions": 0,
        "deletions": 0,
        "date": "2019-03-29",
        "commitResults": []
      },
      {
        "insertions": 0,
        "deletions": 0,
        "date": "2019-03-30",
        "commitResults": []
      },
      {
        "insertions": 0,
        "deletions": 0,
        "date": "2019-03-31",
        "commitResults": []
      },
      {
        "insertions": 0,
        "deletions": 0,
        "date": "2019-04-01",
        "commitResults": []
      },
      {
        "insertions": 0,
        "deletions": 0,
        "date": "2019-04-02",
        "commitResults": []
      }
    ],
    "carrein": [
      {
        "insertions": 0,
        "deletions": 0,
        "date": "2019-02-10",
        "commitResults": []
      },
      {
        "insertions": 0,
        "deletions": 0,
        "date": "2019-02-11",
        "commitResults": []
      },
      {
        "insertions": 0,
        "deletions": 0,
        "date": "2019-02-12",
        "commitResults": []
      },
      {
        "insertions": 0,
        "deletions": 0,
        "date": "2019-02-13",
        "commitResults": []
      },
      {
        "insertions": 0,
        "deletions": 0,
        "date": "2019-02-14",
        "commitResults": []
      },
      {
        "insertions": 0,
        "deletions": 0,
        "date": "2019-02-15",
        "commitResults": []
      },
      {
        "insertions": 0,
        "deletions": 0,
        "date": "2019-02-16",
        "commitResults": []
      },
      {
        "insertions": 0,
        "deletions": 0,
        "date": "2019-02-17",
        "commitResults": []
      },
      {
        "insertions": 0,
        "deletions": 0,
        "date": "2019-02-18",
        "commitResults": []
      },
      {
        "insertions": 0,
        "deletions": 0,
        "date": "2019-02-19",
        "commitResults": []
      },
      {
        "insertions": 0,
        "deletions": 0,
        "date": "2019-02-20",
        "commitResults": []
      },
      {
        "insertions": 0,
        "deletions": 0,
        "date": "2019-02-21",
        "commitResults": []
      },
      {
        "insertions": 0,
        "deletions": 0,
        "date": "2019-02-22",
        "commitResults": []
      },
      {
        "insertions": 0,
        "deletions": 0,
        "date": "2019-02-23",
        "commitResults": []
      },
      {
        "insertions": 0,
        "deletions": 0,
        "date": "2019-02-24",
        "commitResults": []
      },
      {
        "insertions": 12,
        "deletions": 12,
        "date": "2019-02-25",
        "commitResults": [
          {
            "hash": "ba88ea08f3f3a53907c12cfe88d89296ffcd2727",
            "message": "Update README.adoc",
            "insertions": 12,
            "deletions": 12
          }
        ]
      },
      {
        "insertions": 0,
        "deletions": 0,
        "date": "2019-02-26",
        "commitResults": []
      },
      {
        "insertions": 0,
        "deletions": 0,
        "date": "2019-02-27",
        "commitResults": []
      },
      {
        "insertions": 0,
        "deletions": 0,
        "date": "2019-02-28",
        "commitResults": []
      },
      {
        "insertions": 0,
        "deletions": 0,
        "date": "2019-03-01",
        "commitResults": []
      },
      {
        "insertions": 202,
        "deletions": 80,
        "date": "2019-03-02",
        "commitResults": [
          {
            "hash": "5ec80db7b4a0b3906e1c05d70c7e76be316dbbc4",
            "message": "Modify browser window to show image.",
            "insertions": 167,
            "deletions": 80
          },
          {
            "hash": "0c8f23fbf8cf9be75d7c14ac9bc740294e1556ea",
            "message": "Add import command.",
            "insertions": 35,
            "deletions": 0
          }
        ]
      },
      {
        "insertions": 172,
        "deletions": 43,
        "date": "2019-03-03",
        "commitResults": [
          {
            "hash": "65fe7f1b6aab03317b3ba335db7032a0de20cb70",
            "message": "Extend import command to show image on ImageView.",
            "insertions": 172,
            "deletions": 43
          }
        ]
      },
      {
        "insertions": 177,
        "deletions": 179,
        "date": "2019-03-04",
        "commitResults": [
          {
            "hash": "9bc9d83776505b762c1e206d8b5ce0318959e9ee",
            "message": "Update ImageVIew to preseve ratio/scaling.",
            "insertions": 61,
            "deletions": 4
          },
          {
            "hash": "f332bd2fb3ab26b10c21bb7e6277c5030b968e75",
            "message": "Comment out browser tests.",
            "insertions": 38,
            "deletions": 32
          },
          {
            "hash": "d3ccfb8e53763b550e80ad6d377bd43775b81df2",
            "message": "Fix indentation and unused imports.",
            "insertions": 40,
            "deletions": 114
          },
          {
            "hash": "da2bd85058be9fc982eb76b87ff995167079f1ee",
            "message": "Refactor lines.",
            "insertions": 4,
            "deletions": 0
          },
          {
            "hash": "0d80b2edd4082619ffb373540ebe06cd2476bb6b",
            "message": "Fix comment indentations.",
            "insertions": 33,
            "deletions": 28
          },
          {
            "hash": "4f86c78e8a690856fb441d521e239b75efa0c55d",
            "message": "Fix comment indentation.",
            "insertions": 1,
            "deletions": 1
          }
        ]
      },
      {
        "insertions": 0,
        "deletions": 0,
        "date": "2019-03-05",
        "commitResults": []
      },
      {
        "insertions": 0,
        "deletions": 0,
        "date": "2019-03-06",
        "commitResults": []
      },
      {
        "insertions": 0,
        "deletions": 0,
        "date": "2019-03-07",
        "commitResults": []
      },
      {
        "insertions": 0,
        "deletions": 0,
        "date": "2019-03-08",
        "commitResults": []
      },
      {
        "insertions": 0,
        "deletions": 0,
        "date": "2019-03-09",
        "commitResults": []
      },
      {
        "insertions": 0,
        "deletions": 0,
        "date": "2019-03-10",
        "commitResults": []
      },
      {
        "insertions": 0,
        "deletions": 0,
        "date": "2019-03-11",
        "commitResults": []
      },
      {
        "insertions": 0,
        "deletions": 0,
        "date": "2019-03-12",
        "commitResults": []
      },
      {
        "insertions": 0,
        "deletions": 0,
        "date": "2019-03-13",
        "commitResults": []
      },
      {
        "insertions": 0,
        "deletions": 0,
        "date": "2019-03-14",
        "commitResults": []
      },
      {
        "insertions": 0,
        "deletions": 0,
        "date": "2019-03-15",
        "commitResults": []
      },
      {
        "insertions": 0,
        "deletions": 0,
        "date": "2019-03-16",
        "commitResults": []
      },
      {
        "insertions": 0,
        "deletions": 0,
        "date": "2019-03-17",
        "commitResults": []
      },
      {
        "insertions": 0,
        "deletions": 0,
        "date": "2019-03-18",
        "commitResults": []
      },
      {
        "insertions": 26,
        "deletions": 2,
        "date": "2019-03-19",
        "commitResults": [
          {
            "hash": "bd7d4cdd415ea55eb512fcb02324c3e6c2e5c4ed",
            "message": "Update developer guide with Import command.",
            "insertions": 26,
            "deletions": 2
          }
        ]
      },
      {
        "insertions": 0,
        "deletions": 0,
        "date": "2019-03-20",
        "commitResults": []
      },
      {
        "insertions": 359,
        "deletions": 37,
        "date": "2019-03-21",
        "commitResults": [
          {
            "hash": "14aa84128d70213d898cc9b3706b77bc1054fd64",
            "message": "Add initPanel and informationPanel.",
            "insertions": 354,
            "deletions": 28
          },
          {
            "hash": "46414f5e6fad2d7e0ad564b51c22e0e717d093b8",
            "message": "Add additional text to InitPanel.",
            "insertions": 3,
            "deletions": 6
          },
          {
            "hash": "bf98e1a10bc940eb3deb1c638b80948395292844",
            "message": "Add author tags to respective files.",
            "insertions": 2,
            "deletions": 3
          }
        ]
      },
      {
        "insertions": 613,
        "deletions": 275,
        "date": "2019-03-22",
        "commitResults": [
          {
            "hash": "aeed65520e7673bd9037d2f76f2b73373a680b7a",
            "message": "Bake TabPane import cards.",
            "insertions": 211,
            "deletions": 48
          },
          {
            "hash": "625420ce21224b63809e2c7af60754ef9a4ad8b6",
            "message": "Wire PropertyChangeListener to TabPane. Add Album class.",
            "insertions": 105,
            "deletions": 58
          },
          {
            "hash": "299b49a0afd54bbf7806f1458b9d9dc89b4e8b94",
            "message": "Refactor ModelManager and add refresh method to update TabPane.",
            "insertions": 46,
            "deletions": 75
          },
          {
            "hash": "3fd227fbabf30d1cea1f78519f80e2215ba8f0be",
            "message": "Modularize Image class to Name, Height, Width classes.",
            "insertions": 237,
            "deletions": 64
          },
          {
            "hash": "a3d30dafe324b7a4b269e15e3f837213da0ee7f7",
            "message": "Add author tags.",
            "insertions": 14,
            "deletions": 30
          }
        ]
      },
      {
        "insertions": 32,
        "deletions": 3,
        "date": "2019-03-23",
        "commitResults": [
          {
            "hash": "d5cea9de9f947f525690be836e78c6430b1fe27f",
            "message": "Remove unused imports.",
            "insertions": 0,
            "deletions": 3
          },
          {
            "hash": "c7e1260f59f3305f98c0c920bd9e2a08d22bdc90",
            "message": "Add @Ignore for GUI test.",
            "insertions": 30,
            "deletions": 0
          },
          {
            "hash": "f70554bad4f017e4209ebb4bbcebe48e0dc188c5",
            "message": "Temporarily @Ignore clear command unit tests.",
            "insertions": 2,
            "deletions": 0
          }
        ]
      },
      {
        "insertions": 0,
        "deletions": 0,
        "date": "2019-03-24",
        "commitResults": []
      },
      {
        "insertions": 62,
        "deletions": 5,
        "date": "2019-03-25",
        "commitResults": [
          {
            "hash": "b278c3613c46c467f5f7bd70f2b2bd0648ca8616",
            "message": "Add tab command.",
            "insertions": 56,
            "deletions": 0
          },
          {
            "hash": "e85262462971a8ee1332f86f8386bbfd896032c1",
            "message": "Update descriptions for TabCommand.",
            "insertions": 2,
            "deletions": 5
          },
          {
            "hash": "8163f5dff9eb43ae7882a1406a4232cd65257211",
            "message": "Fix ModelStub test not implementing switchTab method.",
            "insertions": 4,
            "deletions": 0
          }
        ]
      },
      {
        "insertions": 17,
        "deletions": 2,
        "date": "2019-03-26",
        "commitResults": [
          {
            "hash": "6b8a6066c9c17783a563cf086694af4b2d1ed4ab",
            "message": "Fix for populating Album on application launch.",
            "insertions": 15,
            "deletions": 1
          },
          {
            "hash": "1481eb49e644d7523ddc3d7bd127dc5f36a362b6",
            "message": "Modify Album class.",
            "insertions": 2,
            "deletions": 1
          }
        ]
      },
      {
        "insertions": 6,
        "deletions": 14,
        "date": "2019-03-27",
        "commitResults": [
          {
            "hash": "c7fece87ae42b1ce43c1905a8413f99d70d2bced",
            "message": "Remove Album reference in ModelManager.",
            "insertions": 0,
            "deletions": 5
          },
          {
            "hash": "9d947477e907ea8314ea9c474a7a8d4d8368cebd",
            "message": "Remove Album references in LogicManager and MainApp.",
            "insertions": 3,
            "deletions": 5
          },
          {
            "hash": "c106418eca6c1a4c6b6a6f7ec781cde7ffbe2b5b",
            "message": "Fix test containing Album references.",
            "insertions": 3,
            "deletions": 3
          },
          {
            "hash": "a4773c601c673f2d3c541ea8a09479f927182c23",
            "message": "Fix unused imports.",
            "insertions": 0,
            "deletions": 1
          }
        ]
      },
      {
        "insertions": 140,
        "deletions": 97,
        "date": "2019-03-28",
        "commitResults": [
          {
            "hash": "dc2500df4ca68a33b651482c652c37666472e66d",
            "message": "Refactor Image class.",
            "insertions": 63,
            "deletions": 69
          },
          {
            "hash": "e704cc98cb2b4df23de716aef9656c294025c684",
            "message": "Add method to populate detail pane.",
            "insertions": 31,
            "deletions": 13
          },
          {
            "hash": "f7ac9ff696a4bf9185ed8268b772cb8f4920092f",
            "message": "Add test folder for import tests.",
            "insertions": 0,
            "deletions": 0
          },
          {
            "hash": "34fa36c8ee479b232a32d6f6107490f5e634a9b7",
            "message": "Fix manual testing of hidden and large images.",
            "insertions": 43,
            "deletions": 12
          },
          {
            "hash": "23a98be46dd42b02646cecaf2918bfb00aab43b2",
            "message": "Add tiff extension to name.",
            "insertions": 1,
            "deletions": 1
          },
          {
            "hash": "7c924ca1663347b2417a7656931c294f46ec1f58",
            "message": "Adjust MAX_FILE_SIZE and sample image file size.",
            "insertions": 1,
            "deletions": 1
          },
          {
            "hash": "1aa9088762c6adb83048689c37f4d37c71a84d09",
            "message": "Adjust MAX_FILE_SIZE and image sizes.",
            "insertions": 1,
            "deletions": 1
          }
        ]
      },
      {
        "insertions": 68,
        "deletions": 59,
        "date": "2019-03-29",
        "commitResults": [
          {
            "hash": "9e8b24e1fec94632ebb4b44ed4f3f35ea59bb9c4",
            "message": "Add thumbnail to imageCards.",
            "insertions": 68,
            "deletions": 59
          }
        ]
      },
      {
        "insertions": 222,
        "deletions": 112,
        "date": "2019-03-30",
        "commitResults": [
          {
            "hash": "6628a54dd71496fa6523c0179e23cdeaab2961d3",
            "message": "Add size attribute to Image. Remove sample images. Update ImageCard margins.",
            "insertions": 111,
            "deletions": 21
          },
          {
            "hash": "bd8f5ca3b43671c4476db3fd86de2cd2e99cabaa",
            "message": "Remove xmlns references to JavaFX 10.0.1 for FXML files.",
            "insertions": 4,
            "deletions": 4
          },
          {
            "hash": "e49e1410e35596aad4d480224215d0e4f0b2e844",
            "message": "Edit theme CSS to make EXIF listview more visible.",
            "insertions": 2,
            "deletions": 3
          },
          {
            "hash": "5def840049b88ca031b7ef857dc2e0d7f2e92946",
            "message": "Refactor fileType constructor in Image.",
            "insertions": 7,
            "deletions": 27
          },
          {
            "hash": "5b23e40af9b6dc91248d7721f1f780a5c3b870e3",
            "message": "Fix open and save errors.",
            "insertions": 98,
            "deletions": 57
          }
        ]
      },
      {
        "insertions": 265,
        "deletions": 200,
        "date": "2019-03-31",
        "commitResults": [
          {
            "hash": "b5d4f40ac67205f7279c39ef6609aee8d771818d",
            "message": "Remove new instance references to Album in Commands.",
            "insertions": 28,
            "deletions": 53
          },
          {
            "hash": "202c9956d3a9519fa8eaf27c0a933e9e2d258de6",
            "message": "Remove new instance references to Album in Command tests.",
            "insertions": 60,
            "deletions": 93
          },
          {
            "hash": "775b01dfc88b9217fb94cf8527d8b419f6c45088",
            "message": "Remove new instance references to Album in LogicManager.",
            "insertions": 0,
            "deletions": 3
          },
          {
            "hash": "e0cb58fab76a2ffa78aa4c04bbb57f31b29bc85c",
            "message": "Add placeholder file for assets folder. Refactor clear command to update informationPane.",
            "insertions": 41,
            "deletions": 11
          },
          {
            "hash": "727a4cecf98fba0ca2bdcf2c0fda0fe68988703a",
            "message": "Add alias for import command.",
            "insertions": 32,
            "deletions": 12
          },
          {
            "hash": "d1f92939120ba2f95151abb14cd96dfecd5559a9",
            "message": "Update initPanel prompt. Additional dev guide update on UI.",
            "insertions": 76,
            "deletions": 27
          },
          {
            "hash": "e52767eac3296e683eb633aa51da114ad423cdc9",
            "message": "Add placeholder file in temp folder on exit command for git to track folder.",
            "insertions": 27,
            "deletions": 0
          },
          {
            "hash": "86d7b82257ecfb4c302bbd0efbd4200f6fdaa829",
            "message": "Please pass Travis.",
            "insertions": 1,
            "deletions": 1
          }
        ]
      },
      {
        "insertions": 86,
        "deletions": 59,
        "date": "2019-04-01",
        "commitResults": [
          {
            "hash": "18b3c3a7c4cee3392c3b96f8a1dcd56bb55c67c4",
            "message": "Refactor Album class.",
            "insertions": 39,
            "deletions": 21
          },
          {
            "hash": "7150ea150b2263b89d94424c0d864bc32f513a57",
            "message": "Move methods out of model.",
            "insertions": 24,
            "deletions": 24
          },
          {
            "hash": "ee07b48091cea85088c332b80f09507842fd6378",
            "message": "Fix IOException when rewriting temp_img.",
            "insertions": 0,
            "deletions": 5
          },
          {
            "hash": "d5b14ab17578ba6754f99fc6792ca7073ebf0027",
            "message": "Add method to check if temp and assets folder exists.",
            "insertions": 15,
            "deletions": 1
          },
          {
            "hash": "43a1cbb1c9c5782631cf085dc047de7e1396570b",
            "message": "Pleasing Travis.",
            "insertions": 8,
            "deletions": 8
          }
        ]
      },
      {
        "insertions": 0,
        "deletions": 0,
        "date": "2019-04-02",
        "commitResults": []
      }
    ],
    "randytqw": [
      {
        "insertions": 0,
        "deletions": 0,
        "date": "2019-02-10",
        "commitResults": []
      },
      {
        "insertions": 0,
        "deletions": 0,
        "date": "2019-02-11",
        "commitResults": []
      },
      {
        "insertions": 0,
        "deletions": 0,
        "date": "2019-02-12",
        "commitResults": []
      },
      {
        "insertions": 0,
        "deletions": 0,
        "date": "2019-02-13",
        "commitResults": []
      },
      {
        "insertions": 0,
        "deletions": 0,
        "date": "2019-02-14",
        "commitResults": []
      },
      {
        "insertions": 0,
        "deletions": 0,
        "date": "2019-02-15",
        "commitResults": []
      },
      {
        "insertions": 0,
        "deletions": 0,
        "date": "2019-02-16",
        "commitResults": []
      },
      {
        "insertions": 0,
        "deletions": 0,
        "date": "2019-02-17",
        "commitResults": []
      },
      {
        "insertions": 0,
        "deletions": 0,
        "date": "2019-02-18",
        "commitResults": []
      },
      {
        "insertions": 0,
        "deletions": 0,
        "date": "2019-02-19",
        "commitResults": []
      },
      {
        "insertions": 0,
        "deletions": 0,
        "date": "2019-02-20",
        "commitResults": []
      },
      {
        "insertions": 0,
        "deletions": 0,
        "date": "2019-02-21",
        "commitResults": []
      },
      {
        "insertions": 0,
        "deletions": 0,
        "date": "2019-02-22",
        "commitResults": []
      },
      {
        "insertions": 0,
        "deletions": 0,
        "date": "2019-02-23",
        "commitResults": []
      },
      {
        "insertions": 0,
        "deletions": 0,
        "date": "2019-02-24",
        "commitResults": []
      },
      {
        "insertions": 0,
        "deletions": 0,
        "date": "2019-02-25",
        "commitResults": []
      },
      {
        "insertions": 0,
        "deletions": 0,
        "date": "2019-02-26",
        "commitResults": []
      },
      {
        "insertions": 0,
        "deletions": 0,
        "date": "2019-02-27",
        "commitResults": []
      },
      {
        "insertions": 0,
        "deletions": 0,
        "date": "2019-02-28",
        "commitResults": []
      },
      {
        "insertions": 0,
        "deletions": 0,
        "date": "2019-03-01",
        "commitResults": []
      },
      {
        "insertions": 0,
        "deletions": 0,
        "date": "2019-03-02",
        "commitResults": []
      },
      {
        "insertions": 0,
        "deletions": 0,
        "date": "2019-03-03",
        "commitResults": []
      },
      {
        "insertions": 0,
        "deletions": 0,
        "date": "2019-03-04",
        "commitResults": []
      },
      {
        "insertions": 27,
        "deletions": 1,
        "date": "2019-03-05",
        "commitResults": [
          {
            "hash": "23b456058c8c9b5fe299cf5d45c800e257f2246d",
            "message": "Clear empties asset folder",
            "insertions": 20,
            "deletions": 0
          },
          {
            "hash": "a13737299839a6594251fdaac447cd9eea2aa079",
            "message": "fix checkstyle`",
            "insertions": 2,
            "deletions": 1
          },
          {
            "hash": "b0e28648c0d38901f01e2041ba397e74864cbaf6",
            "message": "fixing Travis",
            "insertions": 5,
            "deletions": 0
          }
        ]
      },
      {
        "insertions": 0,
        "deletions": 0,
        "date": "2019-03-06",
        "commitResults": []
      },
      {
        "insertions": 0,
        "deletions": 0,
        "date": "2019-03-07",
        "commitResults": []
      },
      {
        "insertions": 0,
        "deletions": 0,
        "date": "2019-03-08",
        "commitResults": []
      },
      {
        "insertions": 0,
        "deletions": 0,
        "date": "2019-03-09",
        "commitResults": []
      },
      {
        "insertions": 0,
        "deletions": 0,
        "date": "2019-03-10",
        "commitResults": []
      },
      {
        "insertions": 0,
        "deletions": 0,
        "date": "2019-03-11",
        "commitResults": []
      },
      {
        "insertions": 0,
        "deletions": 0,
        "date": "2019-03-12",
        "commitResults": []
      },
      {
        "insertions": 0,
        "deletions": 0,
        "date": "2019-03-13",
        "commitResults": []
      },
      {
        "insertions": 0,
        "deletions": 0,
        "date": "2019-03-14",
        "commitResults": []
      },
      {
        "insertions": 0,
        "deletions": 0,
        "date": "2019-03-15",
        "commitResults": []
      },
      {
        "insertions": 0,
        "deletions": 0,
        "date": "2019-03-16",
        "commitResults": []
      },
      {
        "insertions": 12,
        "deletions": 2,
        "date": "2019-03-17",
        "commitResults": [
          {
            "hash": "57a8ae64e339bb41497033530580080b7cc4c780",
            "message": "add list to image class",
            "insertions": 12,
            "deletions": 2
          }
        ]
      },
      {
        "insertions": 139,
        "deletions": 20,
        "date": "2019-03-18",
        "commitResults": [
          {
            "hash": "99d3e93f07e0530df8d8862e8aadb4ec8dd9e848",
            "message": "Skeleton for UndoCommand",
            "insertions": 90,
            "deletions": 1
          },
          {
            "hash": "b7ac706b0ab23a4f5734bd425cd46f14cbd64859",
            "message": "Fix Checkstyle",
            "insertions": 32,
            "deletions": 13
          },
          {
            "hash": "2716d60be5d61039abf12f86cb5e2696ba2118e1",
            "message": "Travis stuff",
            "insertions": 10,
            "deletions": 0
          },
          {
            "hash": "547bd29b2f79ef4cd9264d3ac56f4655a0586488",
            "message": "Travis",
            "insertions": 7,
            "deletions": 6
          }
        ]
      },
      {
        "insertions": 24,
        "deletions": 17,
        "date": "2019-03-19",
        "commitResults": [
          {
            "hash": "dd298d069cc473e48fad6bf72bc88b37bd66cc68",
            "message": "Dev Guide for Undo Command",
            "insertions": 24,
            "deletions": 17
          }
        ]
      },
      {
        "insertions": 0,
        "deletions": 0,
        "date": "2019-03-20",
        "commitResults": []
      },
      {
        "insertions": 0,
        "deletions": 0,
        "date": "2019-03-21",
        "commitResults": []
      },
      {
        "insertions": 0,
        "deletions": 0,
        "date": "2019-03-22",
        "commitResults": []
      },
      {
        "insertions": 0,
        "deletions": 0,
        "date": "2019-03-23",
        "commitResults": []
      },
      {
        "insertions": 0,
        "deletions": 0,
        "date": "2019-03-24",
        "commitResults": []
      },
      {
        "insertions": 0,
        "deletions": 0,
        "date": "2019-03-25",
        "commitResults": []
      },
      {
        "insertions": 0,
        "deletions": 0,
        "date": "2019-03-26",
        "commitResults": []
      },
      {
        "insertions": 0,
        "deletions": 0,
        "date": "2019-03-27",
        "commitResults": []
      },
      {
        "insertions": 77,
        "deletions": 10,
        "date": "2019-03-28",
        "commitResults": [
          {
            "hash": "4e694b464178c67aee89f82fbb15c6e003552b82",
            "message": "add some stuff",
            "insertions": 77,
            "deletions": 10
          }
        ]
      },
      {
        "insertions": 0,
        "deletions": 0,
        "date": "2019-03-29",
        "commitResults": []
      },
      {
        "insertions": 119,
        "deletions": 55,
        "date": "2019-03-30",
        "commitResults": [
          {
            "hash": "63b699721b828a8c9050e12165b026fcfd50db06",
            "message": "finish undo/redo",
            "insertions": 106,
            "deletions": 51
          },
          {
            "hash": "fabc770fa1531f391f8fd54db0508d9d487c97fd",
            "message": "checkstyle",
            "insertions": 3,
            "deletions": 2
          },
          {
            "hash": "abf2fcb14b5d838bd98427966937138e2158a62a",
            "message": "ignore tests",
            "insertions": 4,
            "deletions": 0
          },
          {
            "hash": "35c5e447462065a8019efb17c0bef3ed8f183b07",
            "message": "more tests stuff",
            "insertions": 4,
            "deletions": 0
          },
          {
            "hash": "23a3da6f4619df2f9e696c01d536363a3523932b",
            "message": "bugfix",
            "insertions": 2,
            "deletions": 2
          }
        ]
      },
      {
        "insertions": 68,
        "deletions": 25,
        "date": "2019-03-31",
        "commitResults": [
          {
            "hash": "84d0e06b5e67286780d932007eb045bdce7d1dac",
            "message": "Dev guide and minor changes",
            "insertions": 68,
            "deletions": 25
          }
        ]
      },
      {
        "insertions": 0,
        "deletions": 0,
        "date": "2019-04-01",
        "commitResults": []
      },
      {
        "insertions": 284,
        "deletions": 116,
        "date": "2019-04-02",
        "commitResults": [
          {
            "hash": "2151dd3fb0048413deb75643103ec5aee0a59ff5",
            "message": "export and user dev guide",
            "insertions": 258,
            "deletions": 114
          },
          {
            "hash": "dc52f203db48fdfe4ca54726625ed12539bc16b9",
            "message": "fix travis",
            "insertions": 0,
            "deletions": 1
          },
          {
            "hash": "400046cdbd8d975ac021836ff9a46b1a8af3cb62",
            "message": "knn travis",
            "insertions": 26,
            "deletions": 1
          }
        ]
      }
    ],
    "thamsimun": [
      {
        "insertions": 0,
        "deletions": 0,
        "date": "2019-02-10",
        "commitResults": []
      },
      {
        "insertions": 0,
        "deletions": 0,
        "date": "2019-02-11",
        "commitResults": []
      },
      {
        "insertions": 0,
        "deletions": 0,
        "date": "2019-02-12",
        "commitResults": []
      },
      {
        "insertions": 0,
        "deletions": 0,
        "date": "2019-02-13",
        "commitResults": []
      },
      {
        "insertions": 0,
        "deletions": 0,
        "date": "2019-02-14",
        "commitResults": []
      },
      {
        "insertions": 0,
        "deletions": 0,
        "date": "2019-02-15",
        "commitResults": []
      },
      {
        "insertions": 0,
        "deletions": 0,
        "date": "2019-02-16",
        "commitResults": []
      },
      {
        "insertions": 0,
        "deletions": 0,
        "date": "2019-02-17",
        "commitResults": []
      },
      {
        "insertions": 0,
        "deletions": 0,
        "date": "2019-02-18",
        "commitResults": []
      },
      {
        "insertions": 0,
        "deletions": 0,
        "date": "2019-02-19",
        "commitResults": []
      },
      {
        "insertions": 0,
        "deletions": 0,
        "date": "2019-02-20",
        "commitResults": []
      },
      {
        "insertions": 0,
        "deletions": 0,
        "date": "2019-02-21",
        "commitResults": []
      },
      {
        "insertions": 0,
        "deletions": 0,
        "date": "2019-02-22",
        "commitResults": []
      },
      {
        "insertions": 0,
        "deletions": 0,
        "date": "2019-02-23",
        "commitResults": []
      },
      {
        "insertions": 0,
        "deletions": 0,
        "date": "2019-02-24",
        "commitResults": []
      },
      {
        "insertions": 100,
        "deletions": 165,
        "date": "2019-02-25",
        "commitResults": [
          {
            "hash": "0b59fbb8e0358b468cae814f38e0addf141905cf",
            "message": "Edit Userguide",
            "insertions": 98,
            "deletions": 163
          },
          {
            "hash": "b0c51c58e44247d1d537e504456456370cc79fde",
            "message": "Edit Userguide line 120",
            "insertions": 1,
            "deletions": 1
          },
          {
            "hash": "4ecd1d177242d398b32ce44326fd2423410a2784",
            "message": "Edit Userguide line 120",
            "insertions": 1,
            "deletions": 1
          }
        ]
      },
      {
        "insertions": 0,
        "deletions": 0,
        "date": "2019-02-26",
        "commitResults": []
      },
      {
        "insertions": 0,
        "deletions": 0,
        "date": "2019-02-27",
        "commitResults": []
      },
      {
        "insertions": 0,
        "deletions": 0,
        "date": "2019-02-28",
        "commitResults": []
      },
      {
        "insertions": 0,
        "deletions": 0,
        "date": "2019-03-01",
        "commitResults": []
      },
      {
        "insertions": 0,
        "deletions": 0,
        "date": "2019-03-02",
        "commitResults": []
      },
      {
        "insertions": 0,
        "deletions": 0,
        "date": "2019-03-03",
        "commitResults": []
      },
      {
        "insertions": 0,
        "deletions": 0,
        "date": "2019-03-04",
        "commitResults": []
      },
      {
        "insertions": 19,
        "deletions": 4,
        "date": "2019-03-05",
        "commitResults": [
          {
            "hash": "da8961c56004ba30f001a3e1917397ee7713730a",
            "message": "add new storage-component feature",
            "insertions": 16,
            "deletions": 1
          },
          {
            "hash": "34e5af95a422794452d4962d525e43d5e86497e9",
            "message": "settle travis build",
            "insertions": 2,
            "deletions": 1
          },
          {
            "hash": "43861f560be66078be1dc538fea0462bf3f4f029",
            "message": "solve travis build",
            "insertions": 1,
            "deletions": 2
          }
        ]
      },
      {
        "insertions": 0,
        "deletions": 0,
        "date": "2019-03-06",
        "commitResults": []
      },
      {
        "insertions": 0,
        "deletions": 0,
        "date": "2019-03-07",
        "commitResults": []
      },
      {
        "insertions": 0,
        "deletions": 0,
        "date": "2019-03-08",
        "commitResults": []
      },
      {
        "insertions": 0,
        "deletions": 0,
        "date": "2019-03-09",
        "commitResults": []
      },
      {
        "insertions": 0,
        "deletions": 0,
        "date": "2019-03-10",
        "commitResults": []
      },
      {
        "insertions": 0,
        "deletions": 0,
        "date": "2019-03-11",
        "commitResults": []
      },
      {
        "insertions": 132,
        "deletions": 18,
        "date": "2019-03-12",
        "commitResults": [
          {
            "hash": "8c1f5dc2b2f89f0545cc210f9e8f5b6e28f79fa4",
            "message": "Implement contrast command",
            "insertions": 132,
            "deletions": 18
          }
        ]
      },
      {
        "insertions": 69,
        "deletions": 50,
        "date": "2019-03-13",
        "commitResults": [
          {
            "hash": "0c4a3cd2838fc547b7b25278ce065d8373386a77",
            "message": "fix travis build",
            "insertions": 1,
            "deletions": 1
          },
          {
            "hash": "e11cdc3a2901d858383ca5a78d15c9a308625d02",
            "message": "fix travis error",
            "insertions": 1,
            "deletions": 2
          },
          {
            "hash": "cfff6e7faf5c6381075cd9d26e13e2d4de77a486",
            "message": "fix travis",
            "insertions": 2,
            "deletions": 9
          },
          {
            "hash": "1973d0cccc39469dbf1464978b3dea3f97a1338d",
            "message": "travis build",
            "insertions": 50,
            "deletions": 19
          },
          {
            "hash": "09000edabc013de21d7838027b1fcfb86366781f",
            "message": "travis fix",
            "insertions": 15,
            "deletions": 19
          }
        ]
      },
      {
        "insertions": 0,
        "deletions": 0,
        "date": "2019-03-14",
        "commitResults": []
      },
      {
        "insertions": 0,
        "deletions": 0,
        "date": "2019-03-15",
        "commitResults": []
      },
      {
        "insertions": 0,
        "deletions": 0,
        "date": "2019-03-16",
        "commitResults": []
      },
      {
        "insertions": 0,
        "deletions": 0,
        "date": "2019-03-17",
        "commitResults": []
      },
      {
        "insertions": 247,
        "deletions": 99,
        "date": "2019-03-18",
        "commitResults": [
          {
            "hash": "e62c1630987e1d6e91f26afdf281659e47bcc368",
            "message": "implement contrast command that accepts numerical value",
            "insertions": 47,
            "deletions": 26
          },
          {
            "hash": "22ef9b4229448eaa03759c50de3bd9f0e0f1c077",
            "message": "add messages",
            "insertions": 72,
            "deletions": 0
          },
          {
            "hash": "5c07ba979b5ba355fd2bcd76c03c5e75225c76de",
            "message": "implement brightness command and edit contrast command",
            "insertions": 115,
            "deletions": 68
          },
          {
            "hash": "e95d00df8362bf977449c937c5bf419d27b02570",
            "message": "fix failed travis build",
            "insertions": 2,
            "deletions": 2
          },
          {
            "hash": "9463c76f61a5c97176b3cd484bf52c3fcd74b12d",
            "message": "add format error message",
            "insertions": 11,
            "deletions": 2
          },
          {
            "hash": "9c5fdab123983ce55fc16f8a3cbd466259ff9ca8",
            "message": "solve travis fail",
            "insertions": 0,
            "deletions": 1
          }
        ]
      },
      {
        "insertions": 74,
        "deletions": 41,
        "date": "2019-03-19",
        "commitResults": [
          {
            "hash": "89e9f535e582fb8822460d35f4a126a23c2e3e99",
            "message": "Update DeveloperGuide.adoc",
            "insertions": 34,
            "deletions": 1
          },
          {
            "hash": "4752c632c0426e4565ed58a7f3e7ec63f4a4840b",
            "message": "Rewrite developer guide",
            "insertions": 0,
            "deletions": 35
          },
          {
            "hash": "3e853b10ac02561a91946994f4070c25377275e7",
            "message": "update developer guide",
            "insertions": 35,
            "deletions": 0
          },
          {
            "hash": "16381364369fe68d4925a496f518e76ceae4c2e4",
            "message": "fix travis",
            "insertions": 5,
            "deletions": 5
          }
        ]
      },
      {
        "insertions": 30,
        "deletions": 30,
        "date": "2019-03-20",
        "commitResults": [
          {
            "hash": "3a7aedb9fdce8478a8870f6b7111e77671fdf31a",
            "message": "update userguide",
            "insertions": 30,
            "deletions": 30
          }
        ]
      },
      {
        "insertions": 0,
        "deletions": 0,
        "date": "2019-03-21",
        "commitResults": []
      },
      {
        "insertions": 0,
        "deletions": 0,
        "date": "2019-03-22",
        "commitResults": []
      },
      {
        "insertions": 0,
        "deletions": 0,
        "date": "2019-03-23",
        "commitResults": []
      },
      {
        "insertions": 408,
        "deletions": 137,
        "date": "2019-03-24",
        "commitResults": [
          {
            "hash": "5a9f244405fdf15c61e6ba9e30fd8e52b6aa93a5",
            "message": "comment out certain code in contrast command",
            "insertions": 15,
            "deletions": 4
          },
          {
            "hash": "9826ffe0fe4a57497dcdcd5e997ca5ace9ebaa02",
            "message": "create currentEdit class to replace AddressBook4 modelManage class",
            "insertions": 179,
            "deletions": 38
          },
          {
            "hash": "417938840cb7378a738a3c47d7b9ba16639e30ae",
            "message": "fix travis",
            "insertions": 18,
            "deletions": 9
          },
          {
            "hash": "5597cde376787e5fee6dce87d90d4a44e11ee205",
            "message": "Refactor test cases due to new CurrentEdit and Album parameters in execute method in Command class",
            "insertions": 196,
            "deletions": 86
          }
        ]
      },
      {
        "insertions": 0,
        "deletions": 0,
        "date": "2019-03-25",
        "commitResults": []
      },
      {
        "insertions": 188,
        "deletions": 13,
        "date": "2019-03-26",
        "commitResults": [
          {
            "hash": "5adcd6fc2419dcdbdfa7e55c29f09e77f9f4958b",
            "message": "edit brightnessCommandParser",
            "insertions": 24,
            "deletions": 6
          },
          {
            "hash": "11c7a94ab64257939fd2807bbdb9449b90004ffb",
            "message": "edit contrastCommandParser",
            "insertions": 16,
            "deletions": 5
          },
          {
            "hash": "824991036ea5430ff0b2c928e2a65b70494c4bc6",
            "message": "create blackwhitecommand",
            "insertions": 67,
            "deletions": 1
          },
          {
            "hash": "e319cd227ff09f702d450f7e2c02742eec75c842",
            "message": "Implement BlackWhiteCommand in application",
            "insertions": 81,
            "deletions": 1
          }
        ]
      },
      {
        "insertions": 190,
        "deletions": 271,
        "date": "2019-03-27",
        "commitResults": [
          {
            "hash": "ed736e0a707f0e7ff74a2563d7f6106ef720a173",
            "message": "solve overloaded method in CurrentEditManager class",
            "insertions": 7,
            "deletions": 6
          },
          {
            "hash": "77fe77cc90e40f5968c564807b5aa694b8a542e3",
            "message": "delete unused imports",
            "insertions": 0,
            "deletions": 3
          },
          {
            "hash": "c399dfb2ef22d555a7b6d213ac678b7d344d39ed",
            "message": "Edit contrastCommand and contrastCommandParser to work on same temp image in temp folder",
            "insertions": 56,
            "deletions": 90
          },
          {
            "hash": "02c7af340d62f8d5709128e1f2c2f5d1e58fc32a",
            "message": "edit currenteditmanager class",
            "insertions": 1,
            "deletions": 1
          },
          {
            "hash": "8d91bf56ef2d93ec73f8ff23b0c0548048cc5e8f",
            "message": "fix travis",
            "insertions": 4,
            "deletions": 4
          },
          {
            "hash": "1612b8231225176d4b233b840c3a2b6113b9a317",
            "message": "fix travis",
            "insertions": 2,
            "deletions": 2
          },
          {
            "hash": "c8f466624584ca608ad4a88bc7f440ebb446792e",
            "message": "fix travis",
            "insertions": 0,
            "deletions": 1
          },
          {
            "hash": "3ee14ad7e1f1b4aa6d5b450f8b6c62b13c1e2c6f",
            "message": "edit brightnessCommand and brightnessCommandParser to edit on temp image",
            "insertions": 43,
            "deletions": 82
          },
          {
            "hash": "26c8a2d7d7a0cd162a39157f5eadc4782089cbb3",
            "message": "edit blackwhitecommand",
            "insertions": 57,
            "deletions": 74
          },
          {
            "hash": "fd53f9106631e40b4f8daae67893e1281963ac4b",
            "message": "fix logic in filter commands",
            "insertions": 20,
            "deletions": 8
          }
        ]
      },
      {
        "insertions": 0,
        "deletions": 0,
        "date": "2019-03-28",
        "commitResults": []
      },
      {
        "insertions": 0,
        "deletions": 0,
        "date": "2019-03-29",
        "commitResults": []
      },
      {
        "insertions": 57,
        "deletions": 29,
        "date": "2019-03-30",
        "commitResults": [
          {
            "hash": "45fccb27d990366ac4634884c2eff1c69fb1d0b4",
            "message": "edit developer guide",
            "insertions": 17,
            "deletions": 9
          },
          {
            "hash": "432a5f1aa5728265089987bb9e28abda6b2a305d",
            "message": "add logisequencediagram for import and rotate",
            "insertions": 4,
            "deletions": 2
          },
          {
            "hash": "914eafca05f13365fd611b9da2cb879a72189e95",
            "message": "add storage component in developer guide",
            "insertions": 13,
            "deletions": 11
          },
          {
            "hash": "90754a4d3779822522d96c0326acf5469d63030d",
            "message": "edit image filter feature in developer guide",
            "insertions": 20,
            "deletions": 4
          },
          {
            "hash": "5ab44e804e542246e7454dcca4169885ace2c4a7",
            "message": "solve travis",
            "insertions": 3,
            "deletions": 3
          }
        ]
      },
      {
        "insertions": 24,
        "deletions": 15,
        "date": "2019-03-31",
        "commitResults": [
          {
            "hash": "aa802458084ab6a48b33dc607f05664e2c0f5708",
            "message": "edit user guide",
            "insertions": 21,
            "deletions": 12
          },
          {
            "hash": "b2bcf87f5bdc8e9d9c9cb9058eaa99e0c4cb803f",
            "message": "Edit image filter command example format",
            "insertions": 2,
            "deletions": 2
          },
          {
            "hash": "57519962bf2fa208b38e8b1644f128be9d0808f8",
            "message": "fix travis",
            "insertions": 1,
            "deletions": 1
          }
        ]
      },
      {
        "insertions": 104,
        "deletions": 13,
        "date": "2019-04-01",
        "commitResults": [
          {
            "hash": "b1b084b2133f7f26268bc7e65adc7c6ea09dab88",
            "message": "edit image filters parsers",
            "insertions": 13,
            "deletions": 0
          },
          {
            "hash": "d0d799c38a8788d01febcaf3e0ffa1691e48f995",
            "message": "edit developer guide",
            "insertions": 5,
            "deletions": 5
          },
          {
            "hash": "31c64a0d8f456f1fd0b91b2f9076c407e7b18a23",
            "message": "Update DeveloperGuide.adoc",
            "insertions": 2,
            "deletions": 2
          },
          {
            "hash": "a609b162023ae0f4abdef57f8305cb1d6188bc60",
            "message": "Update DeveloperGuide.adoc",
            "insertions": 3,
            "deletions": 3
          },
          {
            "hash": "6a158d40f145adf529e34c8f887cca206fb3f06b",
            "message": "add thamsimun portfolio",
            "insertions": 68,
            "deletions": 0
          },
          {
            "hash": "2e640f8de4f1efcb7ae12bb5288b55eccee0cd00",
            "message": "edit developer guide for image filters to include operations used",
            "insertions": 12,
            "deletions": 2
          },
          {
            "hash": "f367507365592a0275b291d3de855dd34f0552db",
            "message": "fix travis",
            "insertions": 1,
            "deletions": 1
          }
        ]
      },
      {
        "insertions": 74,
        "deletions": 63,
        "date": "2019-04-02",
        "commitResults": [
          {
            "hash": "c1b84227f9b4af6742348dec0b0575c6a998c38a",
            "message": "Fix missing parts from developer guide",
            "insertions": 45,
            "deletions": 40
          },
          {
            "hash": "a0715867b2ef63b43ba702988599aad41907f70e",
            "message": "fix changes in dev guide",
            "insertions": 5,
            "deletions": 11
          },
          {
            "hash": "d1aff3e3bf470f79143b088498096df5bcf808a9",
            "message": "Fix travis by adding newline at EOF",
            "insertions": 3,
            "deletions": 1
          },
          {
            "hash": "8989f2eac438634e41a629e170bcb10cf727d902",
            "message": "Edit thamsimun project portfolio",
            "insertions": 19,
            "deletions": 9
          },
          {
            "hash": "f162ca8bcb7139379752e8dcca35824490f75c8c",
            "message": "fix travis",
            "insertions": 2,
            "deletions": 2
          }
        ]
      }
    ]
  },
  "authorFinalContributionMap": {
    "itszp": 529,
    "kayheen": 467,
    "carrein": 1665,
    "randytqw": 425,
    "thamsimun": 835
  },
  "authorContributionVariance": {
    "itszp": 2983.7515,
    "kayheen": 3348.9507,
    "carrein": 26389.69,
    "randytqw": 4141.515,
    "thamsimun": 13438.444
  },
  "authorDisplayNameMap": {
    "itszp": "TAY...ENG",
    "kayheen": "CHO...EEN",
    "carrein": "HO ...SON",
    "randytqw": "TAN...NDY",
    "thamsimun": "THA...MUN"
  }
}
