{
  "authorDailyContributionsMap": {
    "Valatheking": [
      {
        "insertions": 0,
        "deletions": 0,
        "date": "2019-02-10",
        "commitResults": []
      },
      {
        "insertions": 0,
        "deletions": 0,
        "date": "2019-02-11",
        "commitResults": []
      },
      {
        "insertions": 0,
        "deletions": 0,
        "date": "2019-02-12",
        "commitResults": []
      },
      {
        "insertions": 0,
        "deletions": 0,
        "date": "2019-02-13",
        "commitResults": []
      },
      {
        "insertions": 0,
        "deletions": 0,
        "date": "2019-02-14",
        "commitResults": []
      },
      {
        "insertions": 0,
        "deletions": 0,
        "date": "2019-02-15",
        "commitResults": []
      },
      {
        "insertions": 0,
        "deletions": 0,
        "date": "2019-02-16",
        "commitResults": []
      },
      {
        "insertions": 0,
        "deletions": 0,
        "date": "2019-02-17",
        "commitResults": []
      },
      {
        "insertions": 0,
        "deletions": 0,
        "date": "2019-02-18",
        "commitResults": []
      },
      {
        "insertions": 27,
        "deletions": 35,
        "date": "2019-02-19",
        "commitResults": [
          {
            "hash": "e0e9ac0492de642b7cc84ecbce047948075109f7",
            "message": "Updated Readme to reflect the new scheduler app",
            "insertions": 5,
            "deletions": 17
          },
          {
            "hash": "37533e56228cbbb86d3962f0f13d56c5319d3606",
            "message": "Updated valid phone numbers to allow plus sign infront and max 20 digits. Test cases updated as well",
            "insertions": 15,
            "deletions": 11
          },
          {
            "hash": "cd1301c8dc33fd636c7a87baecc24e002b06ee12",
            "message": "Updated Developer Guide",
            "insertions": 1,
            "deletions": 1
          },
          {
            "hash": "edec527a8d36c5bed9d617dc4d327ef7f43267a2",
            "message": "Edited for style check",
            "insertions": 6,
            "deletions": 6
          }
        ]
      },
      {
        "insertions": 0,
        "deletions": 0,
        "date": "2019-02-20",
        "commitResults": []
      },
      {
        "insertions": 0,
        "deletions": 0,
        "date": "2019-02-21",
        "commitResults": []
      },
      {
        "insertions": 0,
        "deletions": 0,
        "date": "2019-02-22",
        "commitResults": []
      },
      {
        "insertions": 0,
        "deletions": 0,
        "date": "2019-02-23",
        "commitResults": []
      },
      {
        "insertions": 0,
        "deletions": 0,
        "date": "2019-02-24",
        "commitResults": []
      },
      {
        "insertions": 0,
        "deletions": 0,
        "date": "2019-02-25",
        "commitResults": []
      },
      {
        "insertions": 0,
        "deletions": 0,
        "date": "2019-02-26",
        "commitResults": []
      },
      {
        "insertions": 0,
        "deletions": 0,
        "date": "2019-02-27",
        "commitResults": []
      },
      {
        "insertions": 0,
        "deletions": 0,
        "date": "2019-02-28",
        "commitResults": []
      },
      {
        "insertions": 370,
        "deletions": 66,
        "date": "2019-03-01",
        "commitResults": [
          {
            "hash": "847da567c0da3880296f067366de997a9d46061d",
            "message": "Added Unit and NRIC Classes",
            "insertions": 58,
            "deletions": 0
          },
          {
            "hash": "a25a1b457277988ced48fe9a44cad7d87f26d43a",
            "message": "Updated Unit, NRIC and Person classes to reflect the new changes",
            "insertions": 88,
            "deletions": 18
          },
          {
            "hash": "09821409c34de8fd408fbbaeb704a18ea7bec0cf",
            "message": "Updated Unit and NRIC classes",
            "insertions": 3,
            "deletions": 3
          },
          {
            "hash": "dae4c57326f4479083e7d6e252288364dec400f3",
            "message": "Updated NRIC Regex",
            "insertions": 2,
            "deletions": 2
          },
          {
            "hash": "ec3b542b7aa329502b8275c1154520fd449419f0",
            "message": "Updated files for add command to allow for NRIC and Unit",
            "insertions": 133,
            "deletions": 29
          },
          {
            "hash": "da7551e20494fac3f8b586dfa256880998dc1f35",
            "message": "Updated Edit command to allow for Unit and NRIC",
            "insertions": 43,
            "deletions": 2
          },
          {
            "hash": "338fd6893cd5a1d20c7d46428aa2065689e5ade9",
            "message": "Updated certain test cases to take into account Unit and NRIC",
            "insertions": 42,
            "deletions": 10
          },
          {
            "hash": "5146bd693a64754e4e10f5a9f46b7986ca805d5d",
            "message": "Tried changing unit parser",
            "insertions": 1,
            "deletions": 2
          }
        ]
      },
      {
        "insertions": 0,
        "deletions": 0,
        "date": "2019-03-02",
        "commitResults": []
      },
      {
        "insertions": 0,
        "deletions": 0,
        "date": "2019-03-03",
        "commitResults": []
      },
      {
        "insertions": 0,
        "deletions": 0,
        "date": "2019-03-04",
        "commitResults": []
      },
      {
        "insertions": 1,
        "deletions": 1,
        "date": "2019-03-05",
        "commitResults": [
          {
            "hash": "0e97c2caacb17d89455d502b2a2f59c25b441736",
            "message": "v1.1",
            "insertions": 1,
            "deletions": 1
          }
        ]
      },
      {
        "insertions": 0,
        "deletions": 0,
        "date": "2019-03-06",
        "commitResults": []
      },
      {
        "insertions": 0,
        "deletions": 0,
        "date": "2019-03-07",
        "commitResults": []
      },
      {
        "insertions": 0,
        "deletions": 0,
        "date": "2019-03-08",
        "commitResults": []
      },
      {
        "insertions": 0,
        "deletions": 0,
        "date": "2019-03-09",
        "commitResults": []
      },
      {
        "insertions": 0,
        "deletions": 0,
        "date": "2019-03-10",
        "commitResults": []
      },
      {
        "insertions": 0,
        "deletions": 0,
        "date": "2019-03-11",
        "commitResults": []
      },
      {
        "insertions": 0,
        "deletions": 0,
        "date": "2019-03-12",
        "commitResults": []
      },
      {
        "insertions": 0,
        "deletions": 0,
        "date": "2019-03-13",
        "commitResults": []
      },
      {
        "insertions": 0,
        "deletions": 0,
        "date": "2019-03-14",
        "commitResults": []
      },
      {
        "insertions": 0,
        "deletions": 0,
        "date": "2019-03-15",
        "commitResults": []
      },
      {
        "insertions": 0,
        "deletions": 0,
        "date": "2019-03-16",
        "commitResults": []
      },
      {
        "insertions": 0,
        "deletions": 0,
        "date": "2019-03-17",
        "commitResults": []
      },
      {
        "insertions": 0,
        "deletions": 0,
        "date": "2019-03-18",
        "commitResults": []
      },
      {
        "insertions": 329,
        "deletions": 279,
        "date": "2019-03-19",
        "commitResults": [
          {
            "hash": "a8b7a1db6d724a219b8b11e2bb7e15654674a1b8",
            "message": "Removed NRIC File with caps",
            "insertions": 0,
            "deletions": 56
          },
          {
            "hash": "971a0551d97f8ca2542e83fd538b0ca1f2c52b27",
            "message": "Removed Nric with no caps",
            "insertions": 0,
            "deletions": 52
          },
          {
            "hash": "dd834d896afab097507b38eb0ff75b9361b7053d",
            "message": "Added Nric File",
            "insertions": 52,
            "deletions": 0
          },
          {
            "hash": "aec76fdd3ec5e5c6829aad73957fbae60f02fc2a",
            "message": "Travis Edit",
            "insertions": 19,
            "deletions": 6
          },
          {
            "hash": "d794a63ea0ae90dd054f094f3d4bd185975f450d",
            "message": "Travis Edit",
            "insertions": 5,
            "deletions": 1
          },
          {
            "hash": "f79d9829c5187822ad7e81b3868abccc177689fa",
            "message": "Travis Edit",
            "insertions": 1,
            "deletions": 3
          },
          {
            "hash": "3a7846df20d538f0d04a727a00ffdb40781c9b19",
            "message": "Travis Edit",
            "insertions": 8,
            "deletions": 2
          },
          {
            "hash": "fac37376df99ee108bcc27791ca5e2ea045709d7",
            "message": "Travis Edit",
            "insertions": 3,
            "deletions": 1
          },
          {
            "hash": "34cec596753d1f18721d6250658fa7788bb15076",
            "message": "Travis Edit",
            "insertions": 1,
            "deletions": 1
          },
          {
            "hash": "a7332fbd2f4cfcae588e8f633994253ec572defc",
            "message": "Travis Edit",
            "insertions": 1,
            "deletions": 1
          },
          {
            "hash": "9b2dde122303db8513aefd46e0366cbc96b9b732",
            "message": "Travis Edit",
            "insertions": 1,
            "deletions": 1
          },
          {
            "hash": "b0328c8e6b9c5a4873d349f229eddab43efff938",
            "message": "Travis Edit",
            "insertions": 27,
            "deletions": 13
          },
          {
            "hash": "d8444779e49981923f810d1cace95248a75730bc",
            "message": "Travis Edit",
            "insertions": 3,
            "deletions": 1
          },
          {
            "hash": "4745284d9f3a55826eb386fee1f893ad4caed868",
            "message": "Travis Edit",
            "insertions": 2,
            "deletions": 2
          },
          {
            "hash": "9314ba9d47e8c9d6e1895ac66303ee524432f6ec",
            "message": "Travis Edit",
            "insertions": 1,
            "deletions": 1
          },
          {
            "hash": "37d368629c69cfae80f83004d401c329caf74120",
            "message": "Travis Edit added javadoc",
            "insertions": 3,
            "deletions": 1
          },
          {
            "hash": "2eda3a3c0156f5dd08de32700e1b91791fca19b2",
            "message": "Travis Edit",
            "insertions": 2,
            "deletions": 2
          },
          {
            "hash": "c0e53099a97d2a7c7952e668b68210f678e1cd41",
            "message": "Travis Edit",
            "insertions": 14,
            "deletions": 2
          },
          {
            "hash": "8b8717909830235b177fca2eedd2ee95dcf05872",
            "message": "Travis Edit",
            "insertions": 3,
            "deletions": 3
          },
          {
            "hash": "69150162511ebaf562557b753d293b46382a1963",
            "message": "Travis Edit",
            "insertions": 6,
            "deletions": 1
          },
          {
            "hash": "8df3416389beda65966cbe1ded00bf9028eb4a0e",
            "message": "Travis Edit",
            "insertions": 3,
            "deletions": 3
          },
          {
            "hash": "7cbd3f639324480909cb17216e975a67acf11f8f",
            "message": "Travis edit",
            "insertions": 0,
            "deletions": 1
          },
          {
            "hash": "9d467ec38101fb65c927fc8c92bf0aadc7f8fe04",
            "message": "Travis Edit",
            "insertions": 2,
            "deletions": 1
          },
          {
            "hash": "dc72523ec72a7880ef33c9c61a5a65ea0d199105",
            "message": "Travis edit",
            "insertions": 2,
            "deletions": 1
          },
          {
            "hash": "3fca5b8a06bb55dbc4a0b579fdb68189d7e08902",
            "message": "Travis Edit added javadoc",
            "insertions": 11,
            "deletions": 2
          },
          {
            "hash": "68785b40ff7f24a7dbb983d1519d8c20e741f499",
            "message": "Travis Edit added javadoc",
            "insertions": 13,
            "deletions": 9
          },
          {
            "hash": "adc5907a99e8a47d8250e55eaf909fb65d9e130b",
            "message": "Travis Edit added javadoc",
            "insertions": 6,
            "deletions": 0
          },
          {
            "hash": "7ee993e3ac9809ad2a0c84702d8f4b9a32d53a9a",
            "message": "Travis Edit",
            "insertions": 43,
            "deletions": 31
          },
          {
            "hash": "20a1d5f2943712f04ff40abe7b9dfe09496abe15",
            "message": "Travis Edit",
            "insertions": 12,
            "deletions": 4
          },
          {
            "hash": "db774fa1d439af81160f309cbd629f92d1123f4e",
            "message": "Travis Edit",
            "insertions": 1,
            "deletions": 3
          },
          {
            "hash": "d8eee962589733501f5aa0ca031a5c6d2ff6d970",
            "message": "Travis Edit",
            "insertions": 3,
            "deletions": 3
          },
          {
            "hash": "c1f8c4f9a0a63476eb3a8e5dde8ac7e0774fb859",
            "message": "Travis Edit",
            "insertions": 2,
            "deletions": 1
          },
          {
            "hash": "7fd00354ab71c8552b5ac42de77fe33a390d1819",
            "message": "Travis Edit",
            "insertions": 2,
            "deletions": 1
          },
          {
            "hash": "ac8332db61dbe01dedc38409d22d30f9b4635a5b",
            "message": "Travis Edit added javadoc",
            "insertions": 9,
            "deletions": 7
          },
          {
            "hash": "fb4d70d978f743e6c3ed346b5f3966ba79045376",
            "message": "Travis Edit added javadoc",
            "insertions": 7,
            "deletions": 2
          },
          {
            "hash": "5ba45477a2e3a0308f8aca5de76c190bd414ffd0",
            "message": "Travis Edit",
            "insertions": 8,
            "deletions": 8
          },
          {
            "hash": "87ec55be9b03db16b474d16fce748ae751dbcfd2",
            "message": "Travis Edit",
            "insertions": 2,
            "deletions": 2
          },
          {
            "hash": "a9d5aa32fc8feaac6053e26f546b205ca87d145d",
            "message": "Travis Edit",
            "insertions": 4,
            "deletions": 4
          },
          {
            "hash": "a8159b0a7c68c52186c2c1b0188e7ffb6222f543",
            "message": "Travis Edit",
            "insertions": 1,
            "deletions": 1
          },
          {
            "hash": "08e07c52164ef638982ced958a41eaa4bfac7db0",
            "message": "Travis Edit",
            "insertions": 1,
            "deletions": 2
          },
          {
            "hash": "533e020a252907270394b618f6d6b256b6062e52",
            "message": "Travis Edit",
            "insertions": 12,
            "deletions": 11
          },
          {
            "hash": "10771e18de5fe5c0f9251c2f2a8e8120b361ba91",
            "message": "Travis Edit",
            "insertions": 3,
            "deletions": 1
          },
          {
            "hash": "31388b88bfc52a054857436c3f368decbfcdc977",
            "message": "Travis Edit",
            "insertions": 3,
            "deletions": 3
          },
          {
            "hash": "500b9a386ee08c3fcbc938125674729b5412d66e",
            "message": "Travis Edit",
            "insertions": 2,
            "deletions": 3
          },
          {
            "hash": "678a3b8df65db64e9e37ccdbadaa20b96184ce7b",
            "message": "Travis Edit",
            "insertions": 19,
            "deletions": 19
          },
          {
            "hash": "0e2ef51bc4524ef399bf71aed5021469526e7820",
            "message": "Travis Edit",
            "insertions": 2,
            "deletions": 2
          },
          {
            "hash": "050e3f0d0e8b0f3cae7814106e96208a5a216dc7",
            "message": "Travis Edit",
            "insertions": 1,
            "deletions": 1
          },
          {
            "hash": "9e3a3f3526e25bd70cd7d6533b06337425500268",
            "message": "Travis Edit",
            "insertions": 1,
            "deletions": 1
          },
          {
            "hash": "131f9b2a3d76838c48a14a75c7513d5e557aa316",
            "message": "Update README.adoc",
            "insertions": 1,
            "deletions": 1
          },
          {
            "hash": "8d0c8f724f4e783b02d2af6527d2bdc25aea2e2f",
            "message": "Updated developer guide to reflect changes made",
            "insertions": 1,
            "deletions": 1
          }
        ]
      },
      {
        "insertions": 177,
        "deletions": 110,
        "date": "2019-03-20",
        "commitResults": [
          {
            "hash": "379d0691b77e8cb21d75fe6da1267e151aa2cb35",
            "message": "Travis Edit",
            "insertions": 14,
            "deletions": 10
          },
          {
            "hash": "483c7e2ff8d783bde46de74112a351decf656bcd",
            "message": "Travis Edit",
            "insertions": 0,
            "deletions": 3
          },
          {
            "hash": "bdc86cb60b15343be518ea798abbc76129bc1d72",
            "message": "Travis Edit",
            "insertions": 84,
            "deletions": 48
          },
          {
            "hash": "ef1d399429246e88cf4080c7c86036a3157410c1",
            "message": "Travis Edit",
            "insertions": 50,
            "deletions": 31
          },
          {
            "hash": "1c1e2f07719db0809fc945d6b2abf57142baf0e2",
            "message": "Travis Edit",
            "insertions": 16,
            "deletions": 15
          },
          {
            "hash": "61334571ec24cd99365fc3a143826517da7d432b",
            "message": "Travis Edit",
            "insertions": 5,
            "deletions": 0
          },
          {
            "hash": "6e01c78ab7b30cf46546ad85a3f19a274a03ffb2",
            "message": "Travis Edit",
            "insertions": 0,
            "deletions": 1
          },
          {
            "hash": "9e84d96c70f393740760fb7a10383232cb06730d",
            "message": "Created additional constructor for testing",
            "insertions": 6,
            "deletions": 0
          },
          {
            "hash": "40bf0f7a2a70768d7ab1fb0464e60862641fd34f",
            "message": "Travis Edit",
            "insertions": 2,
            "deletions": 2
          }
        ]
      }
    ],
    "yjpan47": [
      {
        "insertions": 0,
        "deletions": 0,
        "date": "2019-02-10",
        "commitResults": []
      },
      {
        "insertions": 0,
        "deletions": 0,
        "date": "2019-02-11",
        "commitResults": []
      },
      {
        "insertions": 0,
        "deletions": 0,
        "date": "2019-02-12",
        "commitResults": []
      },
      {
        "insertions": 0,
        "deletions": 0,
        "date": "2019-02-13",
        "commitResults": []
      },
      {
        "insertions": 0,
        "deletions": 0,
        "date": "2019-02-14",
        "commitResults": []
      },
      {
        "insertions": 0,
        "deletions": 0,
        "date": "2019-02-15",
        "commitResults": []
      },
      {
        "insertions": 0,
        "deletions": 0,
        "date": "2019-02-16",
        "commitResults": []
      },
      {
        "insertions": 0,
        "deletions": 0,
        "date": "2019-02-17",
        "commitResults": []
      },
      {
        "insertions": 0,
        "deletions": 0,
        "date": "2019-02-18",
        "commitResults": []
      },
      {
        "insertions": 0,
        "deletions": 0,
        "date": "2019-02-19",
        "commitResults": []
      },
      {
        "insertions": 0,
        "deletions": 0,
        "date": "2019-02-20",
        "commitResults": []
      },
      {
        "insertions": 0,
        "deletions": 0,
        "date": "2019-02-21",
        "commitResults": []
      },
      {
        "insertions": 0,
        "deletions": 0,
        "date": "2019-02-22",
        "commitResults": []
      },
      {
        "insertions": 0,
        "deletions": 0,
        "date": "2019-02-23",
        "commitResults": []
      },
      {
        "insertions": 0,
        "deletions": 0,
        "date": "2019-02-24",
        "commitResults": []
      },
      {
        "insertions": 0,
        "deletions": 0,
        "date": "2019-02-25",
        "commitResults": []
      },
      {
        "insertions": 0,
        "deletions": 0,
        "date": "2019-02-26",
        "commitResults": []
      },
      {
        "insertions": 0,
        "deletions": 0,
        "date": "2019-02-27",
        "commitResults": []
      },
      {
        "insertions": 0,
        "deletions": 0,
        "date": "2019-02-28",
        "commitResults": []
      },
      {
        "insertions": 0,
        "deletions": 0,
        "date": "2019-03-01",
        "commitResults": []
      },
      {
        "insertions": 0,
        "deletions": 0,
        "date": "2019-03-02",
        "commitResults": []
      },
      {
        "insertions": 0,
        "deletions": 0,
        "date": "2019-03-03",
        "commitResults": []
      },
      {
        "insertions": 0,
        "deletions": 0,
        "date": "2019-03-04",
        "commitResults": []
      },
      {
        "insertions": 0,
        "deletions": 0,
        "date": "2019-03-05",
        "commitResults": []
      },
      {
        "insertions": 0,
        "deletions": 0,
        "date": "2019-03-06",
        "commitResults": []
      },
      {
        "insertions": 0,
        "deletions": 0,
        "date": "2019-03-07",
        "commitResults": []
      },
      {
        "insertions": 0,
        "deletions": 0,
        "date": "2019-03-08",
        "commitResults": []
      },
      {
        "insertions": 0,
        "deletions": 0,
        "date": "2019-03-09",
        "commitResults": []
      },
      {
        "insertions": 0,
        "deletions": 0,
        "date": "2019-03-10",
        "commitResults": []
      },
      {
        "insertions": 0,
        "deletions": 0,
        "date": "2019-03-11",
        "commitResults": []
      },
      {
        "insertions": 0,
        "deletions": 0,
        "date": "2019-03-12",
        "commitResults": []
      },
      {
        "insertions": 0,
        "deletions": 0,
        "date": "2019-03-13",
        "commitResults": []
      },
      {
        "insertions": 0,
        "deletions": 0,
        "date": "2019-03-14",
        "commitResults": []
      },
      {
        "insertions": 0,
        "deletions": 0,
        "date": "2019-03-15",
        "commitResults": []
      },
      {
        "insertions": 0,
        "deletions": 0,
        "date": "2019-03-16",
        "commitResults": []
      },
      {
        "insertions": 0,
        "deletions": 0,
        "date": "2019-03-17",
        "commitResults": []
      },
      {
        "insertions": 0,
        "deletions": 0,
        "date": "2019-03-18",
        "commitResults": []
      },
      {
        "insertions": 47,
        "deletions": 47,
        "date": "2019-03-19",
        "commitResults": [
          {
            "hash": "889dcf4b51de4d3c620a9e1d7eac2654769f4bdc",
            "message": "Updated Tests",
            "insertions": 2,
            "deletions": 37
          },
          {
            "hash": "b9bc2d9581cc1b6086116294cce4c2b8e5aa1fa8",
            "message": "Updated Developer Guide",
            "insertions": 2,
            "deletions": 0
          },
          {
            "hash": "26aafb62bb042e07bda1826833dbfbaa4a490e35",
            "message": "Remove Duty List from Person",
            "insertions": 30,
            "deletions": 9
          },
          {
            "hash": "97e54df3029ef717f28cdf25cf3fbf2efe90f4d5",
            "message": "Updated developer guide: duty algorithms",
            "insertions": 13,
            "deletions": 1
          }
        ]
      },
      {
        "insertions": 418,
        "deletions": 191,
        "date": "2019-03-20",
        "commitResults": [
          {
            "hash": "d137d9cee58b02916a33cdcb556680225614d5cf",
            "message": "Implemented the Algorithm, Updated DutyMonth and Duty classes",
            "insertions": 311,
            "deletions": 100
          },
          {
            "hash": "7543d92139b20a5ebb400b00781e8d0e1566309d",
            "message": "Updated DutyCalendar",
            "insertions": 5,
            "deletions": 4
          },
          {
            "hash": "6895e178d6f3f958dd5fcbd008004a160e5a97fc",
            "message": "Updated parameters of DutyCalendar",
            "insertions": 1,
            "deletions": 3
          },
          {
            "hash": "293358e452da82fd08bc3a70c574880604218446",
            "message": "Updated some formatting for test",
            "insertions": 24,
            "deletions": 52
          },
          {
            "hash": "34977fc4cb4a7c84899e858ec410f8e30841c732",
            "message": "Edited minor details",
            "insertions": 30,
            "deletions": 7
          },
          {
            "hash": "2018f4a9dee9afa3cedfe500c2451794711b384d",
            "message": "Edits for CI test",
            "insertions": 41,
            "deletions": 21
          },
          {
            "hash": "cd0f87c10a9c394c9f4178d66cdb0f13e3bc7fb0",
            "message": "Even moe attempts to pass the tests",
            "insertions": 2,
            "deletions": 4
          },
          {
            "hash": "bb8d47c50389218aee5164fab69d638ef21dd374",
            "message": "Created an additonal constructor for dutyMonth",
            "insertions": 4,
            "deletions": 0
          }
        ]
      }
    ],
    "dreampursuer95": [
      {
        "insertions": 4,
        "deletions": 4,
        "date": "2019-02-10",
        "commitResults": [
          {
            "hash": "0f6fbe304c71c2c76307278021a50b55e945890b",
            "message": "Travis Test",
            "insertions": 2,
            "deletions": 0
          },
          {
            "hash": "9d67d168a16ddcf8b53ae04468c1415c154c7f8d",
            "message": "Auto publish test",
            "insertions": 2,
            "deletions": 1
          },
          {
            "hash": "2e077cefdbcb84d20c9bd66f43860be8d5529c6f",
            "message": "deleting Test",
            "insertions": 0,
            "deletions": 3
          }
        ]
      },
      {
        "insertions": 0,
        "deletions": 0,
        "date": "2019-02-11",
        "commitResults": []
      },
      {
        "insertions": 0,
        "deletions": 0,
        "date": "2019-02-12",
        "commitResults": []
      },
      {
        "insertions": 0,
        "deletions": 0,
        "date": "2019-02-13",
        "commitResults": []
      },
      {
        "insertions": 0,
        "deletions": 0,
        "date": "2019-02-14",
        "commitResults": []
      },
      {
        "insertions": 0,
        "deletions": 0,
        "date": "2019-02-15",
        "commitResults": []
      },
      {
        "insertions": 0,
        "deletions": 0,
        "date": "2019-02-16",
        "commitResults": []
      },
      {
        "insertions": 0,
        "deletions": 0,
        "date": "2019-02-17",
        "commitResults": []
      },
      {
        "insertions": 0,
        "deletions": 0,
        "date": "2019-02-18",
        "commitResults": []
      },
      {
        "insertions": 10,
        "deletions": 6,
        "date": "2019-02-19",
        "commitResults": [
          {
            "hash": "178462af497feabbd75a71e76e7dcf541de46ddc",
            "message": "pull request test",
            "insertions": 1,
            "deletions": 0
          },
          {
            "hash": "81b5320d0d185860df2109430774ec1cd01a44a5",
            "message": "Pull request test 2",
            "insertions": 1,
            "deletions": 0
          },
          {
            "hash": "0f45876641e4af60d874285458cd3da3b1ea53ec",
            "message": "Pull request test 3",
            "insertions": 1,
            "deletions": 0
          },
          {
            "hash": "bd4691743bac309a9c849699f5b9b59de4a7ecbd",
            "message": "Edited Developer Guide",
            "insertions": 1,
            "deletions": 1
          },
          {
            "hash": "5e1f22deb7f2e5f1dceb958c9d6b200fb6aba835",
            "message": "travis",
            "insertions": 2,
            "deletions": 1
          },
          {
            "hash": "e297156ed7ce191629f2c0e090e0b1c03fed83cb",
            "message": "Travis again",
            "insertions": 2,
            "deletions": 2
          },
          {
            "hash": "929251e0af7abb8285b96fe4b3640b4168aa2dbd",
            "message": "Travis again again",
            "insertions": 2,
            "deletions": 2
          }
        ]
      },
      {
        "insertions": 0,
        "deletions": 0,
        "date": "2019-02-20",
        "commitResults": []
      },
      {
        "insertions": 0,
        "deletions": 0,
        "date": "2019-02-21",
        "commitResults": []
      },
      {
        "insertions": 0,
        "deletions": 0,
        "date": "2019-02-22",
        "commitResults": []
      },
      {
        "insertions": 0,
        "deletions": 0,
        "date": "2019-02-23",
        "commitResults": []
      },
      {
        "insertions": 0,
        "deletions": 0,
        "date": "2019-02-24",
        "commitResults": []
      },
      {
        "insertions": 0,
        "deletions": 0,
        "date": "2019-02-25",
        "commitResults": []
      },
      {
        "insertions": 0,
        "deletions": 0,
        "date": "2019-02-26",
        "commitResults": []
      },
      {
        "insertions": 0,
        "deletions": 0,
        "date": "2019-02-27",
        "commitResults": []
      },
      {
        "insertions": 0,
        "deletions": 0,
        "date": "2019-02-28",
        "commitResults": []
      },
      {
        "insertions": 136,
        "deletions": 23,
        "date": "2019-03-01",
        "commitResults": [
          {
            "hash": "a9dffcc47bb90945cf61c2fd1d2a0abef5517838",
            "message": "Added DutyCalendar, DutyMonth, DutyDate classes DutyDate is temporary, may merge with Duty class",
            "insertions": 103,
            "deletions": 0
          },
          {
            "hash": "f651a3092061b2d29816cd78571c5e47a97a2137",
            "message": "Indentation correction",
            "insertions": 33,
            "deletions": 23
          }
        ]
      },
      {
        "insertions": 0,
        "deletions": 0,
        "date": "2019-03-02",
        "commitResults": []
      },
      {
        "insertions": 0,
        "deletions": 0,
        "date": "2019-03-03",
        "commitResults": []
      },
      {
        "insertions": 0,
        "deletions": 0,
        "date": "2019-03-04",
        "commitResults": []
      },
      {
        "insertions": 0,
        "deletions": 0,
        "date": "2019-03-05",
        "commitResults": []
      },
      {
        "insertions": 0,
        "deletions": 0,
        "date": "2019-03-06",
        "commitResults": []
      },
      {
        "insertions": 0,
        "deletions": 0,
        "date": "2019-03-07",
        "commitResults": []
      },
      {
        "insertions": 0,
        "deletions": 0,
        "date": "2019-03-08",
        "commitResults": []
      },
      {
        "insertions": 0,
        "deletions": 0,
        "date": "2019-03-09",
        "commitResults": []
      },
      {
        "insertions": 0,
        "deletions": 0,
        "date": "2019-03-10",
        "commitResults": []
      },
      {
        "insertions": 0,
        "deletions": 0,
        "date": "2019-03-11",
        "commitResults": []
      },
      {
        "insertions": 0,
        "deletions": 0,
        "date": "2019-03-12",
        "commitResults": []
      },
      {
        "insertions": 0,
        "deletions": 0,
        "date": "2019-03-13",
        "commitResults": []
      },
      {
        "insertions": 0,
        "deletions": 0,
        "date": "2019-03-14",
        "commitResults": []
      },
      {
        "insertions": 0,
        "deletions": 0,
        "date": "2019-03-15",
        "commitResults": []
      },
      {
        "insertions": 0,
        "deletions": 0,
        "date": "2019-03-16",
        "commitResults": []
      },
      {
        "insertions": 0,
        "deletions": 0,
        "date": "2019-03-17",
        "commitResults": []
      },
      {
        "insertions": 488,
        "deletions": 546,
        "date": "2019-03-18",
        "commitResults": [
          {
            "hash": "6a83a692b07dc67abb675fdc9832c45a87c79e3a",
            "message": "Updated a bunch of test classes Small edit to the DutyCalendar and the constructor for Model Manager",
            "insertions": 194,
            "deletions": 229
          },
          {
            "hash": "3ffe6e9c132e180bcdbc0b79a42ddd21bd340174",
            "message": "Did some edits to the tests such that it can at least compile. However, much work needs to be done to make them all work properly and pass.",
            "insertions": 286,
            "deletions": 309
          },
          {
            "hash": "c8e41973164058d530ba7fc6b6c7f8ad1b7c06db",
            "message": "Travis edit",
            "insertions": 8,
            "deletions": 8
          }
        ]
      },
      {
        "insertions": 191,
        "deletions": 168,
        "date": "2019-03-19",
        "commitResults": [
          {
            "hash": "f994caca30cf10d613c4660020fdd79f07beba38",
            "message": "Nric.java fix",
            "insertions": 17,
            "deletions": 13
          },
          {
            "hash": "bc3df1eb39474373e421eabe43d33741a0132e16",
            "message": "edited addressbook.json edited PersonnelDatabse.java to contain dutyCalendar as an attribute edited ReadOnlyPersonnelDatabse interface",
            "insertions": 97,
            "deletions": 78
          },
          {
            "hash": "634f697a1ef89e8e7125056f36c75b2f5c28fd9c",
            "message": "travis",
            "insertions": 40,
            "deletions": 31
          },
          {
            "hash": "2dbcb040bd4bb1dea9c998c09665c0253b2ad8e3",
            "message": "test fixing partly done",
            "insertions": 36,
            "deletions": 45
          },
          {
            "hash": "29a0dca475d8aa307680fddcd44ee1c9c2ad155e",
            "message": "travis",
            "insertions": 1,
            "deletions": 1
          }
        ]
      },
      {
        "insertions": 0,
        "deletions": 0,
        "date": "2019-03-20",
        "commitResults": []
      }
    ],
    "mechome": [
      {
        "insertions": 0,
        "deletions": 0,
        "date": "2019-02-10",
        "commitResults": []
      },
      {
        "insertions": 0,
        "deletions": 0,
        "date": "2019-02-11",
        "commitResults": []
      },
      {
        "insertions": 0,
        "deletions": 0,
        "date": "2019-02-12",
        "commitResults": []
      },
      {
        "insertions": 0,
        "deletions": 0,
        "date": "2019-02-13",
        "commitResults": []
      },
      {
        "insertions": 0,
        "deletions": 0,
        "date": "2019-02-14",
        "commitResults": []
      },
      {
        "insertions": 0,
        "deletions": 0,
        "date": "2019-02-15",
        "commitResults": []
      },
      {
        "insertions": 0,
        "deletions": 0,
        "date": "2019-02-16",
        "commitResults": []
      },
      {
        "insertions": 0,
        "deletions": 0,
        "date": "2019-02-17",
        "commitResults": []
      },
      {
        "insertions": 0,
        "deletions": 0,
        "date": "2019-02-18",
        "commitResults": []
      },
      {
        "insertions": 0,
        "deletions": 0,
        "date": "2019-02-19",
        "commitResults": []
      },
      {
        "insertions": 18,
        "deletions": 0,
        "date": "2019-02-20",
        "commitResults": [
          {
            "hash": "0fa696217dd68b1f175c71360a03d0e57444a5de",
            "message": "docs/UserGuide.adoc: add Q\u0026A entries",
            "insertions": 18,
            "deletions": 0
          }
        ]
      },
      {
        "insertions": 0,
        "deletions": 0,
        "date": "2019-02-21",
        "commitResults": []
      },
      {
        "insertions": 0,
        "deletions": 0,
        "date": "2019-02-22",
        "commitResults": []
      },
      {
        "insertions": 0,
        "deletions": 0,
        "date": "2019-02-23",
        "commitResults": []
      },
      {
        "insertions": 0,
        "deletions": 0,
        "date": "2019-02-24",
        "commitResults": []
      },
      {
        "insertions": 0,
        "deletions": 0,
        "date": "2019-02-25",
        "commitResults": []
      },
      {
        "insertions": 0,
        "deletions": 0,
        "date": "2019-02-26",
        "commitResults": []
      },
      {
        "insertions": 0,
        "deletions": 0,
        "date": "2019-02-27",
        "commitResults": []
      },
      {
        "insertions": 0,
        "deletions": 0,
        "date": "2019-02-28",
        "commitResults": []
      },
      {
        "insertions": 0,
        "deletions": 0,
        "date": "2019-03-01",
        "commitResults": []
      },
      {
        "insertions": 0,
        "deletions": 0,
        "date": "2019-03-02",
        "commitResults": []
      },
      {
        "insertions": 0,
        "deletions": 0,
        "date": "2019-03-03",
        "commitResults": []
      },
      {
        "insertions": 0,
        "deletions": 0,
        "date": "2019-03-04",
        "commitResults": []
      },
      {
        "insertions": 2120,
        "deletions": 2078,
        "date": "2019-03-05",
        "commitResults": [
          {
            "hash": "bd56d13ebe6cad633561872377ac82054504812f",
            "message": "add PersonnelDatabase classes",
            "insertions": 1232,
            "deletions": 0
          },
          {
            "hash": "4ffe5f4d55d2aa6d40efa8a9fe0835b72a98d6b3",
            "message": "remove AddressBook classes",
            "insertions": 0,
            "deletions": 944
          },
          {
            "hash": "26a213f0a450485c3a6ccf02c012a103dec72ebe",
            "message": "model/person: add new person attributes and remove obsolete ones",
            "insertions": 179,
            "deletions": 83
          },
          {
            "hash": "95cbe4f287a64bc9d934b30e56cb88c8914050a9",
            "message": "src/test: change test classes to suit new attributes",
            "insertions": 117,
            "deletions": 120
          },
          {
            "hash": "b380886d65a0607b2f831ba6777195cad23d6df1",
            "message": "address/logic: edit command and parser classes to suit new attributes",
            "insertions": 163,
            "deletions": 113
          },
          {
            "hash": "e349accef489f6d0a782600deb82338eb1017b3c",
            "message": "seedu/address: edit general classes to suit name change and new attributes",
            "insertions": 102,
            "deletions": 95
          },
          {
            "hash": "a6426d4f613b599c90d101c062f5f0a0b452332d",
            "message": "edit one more test class",
            "insertions": 0,
            "deletions": 287
          },
          {
            "hash": "a57aa33643c4321dd32670e46395dd9178174710",
            "message": "address/model: change name from AddressBook to PersonnelDatabase",
            "insertions": 130,
            "deletions": 130
          },
          {
            "hash": "ea5eee64042dd95359da5251bc1f8e560580a9a5",
            "message": "address/ui: edit ui classes to suit new attributes and new name",
            "insertions": 15,
            "deletions": 9
          },
          {
            "hash": "44bdd796d9daa488f8bebf81a7bb0c5f91894961",
            "message": "address/storage: edit storage classes to accommodate new attributes",
            "insertions": 76,
            "deletions": 49
          },
          {
            "hash": "8ae30ec3869236c47a349e09c4df2fd85a5d15fd",
            "message": "docs: edit DeveloperGuide and UserGuide in line with new attributes",
            "insertions": 12,
            "deletions": 12
          },
          {
            "hash": "f0bf3af834eb6b85a981f9f9ab8becd609352836",
            "message": "seedu/address: touch-up merge issues",
            "insertions": 1,
            "deletions": 80
          },
          {
            "hash": "49b1017bb11c7306e86dcfe60bf55990c1c4ae5b",
            "message": "src/test: Edit test classes to suit new person attributes",
            "insertions": 93,
            "deletions": 156
          }
        ]
      },
      {
        "insertions": 0,
        "deletions": 0,
        "date": "2019-03-06",
        "commitResults": []
      },
      {
        "insertions": 0,
        "deletions": 0,
        "date": "2019-03-07",
        "commitResults": []
      },
      {
        "insertions": 0,
        "deletions": 0,
        "date": "2019-03-08",
        "commitResults": []
      },
      {
        "insertions": 0,
        "deletions": 0,
        "date": "2019-03-09",
        "commitResults": []
      },
      {
        "insertions": 0,
        "deletions": 0,
        "date": "2019-03-10",
        "commitResults": []
      },
      {
        "insertions": 0,
        "deletions": 0,
        "date": "2019-03-11",
        "commitResults": []
      },
      {
        "insertions": 0,
        "deletions": 0,
        "date": "2019-03-12",
        "commitResults": []
      },
      {
        "insertions": 0,
        "deletions": 0,
        "date": "2019-03-13",
        "commitResults": []
      },
      {
        "insertions": 0,
        "deletions": 0,
        "date": "2019-03-14",
        "commitResults": []
      },
      {
        "insertions": 0,
        "deletions": 0,
        "date": "2019-03-15",
        "commitResults": []
      },
      {
        "insertions": 0,
        "deletions": 0,
        "date": "2019-03-16",
        "commitResults": []
      },
      {
        "insertions": 0,
        "deletions": 0,
        "date": "2019-03-17",
        "commitResults": []
      },
      {
        "insertions": 1136,
        "deletions": 1066,
        "date": "2019-03-18",
        "commitResults": [
          {
            "hash": "db6aa874d02fea77a1caf18c66c9fde45deb20cf",
            "message": "seedu/address: refactor AddressBook to PersonnelDatabase",
            "insertions": 70,
            "deletions": 74
          },
          {
            "hash": "f01d3b815343a81d9940c031fe755a0a386a19f8",
            "message": "src/test: Rename AddressBook further to PersonnelDatabase",
            "insertions": 338,
            "deletions": 347
          },
          {
            "hash": "7601157e5d060eb13056133f4a958d20b49c2984",
            "message": "test/.../logic: Adapt logic tests to suit new Person fields",
            "insertions": 290,
            "deletions": 240
          },
          {
            "hash": "4c619103614f64afa8fa5d69986578049fe7490a",
            "message": "test/.../model: adapt model tests to suit new Person fields",
            "insertions": 22,
            "deletions": 53
          },
          {
            "hash": "c56628f23958b378711338981f23400607f8b434",
            "message": "test/.../model: Change the tests for the Person fields",
            "insertions": 154,
            "deletions": 99
          },
          {
            "hash": "52f205267d816aa4b971fc492b2d032708d35cab",
            "message": "test/data: Adapt json files to suit new Person fields",
            "insertions": 109,
            "deletions": 83
          },
          {
            "hash": "971264520e5ad770c4dfd8ab686fe604961db532",
            "message": "test/java: Adapt miscellaneous tests to suit new Person fields",
            "insertions": 150,
            "deletions": 167
          },
          {
            "hash": "6423b4a69bf064eab0a034aaf4bd682c76ff6a67",
            "message": "docs/UserGuide.adoc: Change \u0027edit\u0027 instructions",
            "insertions": 3,
            "deletions": 3
          }
        ]
      },
      {
        "insertions": 185,
        "deletions": 241,
        "date": "2019-03-19",
        "commitResults": [
          {
            "hash": "fb84dde9bce580d516ea621847dcb64a1ca9cf06",
            "message": "test: edit test files so that TestApp can run",
            "insertions": 38,
            "deletions": 81
          },
          {
            "hash": "8f106986c5299714aa9f62df7706d0315d37f030",
            "message": "NRIC.java: try to git ignore",
            "insertions": 0,
            "deletions": 56
          },
          {
            "hash": "844625a0a9258526fbd174ac77fc029343b4e7ea",
            "message": "MainWindow.java: change calendar view",
            "insertions": 1,
            "deletions": 1
          },
          {
            "hash": "84fa6c56052ec1552ecdd3fe9e192b404f6f1926",
            "message": "Travis",
            "insertions": 23,
            "deletions": 19
          },
          {
            "hash": "53fa4690ee4971125dd3189690afa5a56bdc50f2",
            "message": "Travis ++",
            "insertions": 123,
            "deletions": 84
          }
        ]
      },
      {
        "insertions": 0,
        "deletions": 0,
        "date": "2019-03-20",
        "commitResults": []
      }
    ],
    "exactlyprecise": [
      {
        "insertions": 0,
        "deletions": 0,
        "date": "2019-02-10",
        "commitResults": []
      },
      {
        "insertions": 0,
        "deletions": 0,
        "date": "2019-02-11",
        "commitResults": []
      },
      {
        "insertions": 0,
        "deletions": 0,
        "date": "2019-02-12",
        "commitResults": []
      },
      {
        "insertions": 0,
        "deletions": 0,
        "date": "2019-02-13",
        "commitResults": []
      },
      {
        "insertions": 0,
        "deletions": 0,
        "date": "2019-02-14",
        "commitResults": []
      },
      {
        "insertions": 0,
        "deletions": 0,
        "date": "2019-02-15",
        "commitResults": []
      },
      {
        "insertions": 0,
        "deletions": 0,
        "date": "2019-02-16",
        "commitResults": []
      },
      {
        "insertions": 0,
        "deletions": 0,
        "date": "2019-02-17",
        "commitResults": []
      },
      {
        "insertions": 0,
        "deletions": 0,
        "date": "2019-02-18",
        "commitResults": []
      },
      {
        "insertions": 9,
        "deletions": 1,
        "date": "2019-02-19",
        "commitResults": [
          {
            "hash": "b8f6235bdbe6f448e6cc42e4921c59a2f3b59f7a",
            "message": "Messages.java: change message shown to user who input unidentified command",
            "insertions": 5,
            "deletions": 1
          },
          {
            "hash": "07bce1667a3d776606d5fd703e3d06be22f47e36",
            "message": "DeveloperGuide.adoc: Add user stories to include user swap duty and log in",
            "insertions": 4,
            "deletions": 0
          }
        ]
      },
      {
        "insertions": 0,
        "deletions": 0,
        "date": "2019-02-20",
        "commitResults": []
      },
      {
        "insertions": 0,
        "deletions": 0,
        "date": "2019-02-21",
        "commitResults": []
      },
      {
        "insertions": 0,
        "deletions": 0,
        "date": "2019-02-22",
        "commitResults": []
      },
      {
        "insertions": 0,
        "deletions": 0,
        "date": "2019-02-23",
        "commitResults": []
      },
      {
        "insertions": 0,
        "deletions": 0,
        "date": "2019-02-24",
        "commitResults": []
      },
      {
        "insertions": 0,
        "deletions": 0,
        "date": "2019-02-25",
        "commitResults": []
      },
      {
        "insertions": 0,
        "deletions": 0,
        "date": "2019-02-26",
        "commitResults": []
      },
      {
        "insertions": 0,
        "deletions": 0,
        "date": "2019-02-27",
        "commitResults": []
      },
      {
        "insertions": 319,
        "deletions": 46,
        "date": "2019-02-28",
        "commitResults": [
          {
            "hash": "049f1276752536068684e6dab0b85ceab30d01d0",
            "message": "Add calendar grid prototype UI",
            "insertions": 243,
            "deletions": 13
          },
          {
            "hash": "94db64e0051218ae04c76cd238306ba010895f36",
            "message": "Change checkstyling for files",
            "insertions": 13,
            "deletions": 8
          },
          {
            "hash": "0e63e7619cd8342039b22dc88655e09a6d7ebbfa",
            "message": "Change ListCommand to bring up personnel view when used.",
            "insertions": 32,
            "deletions": 8
          },
          {
            "hash": "0278beff2011ca684ca50f16d403ad3cdfffdc4f",
            "message": "Modify testcases to encompass added functionality of ListCommand",
            "insertions": 20,
            "deletions": 11
          },
          {
            "hash": "060ee946b603b9c0326cf6ad7fc66a61cdedeb04",
            "message": "Change a line to fit stylecheck",
            "insertions": 3,
            "deletions": 1
          },
          {
            "hash": "d71650357a3473b1355d9d2bf54ec67eb732b8f5",
            "message": "CommandResult.java: Change a line to fit stylecheck",
            "insertions": 5,
            "deletions": 2
          },
          {
            "hash": "211f8fffc19d08640e9200e0ffb0f76ef7f87a14",
            "message": "Change line to fit checkstyle requirements",
            "insertions": 1,
            "deletions": 1
          },
          {
            "hash": "40379f8bac9f06c37e5a0137a5db13979655497a",
            "message": "CommandResultTest.java: Add extra hashcode testcase",
            "insertions": 2,
            "deletions": 2
          }
        ]
      },
      {
        "insertions": 58,
        "deletions": 67,
        "date": "2019-03-01",
        "commitResults": [
          {
            "hash": "4c16b8aad463f4e2a6954554330beb5bc20c7de2",
            "message": "Change CalendarView to be more suited to final product. Fix a few resizing issues.",
            "insertions": 57,
            "deletions": 66
          },
          {
            "hash": "2f3d14821da7b07eb4e0fb435652b574467b03c1",
            "message": "MainWindow.fxml: Change title \"Address App\" to \"Duty Planner App\"",
            "insertions": 1,
            "deletions": 1
          }
        ]
      },
      {
        "insertions": 0,
        "deletions": 0,
        "date": "2019-03-02",
        "commitResults": []
      },
      {
        "insertions": 0,
        "deletions": 0,
        "date": "2019-03-03",
        "commitResults": []
      },
      {
        "insertions": 0,
        "deletions": 0,
        "date": "2019-03-04",
        "commitResults": []
      },
      {
        "insertions": 0,
        "deletions": 0,
        "date": "2019-03-05",
        "commitResults": []
      },
      {
        "insertions": 0,
        "deletions": 0,
        "date": "2019-03-06",
        "commitResults": []
      },
      {
        "insertions": 0,
        "deletions": 0,
        "date": "2019-03-07",
        "commitResults": []
      },
      {
        "insertions": 0,
        "deletions": 0,
        "date": "2019-03-08",
        "commitResults": []
      },
      {
        "insertions": 59,
        "deletions": 74,
        "date": "2019-03-09",
        "commitResults": [
          {
            "hash": "714e2fbdd755f9f21b0b95059a0e3daec9740c61",
            "message": "Change calendar view to include days and current date.",
            "insertions": 59,
            "deletions": 74
          }
        ]
      },
      {
        "insertions": 0,
        "deletions": 0,
        "date": "2019-03-10",
        "commitResults": []
      },
      {
        "insertions": 7,
        "deletions": 7,
        "date": "2019-03-11",
        "commitResults": [
          {
            "hash": "d09b573d862b50acca855e79637bdb21a5406856",
            "message": "Edit relevant UI files to fix current bug due to changes in PersonCard",
            "insertions": 7,
            "deletions": 7
          }
        ]
      },
      {
        "insertions": 115,
        "deletions": 4,
        "date": "2019-03-12",
        "commitResults": [
          {
            "hash": "9e5e948ca1f6dc975ae0b3077b16f3c055c98ef8",
            "message": "Allow calendar to pull duties from temporary class TempClass",
            "insertions": 115,
            "deletions": 4
          }
        ]
      },
      {
        "insertions": 191,
        "deletions": 16,
        "date": "2019-03-13",
        "commitResults": [
          {
            "hash": "3961c809736def8935cc88d53ccef1f10ef3a5ae",
            "message": "Change commands to allow different level of authority: admin and general",
            "insertions": 191,
            "deletions": 16
          }
        ]
      },
      {
        "insertions": 0,
        "deletions": 0,
        "date": "2019-03-14",
        "commitResults": []
      },
      {
        "insertions": 0,
        "deletions": 0,
        "date": "2019-03-15",
        "commitResults": []
      },
      {
        "insertions": 0,
        "deletions": 0,
        "date": "2019-03-16",
        "commitResults": []
      },
      {
        "insertions": 72,
        "deletions": 3,
        "date": "2019-03-17",
        "commitResults": [
          {
            "hash": "273b03e4cf2565b441b09776c3a335a2b8d0982f",
            "message": "Add LoginBox for account functionality",
            "insertions": 72,
            "deletions": 3
          }
        ]
      },
      {
        "insertions": 0,
        "deletions": 0,
        "date": "2019-03-18",
        "commitResults": []
      },
      {
        "insertions": 39,
        "deletions": 32,
        "date": "2019-03-19",
        "commitResults": [
          {
            "hash": "5a541ad492d8645c7571b16eda893bdfdc18307d",
            "message": "UserGuide.adoc: Update UserGuide to reflect changes in log in",
            "insertions": 6,
            "deletions": 9
          },
          {
            "hash": "fea79887d57c26919cb2b6c84174ccdbb3b3541f",
            "message": "DeveloperGuide.adoc: Change Developer Guide for description of implementation of enhancement",
            "insertions": 20,
            "deletions": 1
          },
          {
            "hash": "b5aeb708cbd3262f64e4c9788e7be495f9b48862",
            "message": "Fix checkstyling issues for errors and warnings",
            "insertions": 4,
            "deletions": 10
          },
          {
            "hash": "ce93e20f3a2f9b33bcbe8a4ace1b99c4c7a8cd80",
            "message": "LoginBox.java: change user and password prompts",
            "insertions": 9,
            "deletions": 12
          }
        ]
      },
      {
        "insertions": 0,
        "deletions": 0,
        "date": "2019-03-20",
        "commitResults": []
      }
    ]
  },
  "authorFinalContributionMap": {
    "Valatheking": 291,
    "yjpan47": 371,
    "dreampursuer95": 241,
    "mechome": 2352,
    "exactlyprecise": 600
  },
  "authorContributionVariance": {
    "Valatheking": 15284.073,
    "yjpan47": 9411.409,
    "dreampursuer95": 29742.344,
    "mechome": 550071.2,
    "exactlyprecise": 5189.8545
  },
  "authorDisplayNameMap": {
    "Valatheking": "VAL...JAN",
    "yjpan47": "PAN...ING",
    "dreampursuer95": "YOO...YUN",
    "mechome": "CHO... EN",
    "exactlyprecise": "NG ... LE"
  }
}
