{
  "dashboardGeneratedTime": "Tue Aug 27 15:15:33 SGT 2019",
  "repos": [
    {
      "location": {
        "location": "https://github.com/CS2103-AY1819S2-W09-1/main.git",
        "repoName": "main",
        "organization": "CS2103-AY1819S2-W09-1"
      },
      "branch": "master",
      "displayName": "CS2103-AY1819S2-W09-1_main_master",
      "sinceDate": "2019-02-10",
      "untilDate": "2019-04-24"
    },
    {
      "location": {
        "location": "https://github.com/CS2103-AY1819S2-W09-2/main.git",
        "repoName": "main",
        "organization": "CS2103-AY1819S2-W09-2"
      },
      "branch": "master",
      "displayName": "CS2103-AY1819S2-W09-2_main_master",
      "sinceDate": "2019-02-10",
      "untilDate": "2019-04-24"
    },
    {
      "location": {
        "location": "https://github.com/CS2103-AY1819S2-W09-3/main.git",
        "repoName": "main",
        "organization": "CS2103-AY1819S2-W09-3"
      },
      "branch": "master",
      "displayName": "CS2103-AY1819S2-W09-3_main_master",
      "sinceDate": "2019-02-10",
      "untilDate": "2019-04-24"
    },
    {
      "location": {
        "location": "https://github.com/CS2103-AY1819S2-W09-4/main.git",
        "repoName": "main",
        "organization": "CS2103-AY1819S2-W09-4"
      },
      "branch": "master",
      "displayName": "CS2103-AY1819S2-W09-4_main_master",
      "sinceDate": "2019-02-10",
      "untilDate": "2019-04-24"
    },
    {
      "location": {
        "location": "https://github.com/CS2103-AY1819S2-W10-1/main.git",
        "repoName": "main",
        "organization": "CS2103-AY1819S2-W10-1"
      },
      "branch": "master",
      "displayName": "CS2103-AY1819S2-W10-1_main_master",
      "sinceDate": "2019-02-10",
      "untilDate": "2019-04-24"
    },
    {
      "location": {
        "location": "https://github.com/CS2103-AY1819S2-W10-2/main.git",
        "repoName": "main",
        "organization": "CS2103-AY1819S2-W10-2"
      },
      "branch": "master",
      "displayName": "CS2103-AY1819S2-W10-2_main_master",
      "sinceDate": "2019-02-10",
      "untilDate": "2019-04-24"
    },
    {
      "location": {
        "location": "https://github.com/CS2103-AY1819S2-W10-3/main.git",
        "repoName": "main",
        "organization": "CS2103-AY1819S2-W10-3"
      },
      "branch": "master",
      "displayName": "CS2103-AY1819S2-W10-3_main_master",
      "sinceDate": "2019-02-10",
      "untilDate": "2019-04-24"
    },
    {
      "location": {
        "location": "https://github.com/CS2103-AY1819S2-W10-4/main.git",
        "repoName": "main",
        "organization": "CS2103-AY1819S2-W10-4"
      },
      "branch": "master",
      "displayName": "CS2103-AY1819S2-W10-4_main_master",
      "sinceDate": "2019-02-10",
      "untilDate": "2019-04-24"
    },
    {
      "location": {
        "location": "https://github.com/CS2103-AY1819S2-W11-1/main.git",
        "repoName": "main",
        "organization": "CS2103-AY1819S2-W11-1"
      },
      "branch": "master",
      "displayName": "CS2103-AY1819S2-W11-1_main_master",
      "sinceDate": "2019-02-10",
      "untilDate": "2019-04-24"
    },
    {
      "location": {
        "location": "https://github.com/CS2103-AY1819S2-W11-2/main.git",
        "repoName": "main",
        "organization": "CS2103-AY1819S2-W11-2"
      },
      "branch": "master",
      "displayName": "CS2103-AY1819S2-W11-2_main_master",
      "sinceDate": "2019-02-10",
      "untilDate": "2019-04-24"
    },
    {
      "location": {
        "location": "https://github.com/CS2103-AY1819S2-W11-3/main.git",
        "repoName": "main",
        "organization": "CS2103-AY1819S2-W11-3"
      },
      "branch": "master",
      "displayName": "CS2103-AY1819S2-W11-3_main_master",
      "sinceDate": "2019-02-10",
      "untilDate": "2019-04-24"
    },
    {
      "location": {
        "location": "https://github.com/CS2103-AY1819S2-W11-4/main.git",
        "repoName": "main",
        "organization": "CS2103-AY1819S2-W11-4"
      },
      "branch": "master",
      "displayName": "CS2103-AY1819S2-W11-4_main_master",
      "sinceDate": "2019-02-10",
      "untilDate": "2019-04-24"
    },
    {
      "location": {
        "location": "https://github.com/CS2103-AY1819S2-W13-1/main.git",
        "repoName": "main",
        "organization": "CS2103-AY1819S2-W13-1"
      },
      "branch": "master",
      "displayName": "CS2103-AY1819S2-W13-1_main_master",
      "sinceDate": "2019-02-10",
      "untilDate": "2019-04-24"
    },
    {
      "location": {
        "location": "https://github.com/CS2103-AY1819S2-W13-2/main.git",
        "repoName": "main",
        "organization": "CS2103-AY1819S2-W13-2"
      },
      "branch": "master",
      "displayName": "CS2103-AY1819S2-W13-2_main_master",
      "sinceDate": "2019-02-10",
      "untilDate": "2019-04-24"
    },
    {
      "location": {
        "location": "https://github.com/CS2103-AY1819S2-W13-3/main.git",
        "repoName": "main",
        "organization": "CS2103-AY1819S2-W13-3"
      },
      "branch": "master",
      "displayName": "CS2103-AY1819S2-W13-3_main_master",
      "sinceDate": "2019-02-10",
      "untilDate": "2019-04-24"
    },
    {
      "location": {
        "location": "https://github.com/CS2103-AY1819S2-W13-4/main.git",
        "repoName": "main",
        "organization": "CS2103-AY1819S2-W13-4"
      },
      "branch": "master",
      "displayName": "CS2103-AY1819S2-W13-4_main_master",
      "sinceDate": "2019-02-10",
      "untilDate": "2019-04-24"
    },
    {
      "location": {
        "location": "https://github.com/CS2103-AY1819S2-W14-1/main.git",
        "repoName": "main",
        "organization": "CS2103-AY1819S2-W14-1"
      },
      "branch": "master",
      "displayName": "CS2103-AY1819S2-W14-1_main_master",
      "sinceDate": "2019-02-10",
      "untilDate": "2019-04-24"
    },
    {
      "location": {
        "location": "https://github.com/CS2103-AY1819S2-W14-2/main.git",
        "repoName": "main",
        "organization": "CS2103-AY1819S2-W14-2"
      },
      "branch": "master",
      "displayName": "CS2103-AY1819S2-W14-2_main_master",
      "sinceDate": "2019-02-10",
      "untilDate": "2019-04-24"
    },
    {
      "location": {
        "location": "https://github.com/CS2103-AY1819S2-W14-3/main.git",
        "repoName": "main",
        "organization": "CS2103-AY1819S2-W14-3"
      },
      "branch": "master",
      "displayName": "CS2103-AY1819S2-W14-3_main_master",
      "sinceDate": "2019-02-10",
      "untilDate": "2019-04-24"
    },
    {
      "location": {
        "location": "https://github.com/CS2103-AY1819S2-W14-4/main.git",
        "repoName": "main",
        "organization": "CS2103-AY1819S2-W14-4"
      },
      "branch": "master",
      "displayName": "CS2103-AY1819S2-W14-4_main_master",
      "sinceDate": "2019-02-10",
      "untilDate": "2019-04-24"
    },
    {
      "location": {
        "location": "https://github.com/CS2103-AY1819S2-W15-1/main.git",
        "repoName": "main",
        "organization": "CS2103-AY1819S2-W15-1"
      },
      "branch": "master",
      "displayName": "CS2103-AY1819S2-W15-1_main_master",
      "sinceDate": "2019-02-10",
      "untilDate": "2019-04-24"
    },
    {
      "location": {
        "location": "https://github.com/CS2103-AY1819S2-W15-2/main.git",
        "repoName": "main",
        "organization": "CS2103-AY1819S2-W15-2"
      },
      "branch": "master",
      "displayName": "CS2103-AY1819S2-W15-2_main_master",
      "sinceDate": "2019-02-10",
      "untilDate": "2019-04-24"
    },
    {
      "location": {
        "location": "https://github.com/CS2103-AY1819S2-W15-3/main.git",
        "repoName": "main",
        "organization": "CS2103-AY1819S2-W15-3"
      },
      "branch": "master",
      "displayName": "CS2103-AY1819S2-W15-3_main_master",
      "sinceDate": "2019-02-10",
      "untilDate": "2019-04-24"
    },
    {
      "location": {
        "location": "https://github.com/CS2103-AY1819S2-W15-4/main.git",
        "repoName": "main",
        "organization": "CS2103-AY1819S2-W15-4"
      },
      "branch": "master",
      "displayName": "CS2103-AY1819S2-W15-4_main_master",
      "sinceDate": "2019-02-10",
      "untilDate": "2019-04-24"
    },
    {
      "location": {
        "location": "https://github.com/CS2103-AY1819S2-W16-1/main.git",
        "repoName": "main",
        "organization": "CS2103-AY1819S2-W16-1"
      },
      "branch": "master",
      "displayName": "CS2103-AY1819S2-W16-1_main_master",
      "sinceDate": "2019-02-10",
      "untilDate": "2019-04-24"
    },
    {
      "location": {
        "location": "https://github.com/CS2103-AY1819S2-W16-2/main.git",
        "repoName": "main",
        "organization": "CS2103-AY1819S2-W16-2"
      },
      "branch": "master",
      "displayName": "CS2103-AY1819S2-W16-2_main_master",
      "sinceDate": "2019-02-10",
      "untilDate": "2019-04-24"
    },
    {
      "location": {
        "location": "https://github.com/CS2103-AY1819S2-W16-3/main.git",
        "repoName": "main",
        "organization": "CS2103-AY1819S2-W16-3"
      },
      "branch": "master",
      "displayName": "CS2103-AY1819S2-W16-3_main_master",
      "sinceDate": "2019-02-10",
      "untilDate": "2019-04-24"
    },
    {
      "location": {
        "location": "https://github.com/CS2103-AY1819S2-W16-4/main.git",
        "repoName": "main",
        "organization": "CS2103-AY1819S2-W16-4"
      },
      "branch": "master",
      "displayName": "CS2103-AY1819S2-W16-4_main_master",
      "sinceDate": "2019-02-10",
      "untilDate": "2019-04-24"
    },
    {
      "location": {
        "location": "https://github.com/CS2103-AY1819S2-W17-1/main.git",
        "repoName": "main",
        "organization": "CS2103-AY1819S2-W17-1"
      },
      "branch": "master",
      "displayName": "CS2103-AY1819S2-W17-1_main_master",
      "sinceDate": "2019-02-10",
      "untilDate": "2019-04-24"
    },
    {
      "location": {
        "location": "https://github.com/CS2103-AY1819S2-W17-2/main.git",
        "repoName": "main",
        "organization": "CS2103-AY1819S2-W17-2"
      },
      "branch": "master",
      "displayName": "CS2103-AY1819S2-W17-2_main_master",
      "sinceDate": "2019-02-10",
      "untilDate": "2019-04-24"
    },
    {
      "location": {
        "location": "https://github.com/CS2103-AY1819S2-W17-3/main.git",
        "repoName": "main",
        "organization": "CS2103-AY1819S2-W17-3"
      },
      "branch": "master",
      "displayName": "CS2103-AY1819S2-W17-3_main_master",
      "sinceDate": "2019-02-10",
      "untilDate": "2019-04-24"
    },
    {
      "location": {
        "location": "https://github.com/CS2103-AY1819S2-W17-4/main.git",
        "repoName": "main",
        "organization": "CS2103-AY1819S2-W17-4"
      },
      "branch": "master",
      "displayName": "CS2103-AY1819S2-W17-4_main_master",
      "sinceDate": "2019-02-10",
      "untilDate": "2019-04-24"
    },
    {
      "location": {
        "location": "https://github.com/CS2103-AY1819S2-T12-1/main.git",
        "repoName": "main",
        "organization": "CS2103-AY1819S2-T12-1"
      },
      "branch": "master",
      "displayName": "CS2103-AY1819S2-T12-1_main_master",
      "sinceDate": "2019-02-10",
      "untilDate": "2019-04-24"
    },
    {
      "location": {
        "location": "https://github.com/CS2103-AY1819S2-T12-2/main.git",
        "repoName": "main",
        "organization": "CS2103-AY1819S2-T12-2"
      },
      "branch": "master",
      "displayName": "CS2103-AY1819S2-T12-2_main_master",
      "sinceDate": "2019-02-10",
      "untilDate": "2019-04-24"
    },
    {
      "location": {
        "location": "https://github.com/CS2103-AY1819S2-T12-3/main.git",
        "repoName": "main",
        "organization": "CS2103-AY1819S2-T12-3"
      },
      "branch": "master",
      "displayName": "CS2103-AY1819S2-T12-3_main_master",
      "sinceDate": "2019-02-10",
      "untilDate": "2019-04-24"
    },
    {
      "location": {
        "location": "https://github.com/CS2103-AY1819S2-T12-4/main.git",
        "repoName": "main",
        "organization": "CS2103-AY1819S2-T12-4"
      },
      "branch": "master",
      "displayName": "CS2103-AY1819S2-T12-4_main_master",
      "sinceDate": "2019-02-10",
      "untilDate": "2019-04-24"
    }
  ]
}
