{
  "authorDailyContributionsMap": {
    "brohandev": [
      {
        "insertions": 0,
        "deletions": 0,
        "date": "2019-02-10",
        "commitResults": []
      },
      {
        "insertions": 0,
        "deletions": 0,
        "date": "2019-02-11",
        "commitResults": []
      },
      {
        "insertions": 0,
        "deletions": 0,
        "date": "2019-02-12",
        "commitResults": []
      },
      {
        "insertions": 0,
        "deletions": 0,
        "date": "2019-02-13",
        "commitResults": []
      },
      {
        "insertions": 0,
        "deletions": 0,
        "date": "2019-02-14",
        "commitResults": []
      },
      {
        "insertions": 0,
        "deletions": 0,
        "date": "2019-02-15",
        "commitResults": []
      },
      {
        "insertions": 0,
        "deletions": 0,
        "date": "2019-02-16",
        "commitResults": []
      },
      {
        "insertions": 0,
        "deletions": 0,
        "date": "2019-02-17",
        "commitResults": []
      },
      {
        "insertions": 0,
        "deletions": 0,
        "date": "2019-02-18",
        "commitResults": []
      },
      {
        "insertions": 7,
        "deletions": 7,
        "date": "2019-02-19",
        "commitResults": [
          {
            "hash": "88fff60a7362015db3d021afc55bc1dd77141773",
            "message": "Update README.adoc",
            "insertions": 1,
            "deletions": 1
          },
          {
            "hash": "56d7cc3f7f67e06195a39cfc978999da25d58898",
            "message": "Update README.adoc",
            "insertions": 6,
            "deletions": 6
          }
        ]
      },
      {
        "insertions": 0,
        "deletions": 0,
        "date": "2019-02-20",
        "commitResults": []
      },
      {
        "insertions": 0,
        "deletions": 0,
        "date": "2019-02-21",
        "commitResults": []
      },
      {
        "insertions": 0,
        "deletions": 0,
        "date": "2019-02-22",
        "commitResults": []
      },
      {
        "insertions": 0,
        "deletions": 0,
        "date": "2019-02-23",
        "commitResults": []
      },
      {
        "insertions": 0,
        "deletions": 0,
        "date": "2019-02-24",
        "commitResults": []
      },
      {
        "insertions": 0,
        "deletions": 0,
        "date": "2019-02-25",
        "commitResults": []
      },
      {
        "insertions": 0,
        "deletions": 0,
        "date": "2019-02-26",
        "commitResults": []
      },
      {
        "insertions": 0,
        "deletions": 0,
        "date": "2019-02-27",
        "commitResults": []
      },
      {
        "insertions": 0,
        "deletions": 0,
        "date": "2019-02-28",
        "commitResults": []
      },
      {
        "insertions": 0,
        "deletions": 0,
        "date": "2019-03-01",
        "commitResults": []
      },
      {
        "insertions": 0,
        "deletions": 0,
        "date": "2019-03-02",
        "commitResults": []
      },
      {
        "insertions": 0,
        "deletions": 0,
        "date": "2019-03-03",
        "commitResults": []
      },
      {
        "insertions": 0,
        "deletions": 0,
        "date": "2019-03-04",
        "commitResults": []
      },
      {
        "insertions": 0,
        "deletions": 0,
        "date": "2019-03-05",
        "commitResults": []
      },
      {
        "insertions": 0,
        "deletions": 0,
        "date": "2019-03-06",
        "commitResults": []
      },
      {
        "insertions": 0,
        "deletions": 0,
        "date": "2019-03-07",
        "commitResults": []
      },
      {
        "insertions": 0,
        "deletions": 0,
        "date": "2019-03-08",
        "commitResults": []
      },
      {
        "insertions": 0,
        "deletions": 0,
        "date": "2019-03-09",
        "commitResults": []
      },
      {
        "insertions": 0,
        "deletions": 0,
        "date": "2019-03-10",
        "commitResults": []
      },
      {
        "insertions": 0,
        "deletions": 0,
        "date": "2019-03-11",
        "commitResults": []
      },
      {
        "insertions": 0,
        "deletions": 0,
        "date": "2019-03-12",
        "commitResults": []
      },
      {
        "insertions": 0,
        "deletions": 0,
        "date": "2019-03-13",
        "commitResults": []
      },
      {
        "insertions": 0,
        "deletions": 0,
        "date": "2019-03-14",
        "commitResults": []
      },
      {
        "insertions": 0,
        "deletions": 0,
        "date": "2019-03-15",
        "commitResults": []
      },
      {
        "insertions": 0,
        "deletions": 0,
        "date": "2019-03-16",
        "commitResults": []
      },
      {
        "insertions": 0,
        "deletions": 0,
        "date": "2019-03-17",
        "commitResults": []
      },
      {
        "insertions": 0,
        "deletions": 0,
        "date": "2019-03-18",
        "commitResults": []
      },
      {
        "insertions": 0,
        "deletions": 0,
        "date": "2019-03-19",
        "commitResults": []
      },
      {
        "insertions": 0,
        "deletions": 0,
        "date": "2019-03-20",
        "commitResults": []
      },
      {
        "insertions": 0,
        "deletions": 0,
        "date": "2019-03-21",
        "commitResults": []
      },
      {
        "insertions": 0,
        "deletions": 0,
        "date": "2019-03-22",
        "commitResults": []
      },
      {
        "insertions": 0,
        "deletions": 0,
        "date": "2019-03-23",
        "commitResults": []
      },
      {
        "insertions": 0,
        "deletions": 0,
        "date": "2019-03-24",
        "commitResults": []
      },
      {
        "insertions": 0,
        "deletions": 0,
        "date": "2019-03-25",
        "commitResults": []
      },
      {
        "insertions": 0,
        "deletions": 0,
        "date": "2019-03-26",
        "commitResults": []
      }
    ],
    "daviddl9": [
      {
        "insertions": 0,
        "deletions": 0,
        "date": "2019-02-10",
        "commitResults": []
      },
      {
        "insertions": 0,
        "deletions": 0,
        "date": "2019-02-11",
        "commitResults": []
      },
      {
        "insertions": 0,
        "deletions": 0,
        "date": "2019-02-12",
        "commitResults": []
      },
      {
        "insertions": 0,
        "deletions": 0,
        "date": "2019-02-13",
        "commitResults": []
      },
      {
        "insertions": 0,
        "deletions": 0,
        "date": "2019-02-14",
        "commitResults": []
      },
      {
        "insertions": 0,
        "deletions": 0,
        "date": "2019-02-15",
        "commitResults": []
      },
      {
        "insertions": 0,
        "deletions": 0,
        "date": "2019-02-16",
        "commitResults": []
      },
      {
        "insertions": 0,
        "deletions": 0,
        "date": "2019-02-17",
        "commitResults": []
      },
      {
        "insertions": 0,
        "deletions": 0,
        "date": "2019-02-18",
        "commitResults": []
      },
      {
        "insertions": 0,
        "deletions": 0,
        "date": "2019-02-19",
        "commitResults": []
      },
      {
        "insertions": 0,
        "deletions": 0,
        "date": "2019-02-20",
        "commitResults": []
      },
      {
        "insertions": 0,
        "deletions": 0,
        "date": "2019-02-21",
        "commitResults": []
      },
      {
        "insertions": 0,
        "deletions": 0,
        "date": "2019-02-22",
        "commitResults": []
      },
      {
        "insertions": 0,
        "deletions": 0,
        "date": "2019-02-23",
        "commitResults": []
      },
      {
        "insertions": 0,
        "deletions": 0,
        "date": "2019-02-24",
        "commitResults": []
      },
      {
        "insertions": 0,
        "deletions": 0,
        "date": "2019-02-25",
        "commitResults": []
      },
      {
        "insertions": 0,
        "deletions": 0,
        "date": "2019-02-26",
        "commitResults": []
      },
      {
        "insertions": 0,
        "deletions": 0,
        "date": "2019-02-27",
        "commitResults": []
      },
      {
        "insertions": 0,
        "deletions": 0,
        "date": "2019-02-28",
        "commitResults": []
      },
      {
        "insertions": 0,
        "deletions": 0,
        "date": "2019-03-01",
        "commitResults": []
      },
      {
        "insertions": 0,
        "deletions": 0,
        "date": "2019-03-02",
        "commitResults": []
      },
      {
        "insertions": 0,
        "deletions": 0,
        "date": "2019-03-03",
        "commitResults": []
      },
      {
        "insertions": 0,
        "deletions": 0,
        "date": "2019-03-04",
        "commitResults": []
      },
      {
        "insertions": 0,
        "deletions": 0,
        "date": "2019-03-05",
        "commitResults": []
      },
      {
        "insertions": 0,
        "deletions": 0,
        "date": "2019-03-06",
        "commitResults": []
      },
      {
        "insertions": 0,
        "deletions": 0,
        "date": "2019-03-07",
        "commitResults": []
      },
      {
        "insertions": 0,
        "deletions": 0,
        "date": "2019-03-08",
        "commitResults": []
      },
      {
        "insertions": 0,
        "deletions": 0,
        "date": "2019-03-09",
        "commitResults": []
      },
      {
        "insertions": 0,
        "deletions": 0,
        "date": "2019-03-10",
        "commitResults": []
      },
      {
        "insertions": 0,
        "deletions": 0,
        "date": "2019-03-11",
        "commitResults": []
      },
      {
        "insertions": 0,
        "deletions": 0,
        "date": "2019-03-12",
        "commitResults": []
      },
      {
        "insertions": 0,
        "deletions": 0,
        "date": "2019-03-13",
        "commitResults": []
      },
      {
        "insertions": 0,
        "deletions": 0,
        "date": "2019-03-14",
        "commitResults": []
      },
      {
        "insertions": 0,
        "deletions": 0,
        "date": "2019-03-15",
        "commitResults": []
      },
      {
        "insertions": 0,
        "deletions": 0,
        "date": "2019-03-16",
        "commitResults": []
      },
      {
        "insertions": 0,
        "deletions": 0,
        "date": "2019-03-17",
        "commitResults": []
      },
      {
        "insertions": 0,
        "deletions": 0,
        "date": "2019-03-18",
        "commitResults": []
      },
      {
        "insertions": 0,
        "deletions": 0,
        "date": "2019-03-19",
        "commitResults": []
      },
      {
        "insertions": 0,
        "deletions": 0,
        "date": "2019-03-20",
        "commitResults": []
      },
      {
        "insertions": 0,
        "deletions": 0,
        "date": "2019-03-21",
        "commitResults": []
      },
      {
        "insertions": 0,
        "deletions": 0,
        "date": "2019-03-22",
        "commitResults": []
      },
      {
        "insertions": 0,
        "deletions": 0,
        "date": "2019-03-23",
        "commitResults": []
      },
      {
        "insertions": 0,
        "deletions": 0,
        "date": "2019-03-24",
        "commitResults": []
      },
      {
        "insertions": 0,
        "deletions": 0,
        "date": "2019-03-25",
        "commitResults": []
      },
      {
        "insertions": 0,
        "deletions": 0,
        "date": "2019-03-26",
        "commitResults": []
      }
    ],
    "jing1324": [
      {
        "insertions": 0,
        "deletions": 0,
        "date": "2019-02-10",
        "commitResults": []
      },
      {
        "insertions": 0,
        "deletions": 0,
        "date": "2019-02-11",
        "commitResults": []
      },
      {
        "insertions": 0,
        "deletions": 0,
        "date": "2019-02-12",
        "commitResults": []
      },
      {
        "insertions": 0,
        "deletions": 0,
        "date": "2019-02-13",
        "commitResults": []
      },
      {
        "insertions": 0,
        "deletions": 0,
        "date": "2019-02-14",
        "commitResults": []
      },
      {
        "insertions": 0,
        "deletions": 0,
        "date": "2019-02-15",
        "commitResults": []
      },
      {
        "insertions": 0,
        "deletions": 0,
        "date": "2019-02-16",
        "commitResults": []
      },
      {
        "insertions": 0,
        "deletions": 0,
        "date": "2019-02-17",
        "commitResults": []
      },
      {
        "insertions": 0,
        "deletions": 0,
        "date": "2019-02-18",
        "commitResults": []
      },
      {
        "insertions": 62,
        "deletions": 8,
        "date": "2019-02-19",
        "commitResults": [
          {
            "hash": "02d42d733618e98d750826091ee8420663915b33",
            "message": "Modify User guides and user stories and model diagram",
            "insertions": 62,
            "deletions": 8
          }
        ]
      },
      {
        "insertions": 0,
        "deletions": 0,
        "date": "2019-02-20",
        "commitResults": []
      },
      {
        "insertions": 0,
        "deletions": 0,
        "date": "2019-02-21",
        "commitResults": []
      },
      {
        "insertions": 0,
        "deletions": 0,
        "date": "2019-02-22",
        "commitResults": []
      },
      {
        "insertions": 0,
        "deletions": 0,
        "date": "2019-02-23",
        "commitResults": []
      },
      {
        "insertions": 0,
        "deletions": 0,
        "date": "2019-02-24",
        "commitResults": []
      },
      {
        "insertions": 0,
        "deletions": 0,
        "date": "2019-02-25",
        "commitResults": []
      },
      {
        "insertions": 219,
        "deletions": 1,
        "date": "2019-02-26",
        "commitResults": [
          {
            "hash": "c5b91119df8d38c16c7f137e0dcc04bbc16049b8",
            "message": "Add Json Health worker and Request as copies of Json person",
            "insertions": 219,
            "deletions": 1
          }
        ]
      },
      {
        "insertions": 123,
        "deletions": 108,
        "date": "2019-02-27",
        "commitResults": [
          {
            "hash": "3368c8f760ddbfb62395b7059c573831180a3e35",
            "message": "Modify JsonAdapted Classes to fit model classes",
            "insertions": 49,
            "deletions": 34
          },
          {
            "hash": "20e845bd71beb3c5a1e63d3a05f8fb447210ee94",
            "message": "Add requestlist.json file and Request class for json",
            "insertions": 53,
            "deletions": 53
          },
          {
            "hash": "67ac52e11312167b03566e99fd435918ac0a10c9",
            "message": "Add JsonAdaptedRequest class to fit Request class in model",
            "insertions": 21,
            "deletions": 21
          }
        ]
      },
      {
        "insertions": 0,
        "deletions": 0,
        "date": "2019-02-28",
        "commitResults": []
      },
      {
        "insertions": 183,
        "deletions": 31,
        "date": "2019-03-01",
        "commitResults": [
          {
            "hash": "e7c8262ccd66b671c993a9791c7d7cbbbef0a95a",
            "message": "Updated JsonAdaptedRequest fields to fit Request",
            "insertions": 38,
            "deletions": 31
          },
          {
            "hash": "9f8e238cc53b9931053e1a0db1e0fdc33d34b6a9",
            "message": "Added new classes JsonRequestListStorage and JsonSerializableRequestList as copies of addressBook counterparts",
            "insertions": 145,
            "deletions": 0
          }
        ]
      },
      {
        "insertions": 0,
        "deletions": 0,
        "date": "2019-03-02",
        "commitResults": []
      },
      {
        "insertions": 0,
        "deletions": 0,
        "date": "2019-03-03",
        "commitResults": []
      },
      {
        "insertions": 103,
        "deletions": 68,
        "date": "2019-03-04",
        "commitResults": [
          {
            "hash": "feb1dabd9622f52402ffdec3cb30f7d28928a2b8",
            "message": "Attempt to clear travis tests",
            "insertions": 65,
            "deletions": 46
          },
          {
            "hash": "92d5a1caed513ef7aca929fc29d47ecbdb4e451b",
            "message": "Attempt clear travis tests",
            "insertions": 9,
            "deletions": 8
          },
          {
            "hash": "85ee112b6bfd177f5be48c1a5cfd3f078961d564",
            "message": "Fix checkstyle errors",
            "insertions": 1,
            "deletions": 1
          },
          {
            "hash": "7960419a5b97bc4d0901fd2a932520620620e2e4",
            "message": "Fix junit tests on JsonAdapterPerson",
            "insertions": 10,
            "deletions": 9
          },
          {
            "hash": "f63cc958d6cc5af2f4821cb3586bdc54bb9ca6ed",
            "message": "Fix checkstyle errors",
            "insertions": 8,
            "deletions": 4
          },
          {
            "hash": "ce1ca3c2d32cfc11183c6d46a19f065078794d9f",
            "message": "Modified test for Json SerializableAddressBook",
            "insertions": 10,
            "deletions": 0
          }
        ]
      },
      {
        "insertions": 124,
        "deletions": 46,
        "date": "2019-03-05",
        "commitResults": [
          {
            "hash": "0feb3a23601faaf57057712aee7e4e964e06dd65",
            "message": "Modify test cases for SerializableAddressBook",
            "insertions": 2,
            "deletions": 1
          },
          {
            "hash": "1d9eb0a14074a976e52e8827ec0454fdd15b64a4",
            "message": "Remove unnecessary imports",
            "insertions": 1,
            "deletions": 1
          },
          {
            "hash": "05b800a53aedb7bb481b04ed00278da190561fbb",
            "message": "Add nric fields in addressbook.json",
            "insertions": 24,
            "deletions": 0
          },
          {
            "hash": "90f55c88f2e77ff36d54f69cdeaf7e1b3c442b6f",
            "message": "Fix checkstyle errors",
            "insertions": 12,
            "deletions": 12
          },
          {
            "hash": "e124258524977936a6c71587f69993d548a8210d",
            "message": "Modified method signatures for JsonAdapterPersonTest",
            "insertions": 31,
            "deletions": 17
          },
          {
            "hash": "dd83d346a52677ee6ba6c09fd92f5cd601fdac2e",
            "message": "Fix checkstyle errors",
            "insertions": 1,
            "deletions": 2
          },
          {
            "hash": "ed642898415d11f6e00d5671f1442348fa281d23",
            "message": "Fix checkstyle errors",
            "insertions": 12,
            "deletions": 6
          },
          {
            "hash": "9d857757322089d6430fffda8b0fdac2b3f04ab6",
            "message": "Modify tests",
            "insertions": 41,
            "deletions": 7
          }
        ]
      },
      {
        "insertions": 18,
        "deletions": 18,
        "date": "2019-03-06",
        "commitResults": [
          {
            "hash": "30db795fdb15089ae135786b36897fcbe2a058e0",
            "message": "Modify System tests for Edit and Add command",
            "insertions": 10,
            "deletions": 9
          },
          {
            "hash": "e316f45ddd8e63e20e43f771398d3f42918cbed6",
            "message": "Fix checkstyle errors",
            "insertions": 8,
            "deletions": 9
          }
        ]
      },
      {
        "insertions": 0,
        "deletions": 0,
        "date": "2019-03-07",
        "commitResults": []
      },
      {
        "insertions": 0,
        "deletions": 0,
        "date": "2019-03-08",
        "commitResults": []
      },
      {
        "insertions": 0,
        "deletions": 0,
        "date": "2019-03-09",
        "commitResults": []
      },
      {
        "insertions": 297,
        "deletions": 75,
        "date": "2019-03-10",
        "commitResults": [
          {
            "hash": "4feebd4bf0c43c242d37458453625ed4833d13a4",
            "message": "Added Json HealthWorkerBookStorage and SerializableHealthWorkerBook classes",
            "insertions": 103,
            "deletions": 4
          },
          {
            "hash": "d7018197b79fd8edbbdab8da325e6c30b8abe3ff",
            "message": "Implemented Storage to include RequestBook and HealthWorkerBook",
            "insertions": 157,
            "deletions": 68
          },
          {
            "hash": "1fee349cdbb0454ff9230d11b76a4eb925dff8c5",
            "message": "Modify UserPref and MainApp to include healthWorkerBook storage",
            "insertions": 37,
            "deletions": 3
          }
        ]
      },
      {
        "insertions": 429,
        "deletions": 71,
        "date": "2019-03-11",
        "commitResults": [
          {
            "hash": "dcfcef93660dd47d7bb1e03bcd18064b4d3c0246",
            "message": "Fix first round of checkstyle errors",
            "insertions": 20,
            "deletions": 7
          },
          {
            "hash": "3d8e6a1f9072994307922473a0b28d2c045d28fa",
            "message": "Fix checkstyle errors",
            "insertions": 2,
            "deletions": 2
          },
          {
            "hash": "c9e8354d120de691cf8f3681f8a7d080b4202e33",
            "message": "Fix more checkstyle errors",
            "insertions": 2,
            "deletions": 2
          },
          {
            "hash": "bc547423df70841097a3dded768e3f4e79d34f23",
            "message": "Added dummy test classes",
            "insertions": 301,
            "deletions": 0
          },
          {
            "hash": "e38a5013189fabbedfec3f49989d98739bccdee5",
            "message": "Added dummy test classes as copies of AddressBookStorageTest",
            "insertions": 16,
            "deletions": 19
          },
          {
            "hash": "3debd52306272713670e0bf9ae26bd869175418b",
            "message": "Add files for JsonAddressBookStorageTest",
            "insertions": 88,
            "deletions": 41
          }
        ]
      },
      {
        "insertions": 341,
        "deletions": 110,
        "date": "2019-03-12",
        "commitResults": [
          {
            "hash": "fbabe93fe76885e52e6c45691f25ddb25cbbd090",
            "message": "Modified JsonRequestBookStorageTest and add test files",
            "insertions": 158,
            "deletions": 58
          },
          {
            "hash": "621615d8f9dc25045c81d09576ff60e773239646",
            "message": "Fix checkstyle errors",
            "insertions": 130,
            "deletions": 8
          },
          {
            "hash": "ea8ff1d000856fc65f246fba7c5f602bdf552a15",
            "message": "Fix checkstyle errors again",
            "insertions": 28,
            "deletions": 26
          },
          {
            "hash": "f1d7daef7aa13270d28f43d05bb698d98b4b63c6",
            "message": "Fix more checkstyle errors",
            "insertions": 14,
            "deletions": 13
          },
          {
            "hash": "440b656a8b31293ef494bb80401c8be6c455f436",
            "message": "Fix even more checkstyle errors",
            "insertions": 7,
            "deletions": 1
          },
          {
            "hash": "d53bedac8cde7054df839f485c73325d91623393",
            "message": "Fix checkstyle errors",
            "insertions": 4,
            "deletions": 4
          }
        ]
      },
      {
        "insertions": 217,
        "deletions": 22,
        "date": "2019-03-13",
        "commitResults": [
          {
            "hash": "fc5278ce991d5d862a571afe4e1fba5639f678ba",
            "message": "Added data files for addressbook",
            "insertions": 113,
            "deletions": 18
          },
          {
            "hash": "c1824bf19e8163f3cbdcd48603bf0d602ce408e2",
            "message": "Add EOF at the end of file",
            "insertions": 2,
            "deletions": 2
          },
          {
            "hash": "eb25e3789940ea3b30700b7443dea4cdaeb989ad",
            "message": "Fix checkstyle errors",
            "insertions": 1,
            "deletions": 1
          },
          {
            "hash": "1c5f2b90f254be5d9071cc036bc687996cb99c0c",
            "message": "Fix checkstyle errors",
            "insertions": 101,
            "deletions": 1
          }
        ]
      },
      {
        "insertions": 0,
        "deletions": 0,
        "date": "2019-03-14",
        "commitResults": []
      },
      {
        "insertions": 0,
        "deletions": 0,
        "date": "2019-03-15",
        "commitResults": []
      },
      {
        "insertions": 0,
        "deletions": 0,
        "date": "2019-03-16",
        "commitResults": []
      },
      {
        "insertions": 1765,
        "deletions": 283,
        "date": "2019-03-17",
        "commitResults": [
          {
            "hash": "3b08472ca229e20d7b51b7033a72f95d3cd73c3b",
            "message": "Fix merge conflicts",
            "insertions": 1423,
            "deletions": 254
          },
          {
            "hash": "debc067ab52c1ba74b3cd7b8ef949c364eb8e412",
            "message": "Add storage classes for patientbook",
            "insertions": 188,
            "deletions": 0
          },
          {
            "hash": "83918c9a4ce95128803c1ed3663c53090a7d76ce",
            "message": "Fixed some broken tests",
            "insertions": 154,
            "deletions": 29
          }
        ]
      },
      {
        "insertions": 372,
        "deletions": 243,
        "date": "2019-03-18",
        "commitResults": [
          {
            "hash": "58bd78374a381a10f12504d4841327f5bcc775ab",
            "message": "Attempt to fix RequestBookStorage tests",
            "insertions": 166,
            "deletions": 0
          },
          {
            "hash": "81d10404e67c18a0be7af1a4bdba1877342cb373",
            "message": "Fix bugs with tests",
            "insertions": 206,
            "deletions": 243
          }
        ]
      },
      {
        "insertions": 1043,
        "deletions": 546,
        "date": "2019-03-19",
        "commitResults": [
          {
            "hash": "c548745f8131a816374a4e5470c09d36a30de203",
            "message": "Added JsonPatientStorageTest",
            "insertions": 658,
            "deletions": 400
          },
          {
            "hash": "4592a03cb7c9fb340bcf1de2564005105cd0745e",
            "message": "Fix part of serializable tests",
            "insertions": 107,
            "deletions": 43
          },
          {
            "hash": "3f8f25bf87ad2d503d59aa510da42c74bb40cc30",
            "message": "Fixed Json Serializable healthworkers test",
            "insertions": 48,
            "deletions": 4
          },
          {
            "hash": "924f7bbceb832d1c018cc29832f87b524c0f668b",
            "message": "Fix checkstyle errors",
            "insertions": 41,
            "deletions": 25
          },
          {
            "hash": "bf3f6e95b8875ee77514df2e898034f7ae41736a",
            "message": "Fix more checkstyle errors",
            "insertions": 9,
            "deletions": 9
          },
          {
            "hash": "e5ac8d68486d3e6c07ced3c90c5b9f5f4d5c9920",
            "message": "Fix last of checkstyle errors",
            "insertions": 1,
            "deletions": 1
          },
          {
            "hash": "2e924a1c7720d6b1319a660b92ddc9c8f630cd82",
            "message": "Fix bugs preventing app from running",
            "insertions": 88,
            "deletions": 11
          },
          {
            "hash": "f396180bada181d15f2ef40c39249d45b0520d6e",
            "message": "Fix checkstyle errors",
            "insertions": 32,
            "deletions": 28
          },
          {
            "hash": "1f212a7b794c7aa407a046c83c9e3060a4edb834",
            "message": "Fix more checkstyle errors",
            "insertions": 10,
            "deletions": 9
          },
          {
            "hash": "cca27782f722889ed7aed45854733bc3a4571db6",
            "message": "Fix more checkstyle errors",
            "insertions": 1,
            "deletions": 1
          },
          {
            "hash": "d6385ae8244c599ba92ef134577cad0fac0d8a1f",
            "message": "Fixed JsonSerializedAddressbookTest",
            "insertions": 3,
            "deletions": 4
          },
          {
            "hash": "94fa434d461aa96ec70ab8a8127c472fca503039",
            "message": "Add jsonfilegenerator under tests for developer\u0027s guide",
            "insertions": 11,
            "deletions": 3
          },
          {
            "hash": "98c7840bad295d3f79fc8dc5ec95e9b2cc693fee",
            "message": "Fix checkstyle errors",
            "insertions": 2,
            "deletions": 1
          },
          {
            "hash": "5346099ca7233a36c417636290facc40d9551872",
            "message": "Fix checkstyle errors",
            "insertions": 2,
            "deletions": 1
          },
          {
            "hash": "27014103dd7ada7b96ba9d8c15c5da7bb1e849fd",
            "message": "Fix bug for Patient tests",
            "insertions": 30,
            "deletions": 6
          }
        ]
      },
      {
        "insertions": 0,
        "deletions": 0,
        "date": "2019-03-20",
        "commitResults": []
      },
      {
        "insertions": 16,
        "deletions": 12,
        "date": "2019-03-21",
        "commitResults": [
          {
            "hash": "35e126593edda11c28d4a3b160b96b37e53970fb",
            "message": "Make small changes to user guide",
            "insertions": 16,
            "deletions": 12
          }
        ]
      },
      {
        "insertions": 0,
        "deletions": 0,
        "date": "2019-03-22",
        "commitResults": []
      },
      {
        "insertions": 0,
        "deletions": 0,
        "date": "2019-03-23",
        "commitResults": []
      },
      {
        "insertions": 1201,
        "deletions": 1757,
        "date": "2019-03-24",
        "commitResults": [
          {
            "hash": "8bc734d3114bb3fcfb5d7bcec38ec88fdf8da8d4",
            "message": "Remove AddPersonCommand and DeletePersonCommand",
            "insertions": 846,
            "deletions": 1030
          },
          {
            "hash": "19651c016de45c6ca4e9e14ef2d7cdb0523f40a8",
            "message": "Remove EditPersonCommand",
            "insertions": 13,
            "deletions": 256
          },
          {
            "hash": "9ce2bd09f446e7622e2d700a9a908a9d446d3419",
            "message": "Fix small issue with requestbook storage test",
            "insertions": 28,
            "deletions": 72
          },
          {
            "hash": "55bba13714764fc58f4ef91e9a0034f3c7c1c644",
            "message": "Modify SampleDataUtil to return requestbook and healthworkerbook",
            "insertions": 58,
            "deletions": 15
          },
          {
            "hash": "c259fea6dc2867de3452ed75f92a021b57f8ed77",
            "message": "Fix checkstyle errors",
            "insertions": 19,
            "deletions": 149
          },
          {
            "hash": "54e927272dd05ca3da9ac37146bfc890591b42de",
            "message": "Fix checkstyle errors",
            "insertions": 1,
            "deletions": 1
          },
          {
            "hash": "f5561c1791b55a6d1cd6228a0c64b692981f12f6",
            "message": "Commented out unused system tests",
            "insertions": 200,
            "deletions": 200
          },
          {
            "hash": "23026077e8fe2708ddffac4bd19ccc601e76f8b2",
            "message": "Fix compilation errors",
            "insertions": 10,
            "deletions": 20
          },
          {
            "hash": "cba453178acccfdefc6892ae764d7a9f332d63b5",
            "message": "Fix checkstyle errors",
            "insertions": 0,
            "deletions": 1
          },
          {
            "hash": "0345634e3b0cccdaacc523362ac2e5a12d02865c",
            "message": "Fix checkstyle errors",
            "insertions": 22,
            "deletions": 11
          },
          {
            "hash": "33580db440e4d0534866e91d841b0756040ded86",
            "message": "Fix checkstyle errors",
            "insertions": 4,
            "deletions": 2
          }
        ]
      },
      {
        "insertions": 0,
        "deletions": 0,
        "date": "2019-03-25",
        "commitResults": []
      },
      {
        "insertions": 0,
        "deletions": 0,
        "date": "2019-03-26",
        "commitResults": []
      }
    ],
    "Lookuz": [
      {
        "insertions": 0,
        "deletions": 0,
        "date": "2019-02-10",
        "commitResults": []
      },
      {
        "insertions": 0,
        "deletions": 0,
        "date": "2019-02-11",
        "commitResults": []
      },
      {
        "insertions": 0,
        "deletions": 0,
        "date": "2019-02-12",
        "commitResults": []
      },
      {
        "insertions": 0,
        "deletions": 0,
        "date": "2019-02-13",
        "commitResults": []
      },
      {
        "insertions": 0,
        "deletions": 0,
        "date": "2019-02-14",
        "commitResults": []
      },
      {
        "insertions": 0,
        "deletions": 0,
        "date": "2019-02-15",
        "commitResults": []
      },
      {
        "insertions": 0,
        "deletions": 0,
        "date": "2019-02-16",
        "commitResults": []
      },
      {
        "insertions": 0,
        "deletions": 0,
        "date": "2019-02-17",
        "commitResults": []
      },
      {
        "insertions": 157,
        "deletions": 201,
        "date": "2019-02-18",
        "commitResults": [
          {
            "hash": "b06c75b4e23cb82057bcfa2cb459a013e5493956",
            "message": "Edited the UserGuide.adoc to better the fit the initial current projection description. Included some of the basic commands to be implemented in the initial steps of the project. Some points to take note of are: - Include unique identifier for Request so that assigning/editing/deleting is easier.",
            "insertions": 117,
            "deletions": 112
          },
          {
            "hash": "1d99922e9424b841a00976e719502aebe71d9987",
            "message": "Fixed some minor details in the description",
            "insertions": 2,
            "deletions": 55
          },
          {
            "hash": "1073e7d2ae0910e5a86511187949508782325537",
            "message": "Fixed trailing whitespace issue. Updated summary portion of UserGuide.adoc.",
            "insertions": 11,
            "deletions": 19
          },
          {
            "hash": "c50df39fc375b42ce0478dede1fa4fe59d16d51e",
            "message": "Fixed trailing whitespace issue. Updated summary portion of UserGuide.adoc.",
            "insertions": 1,
            "deletions": 2
          },
          {
            "hash": "d02f2875581a53b9c744d088e3380f2bae24b8a5",
            "message": "Fixed trailing whitespace issue. Updated summary portion of UserGuide.adoc.",
            "insertions": 8,
            "deletions": 8
          },
          {
            "hash": "d94af7c579c11f350d8013af649d34766e6227c3",
            "message": "Fixed trailing whitespace issue. Updated summary portion of UserGuide.adoc.",
            "insertions": 10,
            "deletions": 4
          },
          {
            "hash": "039594827bbe7e113fe644f1c9fbadaa6557a383",
            "message": "Fixed trailing whitespace issue. Updated summary portion of UserGuide.adoc.",
            "insertions": 7,
            "deletions": 0
          },
          {
            "hash": "db5231178a4c2aa6df3fd85429b425ccfcce35e8",
            "message": "Fixed trailing whitespace issue. Updated summary portion of UserGuide.adoc.",
            "insertions": 1,
            "deletions": 1
          }
        ]
      },
      {
        "insertions": 4,
        "deletions": 2,
        "date": "2019-02-19",
        "commitResults": [
          {
            "hash": "54b7aa9bfa4762d5d70421b5b34b91cb3484293a",
            "message": "Added newline to EOF",
            "insertions": 1,
            "deletions": 1
          },
          {
            "hash": "dab94815b48590dd1687826ebcc5fe68247d5104",
            "message": "Fixed build.gradle issues",
            "insertions": 2,
            "deletions": 0
          },
          {
            "hash": "5372fe4e8c4749f1e4a0bab5356622331eef483f",
            "message": "Added newline to EOF for build.gradle",
            "insertions": 1,
            "deletions": 1
          }
        ]
      },
      {
        "insertions": 0,
        "deletions": 0,
        "date": "2019-02-20",
        "commitResults": []
      },
      {
        "insertions": 0,
        "deletions": 0,
        "date": "2019-02-21",
        "commitResults": []
      },
      {
        "insertions": 0,
        "deletions": 0,
        "date": "2019-02-22",
        "commitResults": []
      },
      {
        "insertions": 242,
        "deletions": 42,
        "date": "2019-02-23",
        "commitResults": [
          {
            "hash": "eced87435101ce2ffb55709346cec9de361eab45",
            "message": "Added NRIC class for representation in Person class",
            "insertions": 90,
            "deletions": 4
          },
          {
            "hash": "043412d4afd56091bf8a25686052f45125ae310c",
            "message": "Fixed indentation errors",
            "insertions": 25,
            "deletions": 25
          },
          {
            "hash": "6e406647dfee311b3ddfcbbe2d6523ab8f379d68",
            "message": "Fixed import organization for Person class.",
            "insertions": 6,
            "deletions": 6
          },
          {
            "hash": "6e5ecbee7cfd5619f5aee7ef6d0a160582a47860",
            "message": "Fixed import organization for Addressbook class.",
            "insertions": 4,
            "deletions": 4
          },
          {
            "hash": "def41783aa891baa376a72bcd0869ca112526f95",
            "message": "Adjusted constructor method for Person class.",
            "insertions": 1,
            "deletions": 1
          },
          {
            "hash": "ebac3805467ae20357538789ee602d891a6e8399",
            "message": "Added Organization for use in HealthWorker class. Added HealthWorker class that extends from Person class.",
            "insertions": 106,
            "deletions": 0
          },
          {
            "hash": "254d3947f89b4684135b12377f2b9911182d3757",
            "message": "Added Javadoc comments for Organization and Health Worker class.",
            "insertions": 10,
            "deletions": 2
          }
        ]
      },
      {
        "insertions": 0,
        "deletions": 0,
        "date": "2019-02-24",
        "commitResults": []
      },
      {
        "insertions": 478,
        "deletions": 88,
        "date": "2019-02-25",
        "commitResults": [
          {
            "hash": "d9bf280959539995742c5fb3d4f2009166ea6c44",
            "message": "Added JUnit Tests for Organization class.",
            "insertions": 54,
            "deletions": 3
          },
          {
            "hash": "e125bb3520b138de9b7c9d910940ad9554905de2",
            "message": "Added JUnit Tests for Nric and HealthWorker classes. Added HealthWorkerBuilder utility class to assist in building test HealthWorker objects for testing. Added auxiliary test HealthWorker objects under TypicalPersons class.",
            "insertions": 290,
            "deletions": 16
          },
          {
            "hash": "eb9851675986b9f0d51a973a23a09bad4910d18b",
            "message": "Modified OrganizationTest class.",
            "insertions": 3,
            "deletions": 4
          },
          {
            "hash": "fce529c8b5c9049aa17423348f2a1ba9a8dda182",
            "message": "Modified OrganizationTest class.",
            "insertions": 5,
            "deletions": 0
          },
          {
            "hash": "2f48dcdac702225b63572fd3a62073ce73b1e570",
            "message": "Modified style errors.",
            "insertions": 11,
            "deletions": 8
          },
          {
            "hash": "20fb34d722ba9215bf1fba142e5bc85d3bfc5c7b",
            "message": "Modified even more style errors.",
            "insertions": 21,
            "deletions": 3
          },
          {
            "hash": "3e5aeb9e455c847f3036ac2512791fb811e9037b",
            "message": "MODIFIED SOME MORE STYLE ERRORS",
            "insertions": 10,
            "deletions": 10
          },
          {
            "hash": "c9e5db588539aa45dd129b3f1f13ac8bdb1ecf3b",
            "message": "Unfortunately also fixing checkstyle errors.",
            "insertions": 9,
            "deletions": 5
          },
          {
            "hash": "81428707c1428c93ddbe6306f38d913f249ef498",
            "message": "Fixed HealthWorker, HealthWorkerBuilder, TypicalPersons, HealthWorker and Persons class to include NRIC in testing and building.",
            "insertions": 40,
            "deletions": 29
          },
          {
            "hash": "09a0f7011e46752cf4a9b9856fa5c77db03ece43",
            "message": "Fixed Import error for TypicalPersons class.",
            "insertions": 22,
            "deletions": 2
          },
          {
            "hash": "d7413d5d2b55a5ed20ddd6e6784d2dc8e10c5baf",
            "message": "Fixed style errors.",
            "insertions": 13,
            "deletions": 8
          }
        ]
      },
      {
        "insertions": 0,
        "deletions": 0,
        "date": "2019-02-26",
        "commitResults": []
      },
      {
        "insertions": 417,
        "deletions": 227,
        "date": "2019-02-27",
        "commitResults": [
          {
            "hash": "f2f34ec3f5cad8f23a12ab0d42c5fd1575418c6a",
            "message": "Added Specialisation Enum and SpecialisationTest.",
            "insertions": 114,
            "deletions": 0
          },
          {
            "hash": "e6f342fd1da0b9e8d6e01cc64a694fbaa61967bc",
            "message": "Added Skills and SkillsTest class.",
            "insertions": 140,
            "deletions": 2
          },
          {
            "hash": "681c02d0431e501f5bd809f2dbdfa14f94785773",
            "message": "Updated HealthWorker related classes",
            "insertions": 142,
            "deletions": 196
          },
          {
            "hash": "44f670d44f0f14e1ba37ecf8846ebe843366ec75",
            "message": "Fixed order for imports.",
            "insertions": 6,
            "deletions": 18
          },
          {
            "hash": "5e198099d712ae6a76d834ec53c4dc92b12aef02",
            "message": "Fixed import order for TypicalPersons class.",
            "insertions": 3,
            "deletions": 3
          },
          {
            "hash": "c68fa2b1bb76ce38f574b28f3e0a2beebee239c4",
            "message": "Fixed bugs in HealthWorker Tests and HealthWorkerBuilder.",
            "insertions": 10,
            "deletions": 5
          },
          {
            "hash": "d6f37d2bf9659b2ada5a0f64c2fde2509f4c24aa",
            "message": "Remove unused import in HealthWorkerTest.",
            "insertions": 0,
            "deletions": 1
          },
          {
            "hash": "2252dcbf1d03b1dfe66213f3073609f8b6172b93",
            "message": "Fixed minor bugs in Person class.",
            "insertions": 1,
            "deletions": 1
          },
          {
            "hash": "a3de18e21937f7332d78dfb88483d6f0f8700f87",
            "message": "Rerun test scripts.",
            "insertions": 1,
            "deletions": 1
          }
        ]
      },
      {
        "insertions": 434,
        "deletions": 36,
        "date": "2019-02-28",
        "commitResults": [
          {
            "hash": "33a4cb12655fa0d3f9387f4210db858b47660956",
            "message": "Added Skills field to HealthWorker class. Modified Tests for HealthWorker and Skills.",
            "insertions": 146,
            "deletions": 26
          },
          {
            "hash": "18dfa234a99915987fa80e9bde387b00b2562076",
            "message": "Fixed unused imports.",
            "insertions": 0,
            "deletions": 1
          },
          {
            "hash": "02a54a201949569bbae5bcc1d98adfef83007756",
            "message": "Fixed checkstyle errors.",
            "insertions": 6,
            "deletions": 6
          },
          {
            "hash": "cc80560d25b9be62ec900c9e5383609127b7ec64",
            "message": "Added CommandMode enum for facilitating the checking of modes for adding, editing and deleting objects. Added ArgumentTokenizer.checkMode method for checking argument modes.",
            "insertions": 102,
            "deletions": 0
          },
          {
            "hash": "73401b4aa99ec68f13dff3a9bf067d559c4a74dd",
            "message": "Fixed checkstyle for CliSyntax class.",
            "insertions": 1,
            "deletions": 1
          },
          {
            "hash": "961b0ceb16c0650ba8c852c132bbf9603f1b66d4",
            "message": "Created UniqueHealthWorkerList class for use in AddressBook.",
            "insertions": 179,
            "deletions": 2
          }
        ]
      },
      {
        "insertions": 466,
        "deletions": 68,
        "date": "2019-03-01",
        "commitResults": [
          {
            "hash": "8832789b23471e5eca70ff079e9b3c5deaf8c6b7",
            "message": "Created UniqueHealthWorkerListTest.",
            "insertions": 189,
            "deletions": 33
          },
          {
            "hash": "e92f7e9b8b03fce958813d39c8cd1ad953372d4d",
            "message": "Updated UniqueHealthWorkerListTest.",
            "insertions": 12,
            "deletions": 0
          },
          {
            "hash": "7c4e4576d0119099f2c149107b57cabc6f499bb2",
            "message": "Fixed checkstyle errors for UniqueHealthWorkerListTest.",
            "insertions": 28,
            "deletions": 31
          },
          {
            "hash": "83f9f534af843763775b229542acc342d5630910",
            "message": "Added methods in Model and ModelManager to support operations on UniqueHealthWorkerList. Updated comment tags to include author.",
            "insertions": 70,
            "deletions": 1
          },
          {
            "hash": "97cd054db5742993573c2fb7e0646fce0c27e39a",
            "message": "Updated ModelManagerTest to support newly added UniqueHealthWorkerList operations.",
            "insertions": 91,
            "deletions": 1
          },
          {
            "hash": "13bd6fa707992dd1ef500d0cc7300e51bf2704f5",
            "message": "Added AddHealthWorkerCommand class.",
            "insertions": 76,
            "deletions": 2
          }
        ]
      },
      {
        "insertions": 372,
        "deletions": 37,
        "date": "2019-03-02",
        "commitResults": [
          {
            "hash": "ffacfb30b71a5da663bdeb3849b83cb3baff728d",
            "message": "Added parseNric, parseOrganization, parseSpecialisation and parseSpecialisations methods in ParserUtil class",
            "insertions": 93,
            "deletions": 5
          },
          {
            "hash": "55ede670e6361cf9870d3a61233c2a29f06a6ace",
            "message": "Added parseNricTest, parseOrganizationTest, parseSpecialisationTest and parseSpecialisationsTest methods in ParserUtilTest class",
            "insertions": 105,
            "deletions": 7
          },
          {
            "hash": "96b6e321ebe852a6bff66f3986aa81f0dbfcb572",
            "message": "Added AddHealthWorkerCommandTest class.",
            "insertions": 127,
            "deletions": 19
          },
          {
            "hash": "26fde1920da2e85bea68578fff8bff8dc13332fa",
            "message": "Fixed unused imports in AddCommandParser class",
            "insertions": 0,
            "deletions": 2
          },
          {
            "hash": "78d00c16ac999efa073ba9c3473c4dabef409400",
            "message": "Fixed checkstyle errorsin ParserUtilTest class",
            "insertions": 3,
            "deletions": 4
          },
          {
            "hash": "0ae4f3d21c61b47529d09dc06bca49e5bcc511a6",
            "message": "Added parseAddHealthWorker method in AddCommandParser class",
            "insertions": 44,
            "deletions": 0
          }
        ]
      },
      {
        "insertions": 244,
        "deletions": 82,
        "date": "2019-03-03",
        "commitResults": [
          {
            "hash": "38a2fbe86f93e87fc3d8c7d83c9ec49367bba120",
            "message": "Added parseAddHealthWorker method to AddCommandParserTest class",
            "insertions": 203,
            "deletions": 50
          },
          {
            "hash": "0c3d58b6164ba66e7bac486d39045bde577ff34a",
            "message": "Fixed checkstyle errors for AddCommandParserTest class.",
            "insertions": 39,
            "deletions": 31
          },
          {
            "hash": "09a7e2f5c866d36d9bafd5fdef8caa548e2a2df9",
            "message": "Added TODO to AddCommandParser.",
            "insertions": 2,
            "deletions": 1
          }
        ]
      },
      {
        "insertions": 0,
        "deletions": 0,
        "date": "2019-03-04",
        "commitResults": []
      },
      {
        "insertions": 249,
        "deletions": 193,
        "date": "2019-03-05",
        "commitResults": [
          {
            "hash": "fd6a99923fa84ae2a85001649d493148884de0a5",
            "message": "Implemented AddCommand Abstract Class.",
            "insertions": 249,
            "deletions": 193
          }
        ]
      },
      {
        "insertions": 548,
        "deletions": 385,
        "date": "2019-03-06",
        "commitResults": [
          {
            "hash": "4d26543f199508ef249247d25bcd48aef41accf2",
            "message": "Fixed checkstyle for AddCommandParser class.",
            "insertions": 6,
            "deletions": 4
          },
          {
            "hash": "31d81aabcbd79d03169760c88e3de6a33dc324f6",
            "message": "Fixed even more checkstyle for AddCommandParser class.",
            "insertions": 5,
            "deletions": 5
          },
          {
            "hash": "2ca32a8a902b8af370a442c3ebba6cc5044e2c1c",
            "message": "Fixed too many checkstyle for AddCommandParser class.",
            "insertions": 1,
            "deletions": 1
          },
          {
            "hash": "6a23f5b01517a7aaee15a15ffaee0becd171be4f",
            "message": "Fixed unlimited amount of checkstyle errors for AddCommandParser class.",
            "insertions": 16,
            "deletions": 16
          },
          {
            "hash": "4f2c0c9ead7aafc4cf3f44542a5fde2d9f9628df",
            "message": "Fixed an ungodly amount of checkstyle errors for AddCommandParser class.",
            "insertions": 2,
            "deletions": 2
          },
          {
            "hash": "f3d60231ce582afc3c91870a4d957d83a7202b9f",
            "message": "Created EditCommand abstract class.",
            "insertions": 350,
            "deletions": 331
          },
          {
            "hash": "111b63737a879bb67f4a155af142abd435d9f6cf",
            "message": "Modified parameter names in AddCommand class.",
            "insertions": 4,
            "deletions": 4
          },
          {
            "hash": "86fa62d44d24cc7a83a0f8723e30b12659f1afc0",
            "message": "Added EditHealthWorkerCommand Class.",
            "insertions": 34,
            "deletions": 9
          },
          {
            "hash": "d8c94d21223ad6477c598ce5870d477d76191472",
            "message": "Added EditHealthWorkerDescriptor class to EditHealthWorkerCommand class.",
            "insertions": 130,
            "deletions": 13
          }
        ]
      },
      {
        "insertions": 0,
        "deletions": 0,
        "date": "2019-03-07",
        "commitResults": []
      },
      {
        "insertions": 500,
        "deletions": 150,
        "date": "2019-03-08",
        "commitResults": [
          {
            "hash": "f4bfdec36547977192f86980ab740001c7a62228",
            "message": "Added HealthWorkerBook, VersionedBook, VersionedHealthWorkerBook classes.",
            "insertions": 308,
            "deletions": 43
          },
          {
            "hash": "875e5db167b55c48de9f61ffbb924d43945a3456",
            "message": "Modified ModelManager to use HealthWorkerBook.",
            "insertions": 52,
            "deletions": 22
          },
          {
            "hash": "2ddbec30a1c26bc356e41b5e219e230330dde6b5",
            "message": "Updated test files to use new ModelManager Constructor.",
            "insertions": 68,
            "deletions": 36
          },
          {
            "hash": "a39a785480e309bd53475ca2a8963af4dfb698e1",
            "message": "Fixed checkstyle errors.",
            "insertions": 17,
            "deletions": 9
          },
          {
            "hash": "e33f86985262bb9c5e4da1816763c7a5d18a1d17",
            "message": "Fixed more checkstyle errors.",
            "insertions": 53,
            "deletions": 38
          },
          {
            "hash": "42353d4fb8fe5359fa86fd9aea8ae73ccf589a43",
            "message": "Fixed even more checkstyle errors.",
            "insertions": 2,
            "deletions": 2
          }
        ]
      },
      {
        "insertions": 0,
        "deletions": 0,
        "date": "2019-03-09",
        "commitResults": []
      },
      {
        "insertions": 264,
        "deletions": 72,
        "date": "2019-03-10",
        "commitResults": [
          {
            "hash": "bc17f746c7c20929540a47ab5647891defe160c6",
            "message": "Added HealthWorkerBookTest.",
            "insertions": 156,
            "deletions": 6
          },
          {
            "hash": "7f3e32b80c16db84e2e06e911b25ddd81c8aaa2b",
            "message": "Created HealthWorkerBookBuilder class.",
            "insertions": 86,
            "deletions": 59
          },
          {
            "hash": "0d88bb022cfb60cf34b1aa0842af2581f2266e3a",
            "message": "Fixed checkstyle errors.",
            "insertions": 20,
            "deletions": 4
          },
          {
            "hash": "6960a3dde8e6d14743e573e3769818b599acbe60",
            "message": "Fixed more checkstyle errors.",
            "insertions": 2,
            "deletions": 3
          }
        ]
      },
      {
        "insertions": 651,
        "deletions": 83,
        "date": "2019-03-11",
        "commitResults": [
          {
            "hash": "9a1d92360a744e8f7dd99e7b5f2c1473c829dff3",
            "message": "Added VersionHealthWorkerBookTest.",
            "insertions": 244,
            "deletions": 2
          },
          {
            "hash": "afd922ec478bad2aa3ca36197d640e41e624eba7",
            "message": "Removed HealthWorker related operations and fields in AddressBook.",
            "insertions": 1,
            "deletions": 58
          },
          {
            "hash": "39417e9cae69b4aa7e16755b76ce2901314b676b",
            "message": "Implemented execute method in EditHealthWorkerCommand.",
            "insertions": 18,
            "deletions": 2
          },
          {
            "hash": "e2f4e7336b77c27dc0a128d2179ebaadc88fe987",
            "message": "Added EditHealthWorkerDescriptorBuilder class for use in testing.",
            "insertions": 205,
            "deletions": 21
          },
          {
            "hash": "78b21eccd8fd739239ce62dc25206e1660d3c463",
            "message": "Added EditHealthWorkerCommandTest.",
            "insertions": 180,
            "deletions": 0
          },
          {
            "hash": "2d23b57aa36c4d59a0cd47010becdc755c38c72f",
            "message": "Added Javadoc comment for EditHealthWorkerDescriptorBuilder.",
            "insertions": 3,
            "deletions": 0
          }
        ]
      },
      {
        "insertions": 371,
        "deletions": 113,
        "date": "2019-03-12",
        "commitResults": [
          {
            "hash": "3da8b235692a3fcaf9c5e5cc06be599a4412e46a",
            "message": "Added tests to existing EditCommandParserTest.",
            "insertions": 266,
            "deletions": 33
          },
          {
            "hash": "c5c263354c3b9bbb29bc3b50c85f68334fd7763f",
            "message": "Fixed checkstyle errors in EditCommandParser.",
            "insertions": 2,
            "deletions": 2
          },
          {
            "hash": "e2bb9e9f35c60904973815d1b0508878db5e9e69",
            "message": "Fixed more checkstyle errors in EditCommandParser.",
            "insertions": 24,
            "deletions": 13
          },
          {
            "hash": "0af18d05ee6782df3db0559d0c7fdeaeee0ebca2",
            "message": "Fixed even more checkstyle errors in EditCommandParser.",
            "insertions": 1,
            "deletions": 1
          },
          {
            "hash": "c55af7bbab2e10b1f7c8ee7a9d5bc55498b45ea3",
            "message": "Made changes to Tests involving EditCommand",
            "insertions": 44,
            "deletions": 30
          },
          {
            "hash": "fc5a7958275b18eb0fc6c135dc5e4abea186bf38",
            "message": "Fixed checkstyle errors in EditPersonCommandSystemTest.",
            "insertions": 10,
            "deletions": 10
          },
          {
            "hash": "90e1e5c1890f57eb697f11ae72c4602004996289",
            "message": "Fixed spacing errors in EditPersonCommandSystemTest.",
            "insertions": 12,
            "deletions": 12
          },
          {
            "hash": "6c2ae8a505a89f96dca8c67d39a370597cf17794",
            "message": "Fixed checkstyle errors in test files.",
            "insertions": 12,
            "deletions": 12
          }
        ]
      },
      {
        "insertions": 35,
        "deletions": 25,
        "date": "2019-03-13",
        "commitResults": [
          {
            "hash": "aece4c44f017c6f6234adc41591aae624cb9bdde",
            "message": "Fixed minor bug in EditCommandParser.",
            "insertions": 35,
            "deletions": 25
          }
        ]
      },
      {
        "insertions": 213,
        "deletions": 117,
        "date": "2019-03-14",
        "commitResults": [
          {
            "hash": "7f0bf68a5fb82aef5fc1cef7054a5b7330074335",
            "message": "Created DeleteCommand abstract class. Refactored previous DeleteCommand -\u003e DeletePersonCommand class.",
            "insertions": 128,
            "deletions": 111
          },
          {
            "hash": "8caebfef2322719ccef6fed5732c21b34e42fc21",
            "message": "Created DeleteHealthWorkerCommand",
            "insertions": 85,
            "deletions": 6
          }
        ]
      },
      {
        "insertions": 911,
        "deletions": 194,
        "date": "2019-03-15",
        "commitResults": [
          {
            "hash": "f77242cfeba1aa582c111640525ce852a2ce63c7",
            "message": "Created DeleteHealthWorkerCommandTest",
            "insertions": 104,
            "deletions": 0
          },
          {
            "hash": "65c86d1b6964bd5a0367156ce26c8d5ca4739d35",
            "message": "Fixed checkstyle errors",
            "insertions": 11,
            "deletions": 7
          },
          {
            "hash": "cdb90f39c39d2987a9ced0a3917aab6a624351a8",
            "message": "Fixed more checkstyle errors",
            "insertions": 8,
            "deletions": 5
          },
          {
            "hash": "628404faaff5e6099bdbe9092eaba47a1841cbd3",
            "message": "Why so many checkstyle errors!?",
            "insertions": 2,
            "deletions": 1
          },
          {
            "hash": "ffc9dba3974e715ad1876aa1f561fc165eb984f8",
            "message": "Fixed bug in ArgumentTokenizer.checkMode method.",
            "insertions": 2,
            "deletions": 2
          },
          {
            "hash": "ea6661c31b5212f3a349f23b4dfe34642800c50a",
            "message": "Added changes to DeleteCommandParser to delete HealthWorker.",
            "insertions": 31,
            "deletions": 4
          },
          {
            "hash": "4a8669ae173f0bd09150ad99101a0bd8993be854",
            "message": "Fixed merge conflict issues.",
            "insertions": 751,
            "deletions": 174
          },
          {
            "hash": "6c0c48a3e06a89799c86b156b518973a1a3a8b95",
            "message": "Fixed checkstyle errors",
            "insertions": 2,
            "deletions": 1
          }
        ]
      },
      {
        "insertions": 0,
        "deletions": 0,
        "date": "2019-03-16",
        "commitResults": []
      },
      {
        "insertions": 0,
        "deletions": 0,
        "date": "2019-03-17",
        "commitResults": []
      },
      {
        "insertions": 0,
        "deletions": 0,
        "date": "2019-03-18",
        "commitResults": []
      },
      {
        "insertions": 229,
        "deletions": 64,
        "date": "2019-03-19",
        "commitResults": [
          {
            "hash": "22639ab52f096bc7fc1a064af9b4b50fbee14d91",
            "message": "Updated User Guide to include detailed description of each command.",
            "insertions": 191,
            "deletions": 60
          },
          {
            "hash": "199c1f2ad267e18969528aa4410191b2e7f06e90",
            "message": "Updated Developer Guide to include Add Command feature.",
            "insertions": 9,
            "deletions": 0
          },
          {
            "hash": "8850d6b314ac4421803b61fd40dbb3f6a2a4dac2",
            "message": "Added brief documentation for Add/Edit/Delete Command in Developer Guide.",
            "insertions": 29,
            "deletions": 4
          }
        ]
      },
      {
        "insertions": 0,
        "deletions": 0,
        "date": "2019-03-20",
        "commitResults": []
      },
      {
        "insertions": 391,
        "deletions": 933,
        "date": "2019-03-21",
        "commitResults": [
          {
            "hash": "1e276e8c95078d016f128b31b177fa52b5d63ce7",
            "message": "Removed Add/Edit/DeletePersonCommandTests.",
            "insertions": 391,
            "deletions": 933
          }
        ]
      },
      {
        "insertions": 708,
        "deletions": 3539,
        "date": "2019-03-22",
        "commitResults": [
          {
            "hash": "f2d5cec00e7053446c0d9b57b5eb68de2a1acbd8",
            "message": "Modified Person class. Removed Address, Email and Tags field.",
            "insertions": 86,
            "deletions": 1757
          },
          {
            "hash": "d166ded819a570f368ea4a35ad23b8e3242ad93e",
            "message": "Major refactor to remove Address, Email and Tags class. Compilation successful on this build.",
            "insertions": 149,
            "deletions": 958
          },
          {
            "hash": "e66a69295391b7fd66cef8677f47db931950da24",
            "message": "Tests passing except System Tests",
            "insertions": 211,
            "deletions": 568
          },
          {
            "hash": "ffbe2f08eb65dc5768aa775d2a5e704b2ddc78c2",
            "message": "Fixed remaining system tests. Most system test to be deprecated.",
            "insertions": 20,
            "deletions": 25
          },
          {
            "hash": "a29dfe6215eea251ee352a708e826422553bb981",
            "message": "Optimized imports for java files",
            "insertions": 20,
            "deletions": 33
          },
          {
            "hash": "b5bfa9e5e6d4a87d3e6cd5db319e8c7622d30f7c",
            "message": "Fixed import order.",
            "insertions": 108,
            "deletions": 34
          },
          {
            "hash": "e768f23a5d19193af28c72238468d5259997cbd2",
            "message": "Fixed import order.",
            "insertions": 1,
            "deletions": 0
          },
          {
            "hash": "fe2797d61ac1b7a1131c238c303f4c499331cf6f",
            "message": "Fixed checkstyle errors.",
            "insertions": 56,
            "deletions": 119
          },
          {
            "hash": "273dea95b19a686d4bdff447cec8343105f988ed",
            "message": "Added javadoc comments for system tests.",
            "insertions": 19,
            "deletions": 3
          },
          {
            "hash": "2655144a4ecb3c4a4a5020d7c22207f13e5adb9b",
            "message": "Fixed javadocs.",
            "insertions": 18,
            "deletions": 12
          },
          {
            "hash": "ac86e010047d7e60acd4d73d8820acaed19061f1",
            "message": "Fixed javadocs for system tests.",
            "insertions": 5,
            "deletions": 5
          },
          {
            "hash": "d76b61c78f85f77adf3d343a5c3e5e1cd41e36c0",
            "message": "Fixed bugs in test suite.",
            "insertions": 15,
            "deletions": 25
          }
        ]
      },
      {
        "insertions": 41,
        "deletions": 38,
        "date": "2019-03-23",
        "commitResults": [
          {
            "hash": "374679109f994c0da5d86cac7624b22c1c37e565",
            "message": "Modified ArgumentTokenizer and CommandMode class to take in different aliases for command modes.",
            "insertions": 41,
            "deletions": 38
          }
        ]
      },
      {
        "insertions": 600,
        "deletions": 487,
        "date": "2019-03-24",
        "commitResults": [
          {
            "hash": "4737f92475f94f2ab0be28ef4c66d887c33274de",
            "message": "Modified AddCommandParser for parsing HealthWorker and Request objects.",
            "insertions": 124,
            "deletions": 207
          },
          {
            "hash": "f5fb8c703dca9e010304c4de859d179e87bfc35b",
            "message": "Modified EditCommandParser and EditCommandParserTest to fit new format.",
            "insertions": 178,
            "deletions": 86
          },
          {
            "hash": "4b303de02f2486844947179c139ea82b25037e94",
            "message": "Modified DeleteCommandParser and DeleteCommandParserTest to fit new format.",
            "insertions": 75,
            "deletions": 38
          },
          {
            "hash": "1987129182459cd933dcc241f9a303fe9b2f0d50",
            "message": "Fixed bugs in test suite.",
            "insertions": 16,
            "deletions": 19
          },
          {
            "hash": "c9dd5e7217612db5d7c8590bdb10e03f9708a5be",
            "message": "Fixed bugs in test suite.",
            "insertions": 1,
            "deletions": 1
          },
          {
            "hash": "1744e4a0af270da2a3ff1bf29c39e190914cb6c6",
            "message": "Fixed whitespace checkstyle error.",
            "insertions": 1,
            "deletions": 1
          },
          {
            "hash": "0602fa9d17afef46dc894b7c3e48502422f535c5",
            "message": "Fixed checkstyle errors in test suite.",
            "insertions": 6,
            "deletions": 6
          },
          {
            "hash": "a32db38a8c5e684db07741b1051e6b4496bee7d6",
            "message": "Added ListCommandParser class. Modified ListCommand to ListHealthWorkerCommand. AddressBookParser now parses different modes for List command.",
            "insertions": 165,
            "deletions": 47
          },
          {
            "hash": "174b04c197653d8322a3237573595b3e00e78e22",
            "message": "Fixed visibility modifier in ListCommandParserTest.",
            "insertions": 1,
            "deletions": 1
          },
          {
            "hash": "948eaeabfce702e5e1e3c8341fc7c66fc7b20e75",
            "message": "Fixed visibility modifier in ListCommandParserTest.",
            "insertions": 1,
            "deletions": 1
          },
          {
            "hash": "adf7bfcd4e08679bd8a60c8417f0a7638bde7d46",
            "message": "Fixed tests involving list command in test suite.",
            "insertions": 10,
            "deletions": 6
          },
          {
            "hash": "b856f658212d04682e22a53ff26ad867e1d7e5ae",
            "message": "Modified SelectCommand to select requests instead of Person at the specific Index.",
            "insertions": 22,
            "deletions": 74
          }
        ]
      },
      {
        "insertions": 689,
        "deletions": 410,
        "date": "2019-03-25",
        "commitResults": [
          {
            "hash": "bf96733a659ef21e3936c1e6d5cc1280858da8b5",
            "message": "Added containsAll method in Skills class to check for containing subset of skills",
            "insertions": 356,
            "deletions": 234
          },
          {
            "hash": "c25b4f86e08a679b6882674bcb5769ecfa6f7065",
            "message": "Added FilterHealthWorkerCommand and FilterHealthWorkerCommandTest. Also added functionality to parse multiple predicates for filtering health worker.",
            "insertions": 151,
            "deletions": 63
          },
          {
            "hash": "be1856974760c111c0fa07e37ce7db43c0bc80cf",
            "message": "Added functionality for FilterCommandParser. Added FilterCommandParserTest.",
            "insertions": 146,
            "deletions": 77
          },
          {
            "hash": "cf7608132dccf504cb45d19b952c04873efc4092",
            "message": "Fixed bugs in test suite.",
            "insertions": 19,
            "deletions": 18
          },
          {
            "hash": "676cd7dddfced95d44de1facd026d8eaba304dc2",
            "message": "Fixed checkstyle errors in FilterCommandParser.",
            "insertions": 6,
            "deletions": 6
          },
          {
            "hash": "260e4d1b6069cc6568115a043dfa37aedb89f5a3",
            "message": "Fixed bug in test suite.",
            "insertions": 8,
            "deletions": 9
          },
          {
            "hash": "f84a43c2d95d8d70012ddc9fbb8473096155f1c0",
            "message": "Fixed checkstyle errors in LogicManagerTest",
            "insertions": 3,
            "deletions": 3
          }
        ]
      },
      {
        "insertions": 51,
        "deletions": 5,
        "date": "2019-03-26",
        "commitResults": [
          {
            "hash": "644c52e79921f66646873984d7c934be1bdf4c35",
            "message": "Fixed preamble bug in FilterCommandParser.",
            "insertions": 7,
            "deletions": 2
          },
          {
            "hash": "c7709871e08500383604663b3f4302c90983cbac",
            "message": "Updated the Developer Guide to include `list` and `filter` commands.",
            "insertions": 44,
            "deletions": 3
          }
        ]
      }
    ],
    "huichun66": [
      {
        "insertions": 0,
        "deletions": 0,
        "date": "2019-02-10",
        "commitResults": []
      },
      {
        "insertions": 0,
        "deletions": 0,
        "date": "2019-02-11",
        "commitResults": []
      },
      {
        "insertions": 0,
        "deletions": 0,
        "date": "2019-02-12",
        "commitResults": []
      },
      {
        "insertions": 0,
        "deletions": 0,
        "date": "2019-02-13",
        "commitResults": []
      },
      {
        "insertions": 0,
        "deletions": 0,
        "date": "2019-02-14",
        "commitResults": []
      },
      {
        "insertions": 0,
        "deletions": 0,
        "date": "2019-02-15",
        "commitResults": []
      },
      {
        "insertions": 0,
        "deletions": 0,
        "date": "2019-02-16",
        "commitResults": []
      },
      {
        "insertions": 0,
        "deletions": 0,
        "date": "2019-02-17",
        "commitResults": []
      },
      {
        "insertions": 30,
        "deletions": 29,
        "date": "2019-02-18",
        "commitResults": [
          {
            "hash": "b4c97485d50be22589b98e765b79b67197f5c0c4",
            "message": "Updated AboutUs and ContactUs pages.",
            "insertions": 30,
            "deletions": 29
          }
        ]
      },
      {
        "insertions": 0,
        "deletions": 0,
        "date": "2019-02-19",
        "commitResults": []
      },
      {
        "insertions": 0,
        "deletions": 0,
        "date": "2019-02-20",
        "commitResults": []
      },
      {
        "insertions": 0,
        "deletions": 0,
        "date": "2019-02-21",
        "commitResults": []
      },
      {
        "insertions": 0,
        "deletions": 0,
        "date": "2019-02-22",
        "commitResults": []
      },
      {
        "insertions": 0,
        "deletions": 0,
        "date": "2019-02-23",
        "commitResults": []
      },
      {
        "insertions": 0,
        "deletions": 0,
        "date": "2019-02-24",
        "commitResults": []
      },
      {
        "insertions": 0,
        "deletions": 0,
        "date": "2019-02-25",
        "commitResults": []
      },
      {
        "insertions": 91,
        "deletions": 7,
        "date": "2019-02-26",
        "commitResults": [
          {
            "hash": "20c8bf05109c881b5f655c2cdfbd3ef10a16e5ef",
            "message": "Changed app window size from fixed to maximised, added app icon to represent Health Hub.",
            "insertions": 9,
            "deletions": 4
          },
          {
            "hash": "573ccfa41d3fe26249429124a877db77403524aa",
            "message": "Changed browserPanel to mapPanel for clarity, still in-progress for doing the UI.",
            "insertions": 82,
            "deletions": 3
          }
        ]
      },
      {
        "insertions": 0,
        "deletions": 0,
        "date": "2019-02-27",
        "commitResults": []
      },
      {
        "insertions": 344,
        "deletions": 19,
        "date": "2019-02-28",
        "commitResults": [
          {
            "hash": "722e9ad348b8d8daf1867604dee2b614de24e115",
            "message": "Segregated MainWindow.java into a duplicate file (MainWindowTwo.java) for development. Test cases now pass.",
            "insertions": 333,
            "deletions": 10
          },
          {
            "hash": "c885e45e119d229ba67ee1d7d0931b1084d99cf3",
            "message": "Fixed some new line at EOF for build error.",
            "insertions": 1,
            "deletions": 1
          },
          {
            "hash": "3bd78d6f9363f46414e275996417614af51c0d86",
            "message": "Fixed import statements order for gradle task checkstyleMain.",
            "insertions": 10,
            "deletions": 8
          }
        ]
      },
      {
        "insertions": 0,
        "deletions": 0,
        "date": "2019-03-01",
        "commitResults": []
      },
      {
        "insertions": 0,
        "deletions": 0,
        "date": "2019-03-02",
        "commitResults": []
      },
      {
        "insertions": 0,
        "deletions": 0,
        "date": "2019-03-03",
        "commitResults": []
      },
      {
        "insertions": 12,
        "deletions": 12,
        "date": "2019-03-04",
        "commitResults": [
          {
            "hash": "73a060296842d99bdcb9cd3be1c4ee916bce3e1f",
            "message": "Updated AboutUs page.",
            "insertions": 12,
            "deletions": 12
          }
        ]
      },
      {
        "insertions": 161,
        "deletions": 426,
        "date": "2019-03-05",
        "commitResults": [
          {
            "hash": "6e3f94ff96a9803f81ee12e35d3b1fb29af275ff",
            "message": "Removed duplicate file and merged changes into MainWindow.java. Also fixed the test cases.",
            "insertions": 134,
            "deletions": 405
          },
          {
            "hash": "afb9de33fb412588f281821136cc3978b48d083a",
            "message": "Fixed checkstyle errors.",
            "insertions": 11,
            "deletions": 3
          },
          {
            "hash": "b2f90243a0e0a7a0683d4cbde0f8d29039251da3",
            "message": "Finally fixed checkstyle errors.",
            "insertions": 6,
            "deletions": 7
          },
          {
            "hash": "fc54292ed0bac0e3baba2c97ff93c07b6b0ef3ec",
            "message": "Fixed HelpCommandSystemTest.java",
            "insertions": 1,
            "deletions": 1
          },
          {
            "hash": "41b0ca555c08aa4ed45f4b998a83e2a3bc69af51",
            "message": "indentation error",
            "insertions": 1,
            "deletions": 1
          },
          {
            "hash": "25055359e9f904fc4b597f4b16b2b5d7c744faf8",
            "message": "Temporarily commented this line out because the status might remain the same after UI change.",
            "insertions": 1,
            "deletions": 1
          },
          {
            "hash": "ba4a66a186095fbf57a0178a0b356b53f25cd132",
            "message": "Fixed unused import.",
            "insertions": 0,
            "deletions": 1
          },
          {
            "hash": "8fe2d4b5532e650ed47530ebfb1e04e28483d520",
            "message": "Changed .jpg to .png in AboutUs page.",
            "insertions": 5,
            "deletions": 5
          },
          {
            "hash": "f5741a5761be8c8f479fb42c9b6874b3dd32fc4f",
            "message": "Renamed Ui.jpg to Ui.png in README.adoc",
            "insertions": 2,
            "deletions": 2
          }
        ]
      },
      {
        "insertions": 0,
        "deletions": 0,
        "date": "2019-03-06",
        "commitResults": []
      },
      {
        "insertions": 5,
        "deletions": 5,
        "date": "2019-03-07",
        "commitResults": [
          {
            "hash": "0e2d34d7ed4c07cec7bf527d99d288f59aa8dcbb",
            "message": "Renamed the image files in AboutUs.",
            "insertions": 5,
            "deletions": 5
          }
        ]
      },
      {
        "insertions": 0,
        "deletions": 0,
        "date": "2019-03-08",
        "commitResults": []
      },
      {
        "insertions": 0,
        "deletions": 0,
        "date": "2019-03-09",
        "commitResults": []
      },
      {
        "insertions": 0,
        "deletions": 0,
        "date": "2019-03-10",
        "commitResults": []
      },
      {
        "insertions": 0,
        "deletions": 0,
        "date": "2019-03-11",
        "commitResults": []
      },
      {
        "insertions": 48,
        "deletions": 36,
        "date": "2019-03-12",
        "commitResults": [
          {
            "hash": "99e00f0763dc4d3e6bb5e737b68595c7d4daea7f",
            "message": "Changed SampleDataUtil to reflect patients instead of persons, refractored some person mentions to patient mentions but not all.",
            "insertions": 48,
            "deletions": 36
          }
        ]
      },
      {
        "insertions": 12,
        "deletions": 21,
        "date": "2019-03-13",
        "commitResults": [
          {
            "hash": "0996a81dd7f87da422d4cfc0a4506ac51b0d0531",
            "message": "Changed SampleDataTest.java",
            "insertions": 1,
            "deletions": 1
          },
          {
            "hash": "3a658fdadf59eb614cb54d1608ec14bc4558bba6",
            "message": "Removed unused code.",
            "insertions": 0,
            "deletions": 9
          },
          {
            "hash": "b5690434a008baaac2733fd759594394955a8b70",
            "message": "fix checkstyle errors.",
            "insertions": 7,
            "deletions": 8
          },
          {
            "hash": "5b7fbbcde7b49794b6c6f6118e140f81f9880c68",
            "message": "fixed person to patient.",
            "insertions": 2,
            "deletions": 1
          },
          {
            "hash": "04927b1b3cac0fd8c07b8ddce0335909aac33a45",
            "message": "fixed checkstyle errors.",
            "insertions": 2,
            "deletions": 2
          }
        ]
      },
      {
        "insertions": 0,
        "deletions": 0,
        "date": "2019-03-14",
        "commitResults": []
      },
      {
        "insertions": 0,
        "deletions": 0,
        "date": "2019-03-15",
        "commitResults": []
      },
      {
        "insertions": 0,
        "deletions": 0,
        "date": "2019-03-16",
        "commitResults": []
      },
      {
        "insertions": 88,
        "deletions": 42,
        "date": "2019-03-17",
        "commitResults": [
          {
            "hash": "ae574b95e9c90d400b94814bf4182debce363499",
            "message": "Able to display patient\u0027s location on the map, refractored some changes in the corresponding tests.",
            "insertions": 88,
            "deletions": 42
          }
        ]
      },
      {
        "insertions": 0,
        "deletions": 0,
        "date": "2019-03-18",
        "commitResults": []
      },
      {
        "insertions": 516,
        "deletions": 158,
        "date": "2019-03-19",
        "commitResults": [
          {
            "hash": "6afc2980e4dd7c9bc1e9bbd2ff1c360163894280",
            "message": "Added HealthWorkerListPanel.java and its FXML file.",
            "insertions": 18,
            "deletions": 0
          },
          {
            "hash": "b21986dfcdd4ad3d2286f9fc10f9c92fdbfe5bb7",
            "message": "Modified HealthWorkerListPanel.java and its FXML file.",
            "insertions": 75,
            "deletions": 13
          },
          {
            "hash": "6d6135c64cfb1f9c1fcb6f3e6728c547c0f30ef2",
            "message": "Some minor changes.",
            "insertions": 2,
            "deletions": 2
          },
          {
            "hash": "edd2a1a3b6d771389c29834a25f414f78dd12f5d",
            "message": "Added some new code for healthworker and request inside interfaces Logic.java and Model.java",
            "insertions": 180,
            "deletions": 41
          },
          {
            "hash": "1e0a2a5dffdb49f28340befd5df2a868e59baa03",
            "message": "Added HealthWorkerNotFoundException under the \u0027exceptions\u0027 package of HealthWorker",
            "insertions": 8,
            "deletions": 0
          },
          {
            "hash": "e4cdcc338f645a2185e48897fbee6ce810eaca50",
            "message": "Modified some other command tests after interface change.",
            "insertions": 50,
            "deletions": 0
          },
          {
            "hash": "c1eff6809da6b7e2fde83fe9065c296b58937ebd",
            "message": "Updated userguide on small change.",
            "insertions": 3,
            "deletions": 3
          },
          {
            "hash": "eedfe59a3541c184be14268b467bddc61012d09a",
            "message": "Created duplicatePatientBook.json and invalidPatientBook.json for JsonSerializable tests.",
            "insertions": 78,
            "deletions": 0
          },
          {
            "hash": "20b6c0f04bb26ac470edd7292133e05264b39b44",
            "message": "Fixed test bugs.",
            "insertions": 3,
            "deletions": 5
          },
          {
            "hash": "b51436c53bb618da901cb19b9b91cbb49262c319",
            "message": "Attempted to do some minor formatting change to see if it will fix the test bug, but no.",
            "insertions": 7,
            "deletions": 7
          },
          {
            "hash": "b97a3023bb0facad4813690740c5e0c0d8508b9f",
            "message": "Formatting issues.",
            "insertions": 2,
            "deletions": 4
          },
          {
            "hash": "871c071e1f6d4661a99b3fbc5f7381a4989f56ce",
            "message": "Modified some addresses so that the map can load properly (will attempt to do exception handling after milestone 1.2)",
            "insertions": 6,
            "deletions": 6
          },
          {
            "hash": "ab7db3333b46b67913e5c6c7dfc594ed1809134e",
            "message": "Fixed checkstyle errors.",
            "insertions": 44,
            "deletions": 39
          },
          {
            "hash": "e51ce9007ba5ce8399d81e8e64cd6498ddfea7c7",
            "message": "Attempting to fix typicalRequestBook test case.",
            "insertions": 4,
            "deletions": 3
          },
          {
            "hash": "5c53b0eb2178b8b228ea69e2891d35387fa298e5",
            "message": "Commented out the test cases causing out travis build to fail to fix in the next milestone. Files concerned: - JsonSerializablePatientBookTest.java - JsonSerializableRequestBookTest.java",
            "insertions": 16,
            "deletions": 16
          },
          {
            "hash": "914d6fb96c5a3dc3e5b0acbca599f23c3b81c129",
            "message": "Fixed test bugs",
            "insertions": 17,
            "deletions": 16
          },
          {
            "hash": "85527cdd4a98e7e3ea52b0a64b2ae56cd3bfd22c",
            "message": "checkstyle",
            "insertions": 3,
            "deletions": 3
          }
        ]
      },
      {
        "insertions": 214,
        "deletions": 164,
        "date": "2019-03-20",
        "commitResults": [
          {
            "hash": "76b8f7b1755512a1fd07c3750b54c252abebdd70",
            "message": "Removed redundant file - BrowserPanel.",
            "insertions": 5,
            "deletions": 81
          },
          {
            "hash": "4bc1af3d15066016efeca84afc30a00277595c83",
            "message": "Modified HealthWorkerListPanel files.",
            "insertions": 8,
            "deletions": 7
          },
          {
            "hash": "98aa1ed2b05ca516b07f526f45d20b2ef4c3f73f",
            "message": "Changed the current implementation to display default welcome message instead.",
            "insertions": 27,
            "deletions": 9
          },
          {
            "hash": "766f2cfa99f28bfb621ebd276f2dee2b6501bbcc",
            "message": "Added Feedback option, logic not yet implemented.",
            "insertions": 28,
            "deletions": 19
          },
          {
            "hash": "934fd13547d4bea4bae9a033578c4ef15075731b",
            "message": "Some minor changes",
            "insertions": 2,
            "deletions": 3
          },
          {
            "hash": "46ac3ea46d85e4829e2d685a9d77158da0e916c5",
            "message": "Created HealthWorkerCard.java and its FXML file.",
            "insertions": 18,
            "deletions": 0
          },
          {
            "hash": "95a3054bc0f005af239150feb066f672eb2fdf04",
            "message": "Modified HealthWorkerListCard and HealthWorkerListPanel implementations.",
            "insertions": 99,
            "deletions": 18
          },
          {
            "hash": "f445b7febda75c54bfdea69f1a6d8db91fe5219a",
            "message": "Some param changes to the map url.",
            "insertions": 3,
            "deletions": 3
          },
          {
            "hash": "ecd62032f465aa4505e7c61f77a9f0e62ad38683",
            "message": "UI updates to accomodate health worker list panel.",
            "insertions": 19,
            "deletions": 18
          },
          {
            "hash": "d441fb9264aeb2b2f30c0f6ff93d80fc5b8b159b",
            "message": "additional stuff.",
            "insertions": 2,
            "deletions": 3
          },
          {
            "hash": "7cc2002e6bdb73eb8c8202b7264cf794144695a4",
            "message": "Fixed checkstyle errors.",
            "insertions": 3,
            "deletions": 3
          }
        ]
      },
      {
        "insertions": 172,
        "deletions": 478,
        "date": "2019-03-21",
        "commitResults": [
          {
            "hash": "49a2a0a13b009dc091a4ed1a5a8fd9fa56c616c9",
            "message": "User guide changes.",
            "insertions": 14,
            "deletions": 5
          },
          {
            "hash": "c71468369d4fa2d18142146fe408cc77ed29365e",
            "message": "Commented away DarkTheme.css to do away with the black theme.",
            "insertions": 1,
            "deletions": 1
          },
          {
            "hash": "1854d24dc3d5a80d12dc97932f6ffb544c2a1a4b",
            "message": "Replaced DarkTheme.css to WhiteTheme.css",
            "insertions": 86,
            "deletions": 398
          },
          {
            "hash": "5ddf809b9bfc21da028bc0f90c456067b24b0f78",
            "message": "Refractored .fxml files for UI changes in accordance to discussion.",
            "insertions": 43,
            "deletions": 43
          },
          {
            "hash": "2a15b1c66a144f75efb2351434a8ee2d5d36a833",
            "message": "UI updates + some refractoring.",
            "insertions": 22,
            "deletions": 25
          },
          {
            "hash": "17a5111901126197b808a65175d66a8fc1bef6ee",
            "message": "Fixed some files that affect existing tests.",
            "insertions": 3,
            "deletions": 3
          },
          {
            "hash": "281f34518cee0a0f7db50e764aee077da9deebd0",
            "message": "EOF error fix.",
            "insertions": 1,
            "deletions": 1
          },
          {
            "hash": "96b0378bcf74571bc8aa507c8eab02a5e36a70d7",
            "message": "Some references fix.",
            "insertions": 2,
            "deletions": 2
          }
        ]
      },
      {
        "insertions": 0,
        "deletions": 0,
        "date": "2019-03-22",
        "commitResults": []
      },
      {
        "insertions": 0,
        "deletions": 0,
        "date": "2019-03-23",
        "commitResults": []
      },
      {
        "insertions": 360,
        "deletions": 355,
        "date": "2019-03-24",
        "commitResults": [
          {
            "hash": "a86339c21b587964698e91158bfa4395c8e9df04",
            "message": "Refractored PersonListCard to RequestListCard, PersonListPanel to RequestListPanel, as well as its .fxml files. Refractored PersonCardHandle to RequestCardHandle, PersonListPanelHandle to RequestListPanelHandle. Refractored PersonCardTest to RequestCardTest, PersonListPanelTest to RequestListPanelTest.",
            "insertions": 130,
            "deletions": 117
          },
          {
            "hash": "5e921b1606b14c0a9fdbe7f8b765e29321d73338",
            "message": "Modified healthworkerbook.json to add in valid phone numbers in order to display the UI.",
            "insertions": 2,
            "deletions": 2
          },
          {
            "hash": "5d1c0337688fe314c833e8ce83d733d23c04bb67",
            "message": "Removed a deprecated method in Address.java (toStreetNameOnly).",
            "insertions": 0,
            "deletions": 15
          },
          {
            "hash": "cf17623594859ca123395b33b01bd7c59e307458",
            "message": "Added layer of abstraction by changing the public field of some class variables to private field instead, since there is already a .toString() method.",
            "insertions": 15,
            "deletions": 19
          },
          {
            "hash": "f5e59de0e3e1a166a4232bc027d2637ee0c282a7",
            "message": "Refractored code for RequestCard and RequestListPanel.",
            "insertions": 48,
            "deletions": 38
          },
          {
            "hash": "4447889ba5c7d36745c338aaa2c1cfc4ec77cff4",
            "message": "Refractored the GUI handles for Person to Request.",
            "insertions": 56,
            "deletions": 56
          },
          {
            "hash": "7ce7dc065bf8c1ad5c7d02ec6d40154a9ed96f44",
            "message": "Refractored existing PersonListPanel references to RequestListPanel instead.",
            "insertions": 10,
            "deletions": 14
          },
          {
            "hash": "c34028106449e0f570a73670a86af11271c65f4a",
            "message": "Forgot to added in these changes for one of the previous commits.",
            "insertions": 4,
            "deletions": 4
          },
          {
            "hash": "63e9635e60993c6c8110604549bcd4025ea23281",
            "message": "Refractored all the existing Person-related references in seedu.address tests, as well as system tests.",
            "insertions": 79,
            "deletions": 85
          },
          {
            "hash": "42c4a6afd774416b4ed737032e34691fa1e8d73f",
            "message": "Added in the date display for the request list, and extended the result display box.",
            "insertions": 16,
            "deletions": 5
          }
        ]
      },
      {
        "insertions": 29,
        "deletions": 20,
        "date": "2019-03-25",
        "commitResults": [
          {
            "hash": "a50b72b7182c75a994b48ed7483cbe71c15abfff",
            "message": "Fixed performanceTest bug fix.",
            "insertions": 3,
            "deletions": 5
          },
          {
            "hash": "5ed45f3cdbf40b5fd88aba9f8d96d523488fb7a7",
            "message": "Fix checkstyle errors.",
            "insertions": 25,
            "deletions": 14
          },
          {
            "hash": "d76fb9fe7980c17de9ef3c25909abc0b0ca35088",
            "message": "Fix EOF error.",
            "insertions": 1,
            "deletions": 1
          }
        ]
      },
      {
        "insertions": 0,
        "deletions": 0,
        "date": "2019-03-26",
        "commitResults": []
      }
    ]
  },
  "authorFinalContributionMap": {
    "brohandev": 7,
    "daviddl9": 0,
    "jing1324": 2190,
    "Lookuz": 5442,
    "huichun66": 1147
  },
  "authorContributionVariance": {
    "brohandev": 4.2587624,
    "daviddl9": 0.0,
    "jing1324": 322789.22,
    "Lookuz": 475378.8,
    "huichun66": 38185.7
  },
  "authorDisplayNameMap": {
    "brohandev": "ROH...DEV",
    "daviddl9": "D D...TON",
    "jing1324": "JIN...ING",
    "Lookuz": "CHO...YEH",
    "huichun66": "TAY...HUN"
  }
}
