{
  "authorDailyContributionsMap": {
    "kthSim": [
      {
        "insertions": 0,
        "deletions": 0,
        "date": "2019-02-10",
        "commitResults": []
      },
      {
        "insertions": 1,
        "deletions": 1,
        "date": "2019-02-11",
        "commitResults": [
          {
            "hash": "5784551fa29abd330fdae680d6c9416992243b62",
            "message": "Test - Removed codacy badge",
            "insertions": 1,
            "deletions": 1
          }
        ]
      },
      {
        "insertions": 1,
        "deletions": 1,
        "date": "2019-02-12",
        "commitResults": [
          {
            "hash": "119b80d7274a46bfe63d4f519747d8430bfb975a",
            "message": "Updated README to reflect program name",
            "insertions": 1,
            "deletions": 1
          }
        ]
      },
      {
        "insertions": 0,
        "deletions": 0,
        "date": "2019-02-13",
        "commitResults": []
      },
      {
        "insertions": 0,
        "deletions": 0,
        "date": "2019-02-14",
        "commitResults": []
      },
      {
        "insertions": 0,
        "deletions": 0,
        "date": "2019-02-15",
        "commitResults": []
      },
      {
        "insertions": 0,
        "deletions": 0,
        "date": "2019-02-16",
        "commitResults": []
      },
      {
        "insertions": 0,
        "deletions": 0,
        "date": "2019-02-17",
        "commitResults": []
      },
      {
        "insertions": 6,
        "deletions": 4,
        "date": "2019-02-18",
        "commitResults": [
          {
            "hash": "037912cee0a910fe54daadebdc7671ae1a66a1b6",
            "message": "Updated About Us page with own info",
            "insertions": 4,
            "deletions": 4
          },
          {
            "hash": "6be2cdadef04117682a923be25ca28ebea19d227",
            "message": "Updated README, testing travis CI",
            "insertions": 2,
            "deletions": 0
          }
        ]
      },
      {
        "insertions": 0,
        "deletions": 0,
        "date": "2019-02-19",
        "commitResults": []
      },
      {
        "insertions": 0,
        "deletions": 0,
        "date": "2019-02-20",
        "commitResults": []
      },
      {
        "insertions": 0,
        "deletions": 0,
        "date": "2019-02-21",
        "commitResults": []
      },
      {
        "insertions": 0,
        "deletions": 0,
        "date": "2019-02-22",
        "commitResults": []
      },
      {
        "insertions": 0,
        "deletions": 0,
        "date": "2019-02-23",
        "commitResults": []
      },
      {
        "insertions": 0,
        "deletions": 0,
        "date": "2019-02-24",
        "commitResults": []
      },
      {
        "insertions": 0,
        "deletions": 0,
        "date": "2019-02-25",
        "commitResults": []
      },
      {
        "insertions": 0,
        "deletions": 0,
        "date": "2019-02-26",
        "commitResults": []
      },
      {
        "insertions": 11,
        "deletions": 6,
        "date": "2019-02-27",
        "commitResults": [
          {
            "hash": "b2983542fb4b1ed7f0dd834bb1eb1271b11ef49d",
            "message": "Documentation (#1)",
            "insertions": 11,
            "deletions": 6
          }
        ]
      },
      {
        "insertions": 335,
        "deletions": 15,
        "date": "2019-02-28",
        "commitResults": [
          {
            "hash": "490a51a50a81c65303c655a308d204e378551792",
            "message": "Created empty attribute classes for Date,Time,Description, Procedure, and Record",
            "insertions": 20,
            "deletions": 0
          },
          {
            "hash": "756b37119937b3f9d83459ff70f05dd34e408dcf",
            "message": "Impletemented code for the attribute classes Description \u0026 Procedure",
            "insertions": 107,
            "deletions": 0
          },
          {
            "hash": "626c16eb41acb41a68e2b8a2f6804f28779e5602",
            "message": "Minor code comment fix",
            "insertions": 1,
            "deletions": 1
          },
          {
            "hash": "0e887b5c6aa62f1f7af654f8d9015dd2d88428f5",
            "message": "Implemented code for attribute classes Date \u0026 Time",
            "insertions": 96,
            "deletions": 4
          },
          {
            "hash": "c31411e93264b2507c09de77ce0dc493508350f0",
            "message": "Implemented code for Record class",
            "insertions": 100,
            "deletions": 0
          },
          {
            "hash": "3884cef9f0b36921e1e53f97e33ba264ced44b57",
            "message": "Updated code to match codeStyle",
            "insertions": 11,
            "deletions": 10
          }
        ]
      },
      {
        "insertions": 0,
        "deletions": 0,
        "date": "2019-03-01",
        "commitResults": []
      },
      {
        "insertions": 0,
        "deletions": 0,
        "date": "2019-03-02",
        "commitResults": []
      },
      {
        "insertions": 0,
        "deletions": 0,
        "date": "2019-03-03",
        "commitResults": []
      },
      {
        "insertions": 875,
        "deletions": 307,
        "date": "2019-03-04",
        "commitResults": [
          {
            "hash": "d97ee43d3d07dc2cb42a11b44842eeb5a12026a1",
            "message": "Created blank personal detail attribute classes (Age, DrugAllergy, Nric, Sex)",
            "insertions": 16,
            "deletions": 0
          },
          {
            "hash": "7ae4793ed9df50d089567b37b9b67d9761c1ac73",
            "message": "Implemented personal detail attribute classes (Age, DrugAllergy, Nric, Sex)",
            "insertions": 202,
            "deletions": 0
          },
          {
            "hash": "f32ffbc75587bf29160507bad311bc97e51c70bd",
            "message": "Minor checkstyle change",
            "insertions": 5,
            "deletions": 5
          },
          {
            "hash": "c0bf87ccfe9bed946cc0116e939833b7bdb41972",
            "message": "Updated project docs",
            "insertions": 18,
            "deletions": 16
          },
          {
            "hash": "8a9bd537179db73cd8737a21211e6902fc50c68c",
            "message": "Updated docs (#24)",
            "insertions": 20,
            "deletions": 16
          },
          {
            "hash": "121aca0c03772703b697e80981707d11a6f2e1f4",
            "message": "Updated UserGuide",
            "insertions": 593,
            "deletions": 188
          },
          {
            "hash": "27ed538dbbe996c37477eb00eddd1420c26f2ea8",
            "message": "Formated table of contents for UserGuide.adoc",
            "insertions": 18,
            "deletions": 79
          },
          {
            "hash": "86c381413931e396c4de3f896ff8002149aabe1b",
            "message": "Minor checkstyle change",
            "insertions": 1,
            "deletions": 1
          },
          {
            "hash": "d1d6faf2a0695edb013f57a9822e2430534c8161",
            "message": "Renamed photos",
            "insertions": 2,
            "deletions": 2
          }
        ]
      },
      {
        "insertions": 30,
        "deletions": 36,
        "date": "2019-03-05",
        "commitResults": [
          {
            "hash": "1dd0a36e9a6a288b7740890375ee2e964f9aad66",
            "message": "Updated UserGuide.adoc",
            "insertions": 12,
            "deletions": 24
          },
          {
            "hash": "097224f140d34ec4547785d7528123171a1bfbbb",
            "message": "Updated image file",
            "insertions": 6,
            "deletions": 0
          },
          {
            "hash": "79f850b01cf41af89a4f7a6d4b7be25ed3bd9e16",
            "message": "Testing UserGuide.adoc",
            "insertions": 2,
            "deletions": 2
          },
          {
            "hash": "245b6cbc3283821cbaa5f0f6ea435b0f9d480f5b",
            "message": "Test",
            "insertions": 3,
            "deletions": 3
          },
          {
            "hash": "9e3acdbfe9676f890130f2b6a3b82220c9e6347c",
            "message": "Test",
            "insertions": 4,
            "deletions": 4
          },
          {
            "hash": "599434a71adce283609ba7340345045ae4044a26",
            "message": "Minor update",
            "insertions": 2,
            "deletions": 2
          },
          {
            "hash": "e104fbc57ab5adaa9dd0feb252c31bf00e001f19",
            "message": "Test",
            "insertions": 1,
            "deletions": 1
          }
        ]
      },
      {
        "insertions": 0,
        "deletions": 0,
        "date": "2019-03-06",
        "commitResults": []
      },
      {
        "insertions": 48,
        "deletions": 35,
        "date": "2019-03-07",
        "commitResults": [
          {
            "hash": "fd480733dbd030c160c6184954fe767180bf5ba7",
            "message": "Rename Date \u0026 Time to DateCustom \u0026 TimeCustom so it doesn\u0027t interfere with the existing inbuilt Java classes",
            "insertions": 0,
            "deletions": 0
          },
          {
            "hash": "e524c30f01e2ccc9104875493f31d36b86bb44c3",
            "message": "Updated date \u0026 time occurances to DateCustom \u0026 TimeCustom",
            "insertions": 20,
            "deletions": 20
          },
          {
            "hash": "b28e9e854f13ddec8436c9771d6867b9c27bad85",
            "message": "Minor checkStyle changes",
            "insertions": 28,
            "deletions": 15
          }
        ]
      },
      {
        "insertions": 0,
        "deletions": 0,
        "date": "2019-03-08",
        "commitResults": []
      },
      {
        "insertions": 53,
        "deletions": 1,
        "date": "2019-03-09",
        "commitResults": [
          {
            "hash": "39d462f37ced0e72e7dd60aea9a695a1eaff7d0f",
            "message": "Created empty command \u0026 parser classes for Sort and Stats",
            "insertions": 28,
            "deletions": 0
          },
          {
            "hash": "c562bf5ed50afc6fdeabbd762c44db027ee444fb",
            "message": "Skeleton Code partially done for StatsCommand",
            "insertions": 25,
            "deletions": 1
          }
        ]
      },
      {
        "insertions": 0,
        "deletions": 0,
        "date": "2019-03-10",
        "commitResults": []
      },
      {
        "insertions": 432,
        "deletions": 26,
        "date": "2019-03-11",
        "commitResults": [
          {
            "hash": "c01fc0e0297f84a99970a9d912e3f60fb6a5f2b7",
            "message": "Skeleton code for Sort and Stats command",
            "insertions": 80,
            "deletions": 4
          },
          {
            "hash": "f9266678249252b655d3ade9cfcc3e0079832535",
            "message": "Base code for StatWindow.java",
            "insertions": 54,
            "deletions": 0
          },
          {
            "hash": "a00e04c10754cb8281eec207da860e6bf5d34c58",
            "message": "Mockup for stat window UI",
            "insertions": 33,
            "deletions": 1
          },
          {
            "hash": "eaf74e8ce873a2fe33e3961b2c8ddbf8c9e6a16e",
            "message": "Implemented Logic flow for StatsCommand",
            "insertions": 94,
            "deletions": 15
          },
          {
            "hash": "9848a4ef7a8857c112d474967df963a4d71f8ac0",
            "message": "Rough UI for StatsWindow",
            "insertions": 89,
            "deletions": 6
          },
          {
            "hash": "0d276ffb67839538a79169a1a87eeefc02c8ad8f",
            "message": "Created Comparator classes for Patients and Records",
            "insertions": 8,
            "deletions": 0
          },
          {
            "hash": "1d83d8dcbb7266b314e52c7a41a5ac01805ba70c",
            "message": "Implemented Patient Comparators",
            "insertions": 74,
            "deletions": 0
          }
        ]
      },
      {
        "insertions": 148,
        "deletions": 29,
        "date": "2019-03-12",
        "commitResults": [
          {
            "hash": "72c4cfeecc1f77c5fc379f0834e7345926d7a952",
            "message": "Skeleton UI for statWindow updated",
            "insertions": 70,
            "deletions": 15
          },
          {
            "hash": "5af5e00e0a4c4658e2362f903dbbca3481f21095",
            "message": "Parameter checking \u0026 logic flow for sort command implemented",
            "insertions": 72,
            "deletions": 11
          },
          {
            "hash": "8a6d542d0d55018fa590ac5104e0a8cfe747b215",
            "message": "CheckStyle updates",
            "insertions": 6,
            "deletions": 3
          }
        ]
      },
      {
        "insertions": 59,
        "deletions": 1,
        "date": "2019-03-13",
        "commitResults": [
          {
            "hash": "8f8a2e1a96da34d3f305a78dd396242a00a06ad4",
            "message": "Implemented sorting within UniquePersonList",
            "insertions": 19,
            "deletions": 0
          },
          {
            "hash": "edfb46aa7201d230ef2ed3544ddced13d8b5bec4",
            "message": "Updated Logic follow for sorting",
            "insertions": 29,
            "deletions": 0
          },
          {
            "hash": "a7f39164e520c9b4b5aada18becb1259948dcf27",
            "message": "Implemented SortCommand",
            "insertions": 4,
            "deletions": 1
          },
          {
            "hash": "ee9cde266c4767136cb671114d53cada41c2df11",
            "message": "Minor test update",
            "insertions": 7,
            "deletions": 0
          }
        ]
      },
      {
        "insertions": 83,
        "deletions": 34,
        "date": "2019-03-14",
        "commitResults": [
          {
            "hash": "8b1e960180fbde81ddb69338b7cec7a5e9f25389",
            "message": "Implemented sorting in reverse order",
            "insertions": 46,
            "deletions": 13
          },
          {
            "hash": "6d68c56d43c4f55af45a098ed284d5c91512ff76",
            "message": "Check if patient or record",
            "insertions": 36,
            "deletions": 21
          },
          {
            "hash": "f565067f273818ce2ddf3f967a9f5c4fbfc1fdf2",
            "message": "Sorted patient list is now stored",
            "insertions": 1,
            "deletions": 0
          }
        ]
      },
      {
        "insertions": 0,
        "deletions": 0,
        "date": "2019-03-15",
        "commitResults": []
      },
      {
        "insertions": 668,
        "deletions": 87,
        "date": "2019-03-16",
        "commitResults": [
          {
            "hash": "4bc4cce635cfc1819ba92bc740530d995aae440a",
            "message": "FindCommandParser partially updated to use prefix for keyword parsing",
            "insertions": 33,
            "deletions": 2
          },
          {
            "hash": "2136f00b070d88347c7ab248bd07e4e741e07d73",
            "message": "Created abstract ContainsKeywordsPredicate for use with other attributes",
            "insertions": 20,
            "deletions": 0
          },
          {
            "hash": "417a3bf0acf87dad98b12ca5b08804a56dcb1f90",
            "message": "Created predicated to be used with a person\u0027s phone attribute",
            "insertions": 23,
            "deletions": 1
          },
          {
            "hash": "b35bce2e3cae94768dafaa14a80cccbc1ed6209b",
            "message": "Logic flow to allow generic predicates set up",
            "insertions": 33,
            "deletions": 5
          },
          {
            "hash": "89a737178795c013569cd8a421cbc0ce0c10bf74",
            "message": "Implemented Find through address,dob, email, and nric attributes",
            "insertions": 104,
            "deletions": 2
          },
          {
            "hash": "4a6dc85e1f09cf196af32e2a02ecc2aac7ca7cb4",
            "message": "Moved NameContainsKeywordsPredicate.java to predicate package",
            "insertions": 18,
            "deletions": 13
          },
          {
            "hash": "809107a8762c43bff40dc3350c2f4dd3688a9152",
            "message": "Minor logic update",
            "insertions": 4,
            "deletions": 5
          },
          {
            "hash": "69ba7cfba3f1a73e5257a3f02e97af8566a73c46",
            "message": "Fixed FindCommandTests",
            "insertions": 3,
            "deletions": 8
          },
          {
            "hash": "1ac84e0eb26352cee8031fd2d6a90cc1d637f789",
            "message": "Fixed tests in AddressBookParserTest \u0026 FindCommandParserTest",
            "insertions": 4,
            "deletions": 4
          },
          {
            "hash": "bb60d2ab14c414b38aafe98d694dbe123686ebc6",
            "message": "Updated systemTests",
            "insertions": 22,
            "deletions": 21
          },
          {
            "hash": "93c4f49d336d6a6f865ec9347217970e59633074",
            "message": "updated todo",
            "insertions": 2,
            "deletions": 0
          },
          {
            "hash": "fe158359f49280cdfc01afe6821ad78a488b810e",
            "message": "Updated integration tests for FindCommand to test for each attribute in Patient",
            "insertions": 126,
            "deletions": 14
          },
          {
            "hash": "80eb854475e562e89c6b765cb521bdc391717c0b",
            "message": "Updated help message for FindCommand",
            "insertions": 4,
            "deletions": 4
          },
          {
            "hash": "06a71ec05878c843471dba3ba3ddb1d7afcea9c4",
            "message": "Updated Predicate classes with equals function",
            "insertions": 35,
            "deletions": 0
          },
          {
            "hash": "183e2689b1b719874e6b06bce1bb10f3d06d6d51",
            "message": "Updated FindCommandParser tests",
            "insertions": 66,
            "deletions": 1
          },
          {
            "hash": "084e3e6eaaa305a59eaad53e5a7c7ffcfc054caf",
            "message": "Added tests for SortCommand",
            "insertions": 78,
            "deletions": 2
          },
          {
            "hash": "fb276ac9b840644696ec6540f45486777b52aab3",
            "message": "Implemented equals function for SortCommand",
            "insertions": 9,
            "deletions": 0
          },
          {
            "hash": "da8fd23f7b74a819357934bd24fee6dfa41e4235",
            "message": "Implemented tests for SortCommandParser",
            "insertions": 84,
            "deletions": 3
          },
          {
            "hash": "f2b6de9873623647a687ebee7f58a8399eab9876",
            "message": "CheckStyle editting",
            "insertions": 0,
            "deletions": 2
          }
        ]
      },
      {
        "insertions": 4,
        "deletions": 6,
        "date": "2019-03-17",
        "commitResults": [
          {
            "hash": "a4e37e8aaad6ed90e7c4632bb448b9458306b901",
            "message": "Removing tag Prefix",
            "insertions": 3,
            "deletions": 4
          },
          {
            "hash": "0cdeabe7033b2c7af5f4cb922d26b1aa7a0b5d24",
            "message": "CechkStyle Update",
            "insertions": 1,
            "deletions": 2
          }
        ]
      }
    ],
    "cchj1995": [
      {
        "insertions": 0,
        "deletions": 0,
        "date": "2019-02-10",
        "commitResults": []
      },
      {
        "insertions": 0,
        "deletions": 0,
        "date": "2019-02-11",
        "commitResults": []
      },
      {
        "insertions": 0,
        "deletions": 0,
        "date": "2019-02-12",
        "commitResults": []
      },
      {
        "insertions": 0,
        "deletions": 0,
        "date": "2019-02-13",
        "commitResults": []
      },
      {
        "insertions": 0,
        "deletions": 0,
        "date": "2019-02-14",
        "commitResults": []
      },
      {
        "insertions": 0,
        "deletions": 0,
        "date": "2019-02-15",
        "commitResults": []
      },
      {
        "insertions": 0,
        "deletions": 0,
        "date": "2019-02-16",
        "commitResults": []
      },
      {
        "insertions": 0,
        "deletions": 0,
        "date": "2019-02-17",
        "commitResults": []
      },
      {
        "insertions": 0,
        "deletions": 0,
        "date": "2019-02-18",
        "commitResults": []
      },
      {
        "insertions": 0,
        "deletions": 0,
        "date": "2019-02-19",
        "commitResults": []
      },
      {
        "insertions": 0,
        "deletions": 0,
        "date": "2019-02-20",
        "commitResults": []
      },
      {
        "insertions": 0,
        "deletions": 0,
        "date": "2019-02-21",
        "commitResults": []
      },
      {
        "insertions": 0,
        "deletions": 0,
        "date": "2019-02-22",
        "commitResults": []
      },
      {
        "insertions": 0,
        "deletions": 0,
        "date": "2019-02-23",
        "commitResults": []
      },
      {
        "insertions": 0,
        "deletions": 0,
        "date": "2019-02-24",
        "commitResults": []
      },
      {
        "insertions": 0,
        "deletions": 0,
        "date": "2019-02-25",
        "commitResults": []
      },
      {
        "insertions": 0,
        "deletions": 0,
        "date": "2019-02-26",
        "commitResults": []
      },
      {
        "insertions": 0,
        "deletions": 0,
        "date": "2019-02-27",
        "commitResults": []
      },
      {
        "insertions": 0,
        "deletions": 0,
        "date": "2019-02-28",
        "commitResults": []
      },
      {
        "insertions": 0,
        "deletions": 0,
        "date": "2019-03-01",
        "commitResults": []
      },
      {
        "insertions": 0,
        "deletions": 0,
        "date": "2019-03-02",
        "commitResults": []
      },
      {
        "insertions": 178,
        "deletions": 56,
        "date": "2019-03-03",
        "commitResults": [
          {
            "hash": "8156d2d7287d1272f6f486cf062abc8221366dbc",
            "message": "Added LoginWindow class and LoginWindow.fxml",
            "insertions": 18,
            "deletions": 0
          },
          {
            "hash": "1a44d0b6af61c47cacdf703ae2583f09fabbdbfc",
            "message": "Removed unnecessary segments from skeleton of LoginWindow class",
            "insertions": 146,
            "deletions": 13
          },
          {
            "hash": "8a20953affdcd2e0a038dc9fc71f4625f6711687",
            "message": "Removed GUI portions for skeleton base of LoginWindow.fxml",
            "insertions": 0,
            "deletions": 26
          },
          {
            "hash": "7e4b998ea21a3fc57fa86e435bf65ff13b92252d",
            "message": "Added textbox to plain LoginWindow.fxml and created handleStringEntered function in LoginWindow class",
            "insertions": 14,
            "deletions": 17
          }
        ]
      },
      {
        "insertions": 26,
        "deletions": 16,
        "date": "2019-03-04",
        "commitResults": [
          {
            "hash": "e044b996b265ea85079e347941bff638c290f2fc",
            "message": "Added hide function to LoginWindow class",
            "insertions": 4,
            "deletions": 0
          },
          {
            "hash": "4c7e2a5a6d17eb9ebc66f48d29eba717e8eecacf",
            "message": "Changed hide function to close function",
            "insertions": 2,
            "deletions": 2
          },
          {
            "hash": "f066096b2f2061962b22dd607d8ab30e7a01c227",
            "message": "Fixed coding style",
            "insertions": 3,
            "deletions": 9
          },
          {
            "hash": "a869a7872767d5ebb8df1422d57f0cc6ce9ad43c",
            "message": "Fixed Import Style, removed unused Imports in LoginWindow.fxml",
            "insertions": 0,
            "deletions": 5
          },
          {
            "hash": "ef06825817dc440110759bde90e6867aa7bc90b1",
            "message": "Added cchj1995.jpg and modified AboutUs.adoc",
            "insertions": 9,
            "deletions": 0
          },
          {
            "hash": "8abab6bb025f04f1c22e2b78ca85df591ba79ffd",
            "message": "Updated DeveloperGuide.adoc to include new user stories",
            "insertions": 8,
            "deletions": 0
          }
        ]
      },
      {
        "insertions": 0,
        "deletions": 0,
        "date": "2019-03-05",
        "commitResults": []
      },
      {
        "insertions": 0,
        "deletions": 0,
        "date": "2019-03-06",
        "commitResults": []
      },
      {
        "insertions": 0,
        "deletions": 0,
        "date": "2019-03-07",
        "commitResults": []
      },
      {
        "insertions": 0,
        "deletions": 0,
        "date": "2019-03-08",
        "commitResults": []
      },
      {
        "insertions": 0,
        "deletions": 0,
        "date": "2019-03-09",
        "commitResults": []
      },
      {
        "insertions": 0,
        "deletions": 0,
        "date": "2019-03-10",
        "commitResults": []
      },
      {
        "insertions": 0,
        "deletions": 0,
        "date": "2019-03-11",
        "commitResults": []
      },
      {
        "insertions": 926,
        "deletions": 220,
        "date": "2019-03-12",
        "commitResults": [
          {
            "hash": "d66aa34529e4fb0d10e27f4efd5012865f61d4fb",
            "message": "Added new Task java class file",
            "insertions": 4,
            "deletions": 0
          },
          {
            "hash": "00cceaf4e281b20e75ce51b31f2b0f9f1c22bf47",
            "message": "Added contents of Person.java to Task.java to be used as base",
            "insertions": 175,
            "deletions": 1
          },
          {
            "hash": "9804203ad72922a82c25bdc1d9f01ff944d03f95",
            "message": "Added Title.java class file",
            "insertions": 6,
            "deletions": 2
          },
          {
            "hash": "ce820ddf0ff1d888fa88fc9dcf33b0154e47de9e",
            "message": "Added validation regex for Title.java",
            "insertions": 55,
            "deletions": 1
          },
          {
            "hash": "76699d27b56fb866978415d81c9fe8a997488032",
            "message": "Changed relevant method and variable names for title",
            "insertions": 5,
            "deletions": 5
          },
          {
            "hash": "f343eeafeba7d8efafbf930dbfe7596710b62aaa",
            "message": "Modified DateCustom.java regex to allow different formats of date input",
            "insertions": 26,
            "deletions": 12
          },
          {
            "hash": "feaf11f89d960db92fdf997f551ce9f5d5f02ad7",
            "message": "Added date comparison check to DateCustom.java for future use",
            "insertions": 12,
            "deletions": 1
          },
          {
            "hash": "77c9764fea70dba4ffc1fc837d9dc27ea73a2765",
            "message": "Added get methods for Task attributes, created constructor for Task and ammended equals and toString methods",
            "insertions": 30,
            "deletions": 118
          },
          {
            "hash": "a489d2abc4ed27581bf349f5f76d3d2caf070e49",
            "message": "Removed unused imports in Task.java and fixed some comments",
            "insertions": 2,
            "deletions": 8
          },
          {
            "hash": "5ffe26071623528161eae07f69f07a187933b104",
            "message": "Added new prefixes for Title, StartDate and EndDate in CliSyntax.java",
            "insertions": 3,
            "deletions": 1
          },
          {
            "hash": "672424e3311f415320f2f6a73376ec3d914d0147",
            "message": "Added new TaskAddCommand.java class file",
            "insertions": 4,
            "deletions": 0
          },
          {
            "hash": "5abddcbd1b6d82f06f049f02ba2a5b9f72153fa4",
            "message": "Added constructor execute method and relevant attributes for TaskAddCommand",
            "insertions": 62,
            "deletions": 1
          },
          {
            "hash": "0c10d207ebf09e014e631636c572f319574eba38",
            "message": "Added UniqueTaskList.java class file to store list of tasks",
            "insertions": 6,
            "deletions": 2
          },
          {
            "hash": "4b71b9e8ea271ac5a7d3b2316169dab62964cfb7",
            "message": "Added DuplicateTaskException and TaskNotFoundException class files",
            "insertions": 8,
            "deletions": 0
          },
          {
            "hash": "8c5dd0b0344cadde47f3a46465092241516717c3",
            "message": "Added code for DuplicateTaskException and TaskNotFoundException",
            "insertions": 12,
            "deletions": 3
          },
          {
            "hash": "bdbda6ac4a73a9e9f3ea293fa2baf79a8a5ed19c",
            "message": "Added base code for UniqueTaskList",
            "insertions": 133,
            "deletions": 1
          },
          {
            "hash": "c42ceab510f207807887d19cb76b48957e889dc9",
            "message": "Fixed errors in UniqueTaskList and added new isSameTask method for Task.java",
            "insertions": 17,
            "deletions": 2
          },
          {
            "hash": "40c11f1eed060e92446f197d2e07d14b10256f47",
            "message": "Modified AddressBook.java to support UniqueTaskList functions and fixed errors in TaskAddCommand.java",
            "insertions": 44,
            "deletions": 1
          },
          {
            "hash": "a0d788da81e1600a2d0f4cc7b0cbdc87745d857d",
            "message": "Fixed comments to improve readability of Model.java and VersionedAddressBook.java, added hasTask and addTask support for both files",
            "insertions": 55,
            "deletions": 23
          },
          {
            "hash": "a6e271a16079b0f6d989c814e6c1f81206d3d051",
            "message": "Modified AddressBookParser to accept new TaskAddCommand using AddCommandParser",
            "insertions": 3,
            "deletions": 0
          },
          {
            "hash": "69f931149ad8a53fd0c5b8a2f356c501119ec136",
            "message": "Added new TaskAddCommandParser class",
            "insertions": 4,
            "deletions": 0
          },
          {
            "hash": "49da4e027ae9279b509aa73f6ee4010e38bc710a",
            "message": "Added code for TaskAddCommandParser",
            "insertions": 49,
            "deletions": 2
          },
          {
            "hash": "f4d99d9f6d45e4be5ecf318c8695441bdffe9b11",
            "message": "Added parseTitle and parseDate methods in ParserUtil, fixed errors in TaskAddCommandParser",
            "insertions": 34,
            "deletions": 5
          },
          {
            "hash": "645d653ab4d764633b2f27d369045293636bb99a",
            "message": "Removed unused imports in TaskAddCommandParser",
            "insertions": 0,
            "deletions": 1
          },
          {
            "hash": "26e1592d7a583c95b7ac50f2f0ee20bd26ecf35b",
            "message": "Fixed errors in ParserUtil and TaskAddCommand",
            "insertions": 6,
            "deletions": 6
          },
          {
            "hash": "8388f1032550a341a12a0ca84ce89f80617bb0d2",
            "message": "Fixed regex for DateCustom to only allow dd-mm-yyyy format",
            "insertions": 6,
            "deletions": 10
          },
          {
            "hash": "c954f3b8f07561510c124400e0c94cad0847a7a2",
            "message": "Modified ReadOnlyAddressBook and AddressBook to allow list of task to be returned",
            "insertions": 8,
            "deletions": 0
          },
          {
            "hash": "e95d58f8d81971bfd2b15ed48d1f0b054688dfa4",
            "message": "Added JsonAdaptedTask file",
            "insertions": 4,
            "deletions": 0
          },
          {
            "hash": "2e6ef5d6cea530b8483cb885f87f8a93ebc0c9a5",
            "message": "Added code for JsonAdaptedTask to support creation of Jackson friendly version of Task",
            "insertions": 80,
            "deletions": 1
          },
          {
            "hash": "e9006260b644f8ae0ecd50145aaa59bc4367866e",
            "message": "Modified JsonSerializableAddressBook to support task list",
            "insertions": 3,
            "deletions": 0
          },
          {
            "hash": "20e64444ca6ec99d1977993b199c9462ba621691",
            "message": "Modified toModelType method of JsonSerializationAddressBook",
            "insertions": 8,
            "deletions": 0
          },
          {
            "hash": "dea3b3112ebcbf5231c9ca69c67c2ffe4cf74e56",
            "message": "Fixed DateCustom\u0027s toString method to return string value of date",
            "insertions": 1,
            "deletions": 1
          },
          {
            "hash": "aaeab0c99ee88a8253b0788d30e180c5bf503e48",
            "message": "Modified MainWindow.java and MainWindow.fxml to include placeholder pane for tasks",
            "insertions": 10,
            "deletions": 0
          },
          {
            "hash": "fe74bd08a4ffeef0a8236d58f53e16bf766c97c1",
            "message": "Added filteredtasks and selectedTask attributes to Modelmanager",
            "insertions": 3,
            "deletions": 0
          },
          {
            "hash": "c60bf03d0069fc1fd7b311b160ae7b61aab0d9e8",
            "message": "Modified Model and ModelManager to support get method for task list",
            "insertions": 8,
            "deletions": 0
          },
          {
            "hash": "906f27a3a29761e0c4dea660927d5d6c6a9d97f5",
            "message": "Added updateFilteredtaskList to Model and ModelManager, updated comments",
            "insertions": 21,
            "deletions": 4
          },
          {
            "hash": "dc87e533a13c91f2b0b2d028cf65b86728d07a62",
            "message": "Fixed bug where endDate gets saved as startDate, added check to ensure given dates are before today\u0027s date",
            "insertions": 19,
            "deletions": 8
          }
        ]
      },
      {
        "insertions": 409,
        "deletions": 112,
        "date": "2019-03-13",
        "commitResults": [
          {
            "hash": "72dd7b13986ea5dac73a37b065353cbbe480ef70",
            "message": "Added checks to ensure end date is not before start date for tasks",
            "insertions": 41,
            "deletions": 14
          },
          {
            "hash": "bb4a0c82ecf5b933dff358f264340f2c5ea2e4c7",
            "message": "Fixed bug where tasks are not transferred over states",
            "insertions": 26,
            "deletions": 16
          },
          {
            "hash": "3e72fe836824a0b7be778a66adf6ccd0a4f59a24",
            "message": "Removed printline used for debugging from UniqueTakList",
            "insertions": 0,
            "deletions": 1
          },
          {
            "hash": "0be61bc097247d53cbc96f1cf8ec832487582392",
            "message": "Added TaskCard and TaskListPanel class files",
            "insertions": 14,
            "deletions": 1
          },
          {
            "hash": "fd7f045670699431166ccbc5fc0f207f4fff7ff2",
            "message": "Fixed test files to pass gradle headless test",
            "insertions": 38,
            "deletions": 7
          },
          {
            "hash": "d77236f6b6a4c46686a8c972519d61367267da9f",
            "message": "Added TaskListCard.fxml and TaskListPanel.fxml files",
            "insertions": 176,
            "deletions": 2
          },
          {
            "hash": "eb55839bf44ed126a07488f864ba8860c0ebaf00",
            "message": "Modified UI files to make task show up in new panel",
            "insertions": 25,
            "deletions": 14
          },
          {
            "hash": "0dc13338eae1ade6e1ed3fdf1d01f24185e73636",
            "message": "Changed UI files to now show tasks on the MainWindow, added new image file to use as Addressbook\u0027s window icon",
            "insertions": 23,
            "deletions": 5
          },
          {
            "hash": "d4c59fd8b7b5d7d82a9d2d437dfa20bc460dc89d",
            "message": "Fixed minor error in taskadd command\u0027s MESSAGE_USAGE",
            "insertions": 2,
            "deletions": 2
          },
          {
            "hash": "dfbeeed79a698f7621a1acb14d6b6ee3570d9fc1",
            "message": "Fixed coding style",
            "insertions": 57,
            "deletions": 47
          },
          {
            "hash": "21f370eaa51a1014d67d0a3ce624c47a5a5a9f61",
            "message": "Fixed import style",
            "insertions": 7,
            "deletions": 3
          }
        ]
      },
      {
        "insertions": 427,
        "deletions": 60,
        "date": "2019-03-14",
        "commitResults": [
          {
            "hash": "d9702a7e332612a5f4d60f7bc66124427a4f0c83",
            "message": "Added TaskDeleteCommand.java class file",
            "insertions": 4,
            "deletions": 0
          },
          {
            "hash": "db3e0ae5581a2b9e557a6cf832b0dd394d319a3f",
            "message": "Added code for TaskDeleteCommand",
            "insertions": 52,
            "deletions": 1
          },
          {
            "hash": "6df36d20f3d0bf090e61942865a2fbe9e61a0786",
            "message": "Modified Messages to include message for incorrect task index",
            "insertions": 1,
            "deletions": 0
          },
          {
            "hash": "be1d5402535eaf477e7fc505b6820a58140f05bd",
            "message": "Modified Model code to take in task deletion function",
            "insertions": 6,
            "deletions": 1
          },
          {
            "hash": "7a58a736e89f6adb66ba90ad0f2f32002887543b",
            "message": "Fixed code in TaskDeleteCommand",
            "insertions": 3,
            "deletions": 3
          },
          {
            "hash": "dcafd10e83d1574515660e2f35174fb39300f838",
            "message": "Modified Model and ModelManager to support deleteTask command",
            "insertions": 8,
            "deletions": 1
          },
          {
            "hash": "fe03b4d6a777c38453dd3e8b33634e8fa2f992aa",
            "message": "Fixed method call name in ModelManager",
            "insertions": 1,
            "deletions": 1
          },
          {
            "hash": "4a266dce04bb41b08cff96aead435c0cd3421c31",
            "message": "Added new TaskDeleteCommand case in AddressBookParser",
            "insertions": 4,
            "deletions": 1
          },
          {
            "hash": "bad4c20ff0deb617beedddabe230e040b50ba81c",
            "message": "Added new TaskDeleteCommandParser file",
            "insertions": 4,
            "deletions": 0
          },
          {
            "hash": "b46f470d79e248421d94b025377b16f643ccf06b",
            "message": "Added code for TaskDeleteCommandParser",
            "insertions": 27,
            "deletions": 2
          },
          {
            "hash": "6fc4d1eb19595b2075b7bdb3787f33a58def2193",
            "message": "Fixed small error in TaskDeleteCommand",
            "insertions": 1,
            "deletions": 1
          },
          {
            "hash": "bc03b9575febbee24099b22efa00cee90a54ed8b",
            "message": "Modified AddCommandTest to include new command in ModelStub",
            "insertions": 5,
            "deletions": 0
          },
          {
            "hash": "93281d3bf0eaff3f88abc243bf17072e59c6399b",
            "message": "Added TaskEditCommand class file",
            "insertions": 4,
            "deletions": 0
          },
          {
            "hash": "7738e038adcee560b9cb62a02a70c5c09b392ff4",
            "message": "Updated code for TaskEditCommand",
            "insertions": 182,
            "deletions": 1
          },
          {
            "hash": "9b19010b5841db95ba4e489608ba2c6d5d985065",
            "message": "Modified Model to take in setTask",
            "insertions": 6,
            "deletions": 0
          },
          {
            "hash": "feaf83655c391cdc36c0a11094001ae5729e935a",
            "message": "Modified ModelManager take in setTask method",
            "insertions": 5,
            "deletions": 0
          },
          {
            "hash": "cab8201baaf917579993557bf3b6434e8dc9878c",
            "message": "Added TaskEditCommandParser class file",
            "insertions": 4,
            "deletions": 0
          },
          {
            "hash": "1c1ff35948ae2e1d6afc2b9d778c8792fce015f4",
            "message": "Updated code for TaskEditCommandParser",
            "insertions": 62,
            "deletions": 1
          },
          {
            "hash": "80aafddb8313bb213e7ae67d95e749844d07c651",
            "message": "Updated AddressBookParser to accept TaskEditCommandParser",
            "insertions": 3,
            "deletions": 1
          },
          {
            "hash": "b6c441463ebaf864da4b8e6bb173b6609f0d6cae",
            "message": "Removed unused imports in TaskEditCommandParser",
            "insertions": 1,
            "deletions": 6
          },
          {
            "hash": "af12e20c683ae9bb60fb390cab7dafce944fbc77",
            "message": "Modified TaskEditCommandParser to check for start and end dates properly",
            "insertions": 10,
            "deletions": 11
          },
          {
            "hash": "dfac0eb7c303e0381d90c5e0deb9e3840b9d2188",
            "message": "Updated AddCommandTest Model Stub",
            "insertions": 5,
            "deletions": 0
          },
          {
            "hash": "b0ce615352be516414a2b24a78bfdf9172ca0101",
            "message": "Fixed error when parsing Start and End Dates for TaskEditCommandParser",
            "insertions": 1,
            "deletions": 1
          },
          {
            "hash": "e8d2889f69489246a897da04b0a81a486de7c687",
            "message": "Modified DateCustom and its related parsers in ParserUtil to support LocalDate",
            "insertions": 28,
            "deletions": 28
          }
        ]
      },
      {
        "insertions": 10,
        "deletions": 4,
        "date": "2019-03-15",
        "commitResults": [
          {
            "hash": "2038bdd7f89175833c3128e8756b44fbfb310c1c",
            "message": "Updated UI, added code to display header for Patient list, changed CSS styles for header",
            "insertions": 10,
            "deletions": 4
          }
        ]
      },
      {
        "insertions": 0,
        "deletions": 0,
        "date": "2019-03-16",
        "commitResults": []
      },
      {
        "insertions": 0,
        "deletions": 0,
        "date": "2019-03-17",
        "commitResults": []
      }
    ],
    "kylerwsm": [
      {
        "insertions": 0,
        "deletions": 0,
        "date": "2019-02-10",
        "commitResults": []
      },
      {
        "insertions": 0,
        "deletions": 0,
        "date": "2019-02-11",
        "commitResults": []
      },
      {
        "insertions": 0,
        "deletions": 0,
        "date": "2019-02-12",
        "commitResults": []
      },
      {
        "insertions": 0,
        "deletions": 0,
        "date": "2019-02-13",
        "commitResults": []
      },
      {
        "insertions": 0,
        "deletions": 0,
        "date": "2019-02-14",
        "commitResults": []
      },
      {
        "insertions": 0,
        "deletions": 0,
        "date": "2019-02-15",
        "commitResults": []
      },
      {
        "insertions": 0,
        "deletions": 0,
        "date": "2019-02-16",
        "commitResults": []
      },
      {
        "insertions": 0,
        "deletions": 0,
        "date": "2019-02-17",
        "commitResults": []
      },
      {
        "insertions": 0,
        "deletions": 0,
        "date": "2019-02-18",
        "commitResults": []
      },
      {
        "insertions": 0,
        "deletions": 0,
        "date": "2019-02-19",
        "commitResults": []
      },
      {
        "insertions": 0,
        "deletions": 0,
        "date": "2019-02-20",
        "commitResults": []
      },
      {
        "insertions": 0,
        "deletions": 0,
        "date": "2019-02-21",
        "commitResults": []
      },
      {
        "insertions": 0,
        "deletions": 0,
        "date": "2019-02-22",
        "commitResults": []
      },
      {
        "insertions": 0,
        "deletions": 0,
        "date": "2019-02-23",
        "commitResults": []
      },
      {
        "insertions": 0,
        "deletions": 0,
        "date": "2019-02-24",
        "commitResults": []
      },
      {
        "insertions": 0,
        "deletions": 0,
        "date": "2019-02-25",
        "commitResults": []
      },
      {
        "insertions": 0,
        "deletions": 0,
        "date": "2019-02-26",
        "commitResults": []
      },
      {
        "insertions": 0,
        "deletions": 0,
        "date": "2019-02-27",
        "commitResults": []
      },
      {
        "insertions": 0,
        "deletions": 0,
        "date": "2019-02-28",
        "commitResults": []
      },
      {
        "insertions": 0,
        "deletions": 0,
        "date": "2019-03-01",
        "commitResults": []
      },
      {
        "insertions": 0,
        "deletions": 0,
        "date": "2019-03-02",
        "commitResults": []
      },
      {
        "insertions": 0,
        "deletions": 0,
        "date": "2019-03-03",
        "commitResults": []
      },
      {
        "insertions": 0,
        "deletions": 0,
        "date": "2019-03-04",
        "commitResults": []
      },
      {
        "insertions": 0,
        "deletions": 0,
        "date": "2019-03-05",
        "commitResults": []
      },
      {
        "insertions": 0,
        "deletions": 0,
        "date": "2019-03-06",
        "commitResults": []
      },
      {
        "insertions": 0,
        "deletions": 0,
        "date": "2019-03-07",
        "commitResults": []
      },
      {
        "insertions": 0,
        "deletions": 0,
        "date": "2019-03-08",
        "commitResults": []
      },
      {
        "insertions": 0,
        "deletions": 0,
        "date": "2019-03-09",
        "commitResults": []
      },
      {
        "insertions": 0,
        "deletions": 0,
        "date": "2019-03-10",
        "commitResults": []
      },
      {
        "insertions": 0,
        "deletions": 0,
        "date": "2019-03-11",
        "commitResults": []
      },
      {
        "insertions": 0,
        "deletions": 0,
        "date": "2019-03-12",
        "commitResults": []
      },
      {
        "insertions": 0,
        "deletions": 0,
        "date": "2019-03-13",
        "commitResults": []
      },
      {
        "insertions": 0,
        "deletions": 0,
        "date": "2019-03-14",
        "commitResults": []
      },
      {
        "insertions": 0,
        "deletions": 0,
        "date": "2019-03-15",
        "commitResults": []
      },
      {
        "insertions": 0,
        "deletions": 0,
        "date": "2019-03-16",
        "commitResults": []
      },
      {
        "insertions": 0,
        "deletions": 0,
        "date": "2019-03-17",
        "commitResults": []
      }
    ],
    "wSemis": [
      {
        "insertions": 0,
        "deletions": 0,
        "date": "2019-02-10",
        "commitResults": []
      },
      {
        "insertions": 0,
        "deletions": 0,
        "date": "2019-02-11",
        "commitResults": []
      },
      {
        "insertions": 0,
        "deletions": 0,
        "date": "2019-02-12",
        "commitResults": []
      },
      {
        "insertions": 0,
        "deletions": 0,
        "date": "2019-02-13",
        "commitResults": []
      },
      {
        "insertions": 0,
        "deletions": 0,
        "date": "2019-02-14",
        "commitResults": []
      },
      {
        "insertions": 0,
        "deletions": 0,
        "date": "2019-02-15",
        "commitResults": []
      },
      {
        "insertions": 0,
        "deletions": 0,
        "date": "2019-02-16",
        "commitResults": []
      },
      {
        "insertions": 0,
        "deletions": 0,
        "date": "2019-02-17",
        "commitResults": []
      },
      {
        "insertions": 0,
        "deletions": 0,
        "date": "2019-02-18",
        "commitResults": []
      },
      {
        "insertions": 0,
        "deletions": 0,
        "date": "2019-02-19",
        "commitResults": []
      },
      {
        "insertions": 0,
        "deletions": 0,
        "date": "2019-02-20",
        "commitResults": []
      },
      {
        "insertions": 0,
        "deletions": 0,
        "date": "2019-02-21",
        "commitResults": []
      },
      {
        "insertions": 0,
        "deletions": 0,
        "date": "2019-02-22",
        "commitResults": []
      },
      {
        "insertions": 0,
        "deletions": 0,
        "date": "2019-02-23",
        "commitResults": []
      },
      {
        "insertions": 0,
        "deletions": 0,
        "date": "2019-02-24",
        "commitResults": []
      },
      {
        "insertions": 0,
        "deletions": 0,
        "date": "2019-02-25",
        "commitResults": []
      },
      {
        "insertions": 0,
        "deletions": 0,
        "date": "2019-02-26",
        "commitResults": []
      },
      {
        "insertions": 0,
        "deletions": 0,
        "date": "2019-02-27",
        "commitResults": []
      },
      {
        "insertions": 0,
        "deletions": 0,
        "date": "2019-02-28",
        "commitResults": []
      },
      {
        "insertions": 0,
        "deletions": 0,
        "date": "2019-03-01",
        "commitResults": []
      },
      {
        "insertions": 265,
        "deletions": 86,
        "date": "2019-03-02",
        "commitResults": [
          {
            "hash": "7985aeb338b57206702e9189dabb45b2b9a0d227",
            "message": "Add CopyTag class",
            "insertions": 54,
            "deletions": 0
          },
          {
            "hash": "91e38bc3b7b06afdb023a6074c5c4d6277aeda60",
            "message": "Add CopyTag class for copy information",
            "insertions": 9,
            "deletions": 2
          },
          {
            "hash": "e62a363fb236eca16625329b52ce591613266f51",
            "message": "Modified Person class for temporary duplicates",
            "insertions": 34,
            "deletions": 1
          },
          {
            "hash": "a4825eaa2801930acdcdd69804675afc9b368d58",
            "message": "Modified EditCommand for removal of copy information",
            "insertions": 5,
            "deletions": 0
          },
          {
            "hash": "da582a2b3354d975b1fc2750ccbe5c335ed1efd4",
            "message": "Main logic for CopyCommand",
            "insertions": 21,
            "deletions": 10
          },
          {
            "hash": "5fd0138d4c3b64b42422ccb7fb6da6cd59186721",
            "message": "Command info for CopyCommand",
            "insertions": 4,
            "deletions": 21
          },
          {
            "hash": "e1874acbe3f30848329f080116ecef4eb89cfb17",
            "message": "Add CopyCommandParser class",
            "insertions": 4,
            "deletions": 0
          },
          {
            "hash": "29012f6ec1ce80c646388d19047df132241cea9f",
            "message": "Copy command can be called",
            "insertions": 26,
            "deletions": 14
          },
          {
            "hash": "bece66664573e3f31ca687674e75b8391027d01c",
            "message": "Cleared a bug by typo",
            "insertions": 2,
            "deletions": 2
          },
          {
            "hash": "81a66e4846e653d536d1c7fe55783fc920b6f4bb",
            "message": "\u003d Add methods to help check copies",
            "insertions": 11,
            "deletions": 0
          },
          {
            "hash": "b3de78199c0c9eebec6522ba8d040a2fa9382da2",
            "message": "\u003d Add Copy tag for copies",
            "insertions": 1,
            "deletions": 0
          },
          {
            "hash": "a747a3b7599dc907f9a559fe1cf871b71c5717ec",
            "message": "\u003d Add checkNoCopy method into Model interface",
            "insertions": 7,
            "deletions": 1
          },
          {
            "hash": "e800ce3e3d38bb9e5bea9069f486da0aeedf62d9",
            "message": "\u003d Add logger info for copy status",
            "insertions": 5,
            "deletions": 0
          },
          {
            "hash": "0f5ff884ca2d872fc1d49ab44a4cdfba8651f889",
            "message": "\u003d Change isSamePerson logic for loading saved data",
            "insertions": 8,
            "deletions": 1
          },
          {
            "hash": "91c454a00671d7b9952e2b371209178d89692e24",
            "message": "\u003d Change error in INFO display",
            "insertions": 1,
            "deletions": 2
          },
          {
            "hash": "3ba683a21f684cbf9bda482cdc27fe968c987adb",
            "message": "\u003d Style check change",
            "insertions": 45,
            "deletions": 27
          },
          {
            "hash": "e6785ab61329d04096b7c784be966526e544442e",
            "message": "\u003d Style check change",
            "insertions": 27,
            "deletions": 4
          },
          {
            "hash": "d75c82c5626a76c88a6839ebc880a7c9acdce469",
            "message": "\u003d Style check change",
            "insertions": 1,
            "deletions": 1
          }
        ]
      },
      {
        "insertions": 0,
        "deletions": 0,
        "date": "2019-03-03",
        "commitResults": []
      },
      {
        "insertions": 0,
        "deletions": 0,
        "date": "2019-03-04",
        "commitResults": []
      },
      {
        "insertions": 0,
        "deletions": 0,
        "date": "2019-03-05",
        "commitResults": []
      },
      {
        "insertions": 0,
        "deletions": 0,
        "date": "2019-03-06",
        "commitResults": []
      },
      {
        "insertions": 0,
        "deletions": 0,
        "date": "2019-03-07",
        "commitResults": []
      },
      {
        "insertions": 0,
        "deletions": 0,
        "date": "2019-03-08",
        "commitResults": []
      },
      {
        "insertions": 0,
        "deletions": 0,
        "date": "2019-03-09",
        "commitResults": []
      },
      {
        "insertions": 0,
        "deletions": 0,
        "date": "2019-03-10",
        "commitResults": []
      },
      {
        "insertions": 0,
        "deletions": 0,
        "date": "2019-03-11",
        "commitResults": []
      },
      {
        "insertions": 0,
        "deletions": 0,
        "date": "2019-03-12",
        "commitResults": []
      },
      {
        "insertions": 0,
        "deletions": 0,
        "date": "2019-03-13",
        "commitResults": []
      },
      {
        "insertions": 0,
        "deletions": 0,
        "date": "2019-03-14",
        "commitResults": []
      },
      {
        "insertions": 0,
        "deletions": 0,
        "date": "2019-03-15",
        "commitResults": []
      },
      {
        "insertions": 0,
        "deletions": 0,
        "date": "2019-03-16",
        "commitResults": []
      },
      {
        "insertions": 0,
        "deletions": 0,
        "date": "2019-03-17",
        "commitResults": []
      }
    ],
    "JiaHaoLim": [
      {
        "insertions": 0,
        "deletions": 0,
        "date": "2019-02-10",
        "commitResults": []
      },
      {
        "insertions": 0,
        "deletions": 0,
        "date": "2019-02-11",
        "commitResults": []
      },
      {
        "insertions": 0,
        "deletions": 0,
        "date": "2019-02-12",
        "commitResults": []
      },
      {
        "insertions": 0,
        "deletions": 0,
        "date": "2019-02-13",
        "commitResults": []
      },
      {
        "insertions": 0,
        "deletions": 0,
        "date": "2019-02-14",
        "commitResults": []
      },
      {
        "insertions": 0,
        "deletions": 0,
        "date": "2019-02-15",
        "commitResults": []
      },
      {
        "insertions": 0,
        "deletions": 0,
        "date": "2019-02-16",
        "commitResults": []
      },
      {
        "insertions": 0,
        "deletions": 0,
        "date": "2019-02-17",
        "commitResults": []
      },
      {
        "insertions": 0,
        "deletions": 0,
        "date": "2019-02-18",
        "commitResults": []
      },
      {
        "insertions": 0,
        "deletions": 0,
        "date": "2019-02-19",
        "commitResults": []
      },
      {
        "insertions": 0,
        "deletions": 0,
        "date": "2019-02-20",
        "commitResults": []
      },
      {
        "insertions": 0,
        "deletions": 0,
        "date": "2019-02-21",
        "commitResults": []
      },
      {
        "insertions": 0,
        "deletions": 0,
        "date": "2019-02-22",
        "commitResults": []
      },
      {
        "insertions": 0,
        "deletions": 0,
        "date": "2019-02-23",
        "commitResults": []
      },
      {
        "insertions": 0,
        "deletions": 0,
        "date": "2019-02-24",
        "commitResults": []
      },
      {
        "insertions": 0,
        "deletions": 0,
        "date": "2019-02-25",
        "commitResults": []
      },
      {
        "insertions": 0,
        "deletions": 0,
        "date": "2019-02-26",
        "commitResults": []
      },
      {
        "insertions": 173,
        "deletions": 29,
        "date": "2019-02-27",
        "commitResults": [
          {
            "hash": "cb3d120d51c04b6960b01cd012e2da52bdd9da29",
            "message": "Added ImportCommand to AddressBookParser.java",
            "insertions": 29,
            "deletions": 0
          },
          {
            "hash": "07897e8c30f40f402fb3e99b2dd2abf8afdd5d41",
            "message": "Added ImportCommand.java",
            "insertions": 17,
            "deletions": 4
          },
          {
            "hash": "05a6a68994049ccc264a9dc3bc8c19db39e1c9b1",
            "message": "Added ImportCommandParser.java",
            "insertions": 29,
            "deletions": 0
          },
          {
            "hash": "95dad3d929d110bff7cfca78e793658e2f791a1d",
            "message": "Added parseFile() to ParserUtil.java",
            "insertions": 16,
            "deletions": 0
          },
          {
            "hash": "8205f0aafd91be511ea4e474e28015214082d850",
            "message": "Added ImportCommand to parseCommand() of AddressBookParser.java",
            "insertions": 1,
            "deletions": 1
          },
          {
            "hash": "ab9ae030d4f3e58d7995626ef2b8e674ff8e4328",
            "message": "Updated regex for parseFile() in ParserUtil.java",
            "insertions": 2,
            "deletions": 2
          },
          {
            "hash": "51ccfa813b981dcdfe1d26e6ccb76ee1d4747014",
            "message": "Updated comments for ImportCommandParser.java",
            "insertions": 4,
            "deletions": 5
          },
          {
            "hash": "6787cac419f1d481d5a435da0002db41edf4f35a",
            "message": "Updated parseFile() for file validation in ParserUtil.java",
            "insertions": 13,
            "deletions": 5
          },
          {
            "hash": "d33e94775ec8168eacd4048f50ba1123f62dd2cf",
            "message": "Updated ImportCommandParser.java",
            "insertions": 4,
            "deletions": 2
          },
          {
            "hash": "44a04882f350faf6673e1317bad4beee40428720",
            "message": "Added data folder filepath to concat with input file in ParserUtil.java",
            "insertions": 6,
            "deletions": 2
          },
          {
            "hash": "a984ae3f661055ff7c2f0dfb54827e4015e3eba1",
            "message": "Added readFile() to ImportCommand.java",
            "insertions": 52,
            "deletions": 8
          }
        ]
      },
      {
        "insertions": 176,
        "deletions": 53,
        "date": "2019-02-28",
        "commitResults": [
          {
            "hash": "9c3eca0719c40b1b5fe43cb644d4ab243b27d892",
            "message": "Added ExportCommand.java",
            "insertions": 82,
            "deletions": 0
          },
          {
            "hash": "51d08d5542bcd2e988dbfbe24f09070b6b69974f",
            "message": "Removed unused import statements from ImportCommand.java",
            "insertions": 0,
            "deletions": 5
          },
          {
            "hash": "ea27908d08ddbdf6a1f215c0edfe8e8f4b547a5f",
            "message": "Added ExportCommand to parseCommand() of AddressBookParser.java",
            "insertions": 4,
            "deletions": 0
          },
          {
            "hash": "1fdca6db6e8ac838c301f092e91e41c628715508",
            "message": "Updated code for ExportCommand.java",
            "insertions": 6,
            "deletions": 15
          },
          {
            "hash": "29e86732877a314a3ebd97bdb455184a51382ecb",
            "message": "Added ExportCommandParser.java",
            "insertions": 31,
            "deletions": 0
          },
          {
            "hash": "206b4cbe3b47c8317d205baa0634d66d48b0617d",
            "message": "Added parseFile() to ParserUtil.java",
            "insertions": 28,
            "deletions": 0
          },
          {
            "hash": "12302d664169c4c78cc47372666e550f1f00a09f",
            "message": "Changed command word to \u0027export\u0027 in ExportCommand.java",
            "insertions": 1,
            "deletions": 1
          },
          {
            "hash": "b40690945f4576591815a67818c45b7f28646d52",
            "message": "Updated ParserUtil.java to work with ExportCommand",
            "insertions": 0,
            "deletions": 6
          },
          {
            "hash": "91893e3ff2395f5e767dd60dd74de1e922f6f331",
            "message": "Updated ExportCommandParser.java to receive exception message from ParserUtil.java",
            "insertions": 1,
            "deletions": 2
          },
          {
            "hash": "3448e9216933dc04639c79d2b1ec4d82b543f317",
            "message": "Updated ExportCommand.java",
            "insertions": 3,
            "deletions": 7
          },
          {
            "hash": "291713382be843233f1af080aad92e5c2e796a20",
            "message": "Updated ParserUtil.java to work with ExportCommand.java",
            "insertions": 0,
            "deletions": 6
          },
          {
            "hash": "d30cc48261ccfd3770d23f82374859425c09c76c",
            "message": "Updated ImportCommandParser.java to receive exception message from ParserUtil.java",
            "insertions": 1,
            "deletions": 2
          },
          {
            "hash": "0bbabec48ee95824a4de635dbc89003b841ef315",
            "message": "Updated readFile() to be private in ImportCommand.java",
            "insertions": 1,
            "deletions": 1
          },
          {
            "hash": "fc28c17cb48ec6a0e056cb483c6e3da9ecd016c4",
            "message": "Updated ImportCommandParser.java to handle import validation",
            "insertions": 7,
            "deletions": 2
          },
          {
            "hash": "de4935641ae37f9eb2af254cc00f89ebe02dfc80",
            "message": "Added comments to ImportCommand.java",
            "insertions": 3,
            "deletions": 0
          },
          {
            "hash": "bb666e634b2e0a6083fee76511c3a41366b18d8f",
            "message": "Updated writeFile() to be private in ExportCommand.java",
            "insertions": 4,
            "deletions": 3
          },
          {
            "hash": "dcf7f68d728545661670117a5ef58791550ae2b7",
            "message": "Updated writeFile() to be private in ExportCommand.java",
            "insertions": 4,
            "deletions": 3
          }
        ]
      },
      {
        "insertions": 61,
        "deletions": 26,
        "date": "2019-03-01",
        "commitResults": [
          {
            "hash": "e92e99903d687b4207ebf41555891e4c95594f53",
            "message": "Added import and export commands to UserGuide.adoc",
            "insertions": 21,
            "deletions": 0
          },
          {
            "hash": "f7d3910a3a99301285cd8a491676d8d6ea9e0162",
            "message": "Added import and export commands to UserGuide.adoc",
            "insertions": 21,
            "deletions": 0
          },
          {
            "hash": "97818212862f25c2be679a92283664ca0117aa27",
            "message": "Removed unused imports in ExportCommand.java",
            "insertions": 0,
            "deletions": 10
          },
          {
            "hash": "5c5c37222680f8ef75602a35908bb67bcdaae676",
            "message": "Renamed variable to match camelCase in ParserUtil.java",
            "insertions": 2,
            "deletions": 2
          },
          {
            "hash": "c9d382a0b7bf196989636c1b24617cea2ac8f124",
            "message": "Renamed variable to match camelCase in ParserUtil.java",
            "insertions": 2,
            "deletions": 2
          },
          {
            "hash": "ce8a052ff23058414a936f191544f4cf14d1d3a5",
            "message": "Fixed codestyle in ImportCommand.java",
            "insertions": 1,
            "deletions": 1
          },
          {
            "hash": "25252e5ef914a7079c6310c90c152350f2e354b5",
            "message": "Fixed codestyle in ImportCommand.java",
            "insertions": 4,
            "deletions": 2
          },
          {
            "hash": "c18a9c33e5bf61e7169a3bf7d8b87164f7e42507",
            "message": "Fixed codestyle in ImportCommandParser.java",
            "insertions": 1,
            "deletions": 1
          },
          {
            "hash": "e3fbcc621af0c8028b09d9574266c3c60f4c559e",
            "message": "Fixed codestyle in ExportCommandParser.java",
            "insertions": 2,
            "deletions": 4
          },
          {
            "hash": "7e142cb92191ca0bdb29a3dc077bcabfd93da2c0",
            "message": "Fixed ImportCommand.java codestyle",
            "insertions": 4,
            "deletions": 4
          },
          {
            "hash": "e91f072eb35afe7714ae55cd32ee31d01e0a4ff8",
            "message": "Fixed ExportCommand.java codestyle",
            "insertions": 3,
            "deletions": 0
          }
        ]
      },
      {
        "insertions": 10,
        "deletions": 1,
        "date": "2019-03-02",
        "commitResults": [
          {
            "hash": "e16d60542eb0d391ea34ae7c157a35825f492b9c",
            "message": "Added Jia Hao\u0027s information into AboutUs.adoc",
            "insertions": 9,
            "deletions": 0
          },
          {
            "hash": "405c8f361d044d5439ae7945de23b7dccf447fc1",
            "message": "Added Jia Hao\u0027s image to AboutUs.adoc",
            "insertions": 1,
            "deletions": 1
          }
        ]
      },
      {
        "insertions": 0,
        "deletions": 0,
        "date": "2019-03-03",
        "commitResults": []
      },
      {
        "insertions": 0,
        "deletions": 0,
        "date": "2019-03-04",
        "commitResults": []
      },
      {
        "insertions": 0,
        "deletions": 0,
        "date": "2019-03-05",
        "commitResults": []
      },
      {
        "insertions": 0,
        "deletions": 0,
        "date": "2019-03-06",
        "commitResults": []
      },
      {
        "insertions": 0,
        "deletions": 0,
        "date": "2019-03-07",
        "commitResults": []
      },
      {
        "insertions": 0,
        "deletions": 0,
        "date": "2019-03-08",
        "commitResults": []
      },
      {
        "insertions": 0,
        "deletions": 0,
        "date": "2019-03-09",
        "commitResults": []
      },
      {
        "insertions": 0,
        "deletions": 0,
        "date": "2019-03-10",
        "commitResults": []
      },
      {
        "insertions": 0,
        "deletions": 0,
        "date": "2019-03-11",
        "commitResults": []
      },
      {
        "insertions": 0,
        "deletions": 0,
        "date": "2019-03-12",
        "commitResults": []
      },
      {
        "insertions": 0,
        "deletions": 0,
        "date": "2019-03-13",
        "commitResults": []
      },
      {
        "insertions": 0,
        "deletions": 0,
        "date": "2019-03-14",
        "commitResults": []
      },
      {
        "insertions": 449,
        "deletions": 119,
        "date": "2019-03-15",
        "commitResults": [
          {
            "hash": "efce141420738b16fa6a4e6a3fbc4765d085ee4f",
            "message": "Removed todo from ExportCommandParser.java",
            "insertions": 0,
            "deletions": 2
          },
          {
            "hash": "0240705065ce6654594426bd53f154259dcec14e",
            "message": "Fixed ImportCommand.java to work with UndoCommand.java",
            "insertions": 1,
            "deletions": 0
          },
          {
            "hash": "3b208ef09bddf6a5d058bfdd4df54f7b27f7b543",
            "message": "Renamed ImportCommand to OpenCommand",
            "insertions": 18,
            "deletions": 18
          },
          {
            "hash": "fc92af596a72ef2f765d50b43dc157423659d888",
            "message": "Renamed ExportCommand to SaveCommand",
            "insertions": 16,
            "deletions": 16
          },
          {
            "hash": "4154fae609988cc1a5a6adbe29d2a1442f41e7a1",
            "message": "Added ExportCommand.java",
            "insertions": 65,
            "deletions": 0
          },
          {
            "hash": "d65e9f35b20a1796bf4852a9cf342aea623c9aa1",
            "message": "Added ExportCommandParser.java",
            "insertions": 26,
            "deletions": 0
          },
          {
            "hash": "6ad2116b9215812f04a93a546c16f8d9405a646d",
            "message": "Added ExportCommand to AddressBookParser.java",
            "insertions": 6,
            "deletions": 2
          },
          {
            "hash": "823f62c9bec5e36c29789c080e70f22c550b86fb",
            "message": "Reordered imports in AddressBookParser.java",
            "insertions": 2,
            "deletions": 2
          },
          {
            "hash": "c3a1763759142250e1b2536496143f5d9dc28567",
            "message": "Renamed parseFile to parseOpenSave in ParserUtil.java",
            "insertions": 3,
            "deletions": 3
          },
          {
            "hash": "6cb5163ea94d3ebc06db4987b4605a31a548b7f8",
            "message": "Added parseImportExport to parserUtil.java",
            "insertions": 22,
            "deletions": 1
          },
          {
            "hash": "8c1d7b05f1af2133fc76952a29eb447ae95c6af2",
            "message": "Updated regex in parseOpenSave in ParserUtil.java",
            "insertions": 1,
            "deletions": 1
          },
          {
            "hash": "547d50dacca904d7bdd9f80d16e6a460292cd462",
            "message": "Updated regex in parseImportExport in ParserUtil.java",
            "insertions": 1,
            "deletions": 1
          },
          {
            "hash": "afaa6541d6b8978d895acbfe9ca1cf7b194f38df",
            "message": "Updated regex in ParseImportExport() in ParserUtil.java",
            "insertions": 1,
            "deletions": 1
          },
          {
            "hash": "0d1e949ed2d73daca59644e4b18ddb5bae655bba",
            "message": "Updated regex in ParseOpenSave() in ParserUtil.java",
            "insertions": 1,
            "deletions": 1
          },
          {
            "hash": "720c1587c88c8e4d7ad8a6889573b6560c223dcd",
            "message": "Created ParsedInOut.java class to store information parsed for ImportCommand and ExportCommand.",
            "insertions": 25,
            "deletions": 0
          },
          {
            "hash": "1687f200afc43dbfa9d7323b4a14174666c61fba",
            "message": "Updated ExportCommandParser.java to accept and pass along ParsedInOut object.",
            "insertions": 1,
            "deletions": 4
          },
          {
            "hash": "022c7ec02a1ab968212eda839353cd7a03f509c8",
            "message": "Updated parseImportExport() in ParserUtil.java to parse input for ImportCommand and ExportCommand.",
            "insertions": 45,
            "deletions": 8
          },
          {
            "hash": "2a119865e0ac8d002ccd5ee3c5d3cb8686be42b0",
            "message": "Updated ExportCommand.java.",
            "insertions": 38,
            "deletions": 8
          },
          {
            "hash": "205cf0d819641685a3c018ebf9b7c78aaf855701",
            "message": "Added ImportCommand.java",
            "insertions": 95,
            "deletions": 0
          },
          {
            "hash": "aedefa687cc16f7d5a1c212791586611457cc1ce",
            "message": "Added ImportCommandParser.java",
            "insertions": 34,
            "deletions": 0
          },
          {
            "hash": "b5d31674fbee0ac0a514d09ce0884d34a59fcd4f",
            "message": "Updated AddressBookParser.java to accept ImportCommand.",
            "insertions": 4,
            "deletions": 0
          },
          {
            "hash": "24f01e4e3101dd1c035e8eaa92872bc37ad8743c",
            "message": "Updated ImportCommand.java",
            "insertions": 27,
            "deletions": 34
          },
          {
            "hash": "c3a734b40b2e93744b9e0c00415340c3ea5151e9",
            "message": "Updated ParserUtil.java to accept multiple whitespaces.",
            "insertions": 17,
            "deletions": 17
          }
        ]
      },
      {
        "insertions": 0,
        "deletions": 0,
        "date": "2019-03-16",
        "commitResults": []
      },
      {
        "insertions": 0,
        "deletions": 0,
        "date": "2019-03-17",
        "commitResults": []
      }
    ]
  },
  "authorFinalContributionMap": {
    "kthSim": 2370,
    "cchj1995": 1490,
    "kylerwsm": 0,
    "wSemis": 193,
    "JiaHaoLim": 573
  },
  "authorContributionVariance": {
    "kthSim": 57007.06,
    "cchj1995": 47575.594,
    "kylerwsm": 0.0,
    "wSemis": 3327.1875,
    "JiaHaoLim": 10836.971
  },
  "authorDisplayNameMap": {
    "kthSim": "SIM...ITH",
    "cchj1995": "CHO...HAN",
    "kylerwsm": "KYL...ENG",
    "wSemis": "WAN...ANG",
    "JiaHaoLim": "LIM...HAO"
  }
}
