{
  "authorDailyContributionsMap": {
    "barisbatuhan": [
      {
        "insertions": 0,
        "deletions": 0,
        "date": "2019-02-10",
        "commitResults": []
      },
      {
        "insertions": 0,
        "deletions": 0,
        "date": "2019-02-11",
        "commitResults": []
      },
      {
        "insertions": 0,
        "deletions": 0,
        "date": "2019-02-12",
        "commitResults": []
      },
      {
        "insertions": 0,
        "deletions": 0,
        "date": "2019-02-13",
        "commitResults": []
      },
      {
        "insertions": 0,
        "deletions": 0,
        "date": "2019-02-14",
        "commitResults": []
      },
      {
        "insertions": 0,
        "deletions": 0,
        "date": "2019-02-15",
        "commitResults": []
      },
      {
        "insertions": 0,
        "deletions": 0,
        "date": "2019-02-16",
        "commitResults": []
      },
      {
        "insertions": 0,
        "deletions": 0,
        "date": "2019-02-17",
        "commitResults": []
      },
      {
        "insertions": 0,
        "deletions": 0,
        "date": "2019-02-18",
        "commitResults": []
      },
      {
        "insertions": 0,
        "deletions": 0,
        "date": "2019-02-19",
        "commitResults": []
      },
      {
        "insertions": 0,
        "deletions": 0,
        "date": "2019-02-20",
        "commitResults": []
      },
      {
        "insertions": 458,
        "deletions": 21,
        "date": "2019-02-21",
        "commitResults": [
          {
            "hash": "e5f2cb67ae1be620c605b93ff218782609707d66",
            "message": "- Filter command is added. It has the options: fiter and, filter or, filter clear. - User Guide is updated with the addition of fiter command explanation. - The necessary methods for filtering to take place are added in the AddressBook.java, Model.java and ModelManager.java classes - A size returning function is created in the UniquePersonList.java class - Instead of having only one person list in the addressbook, a second person list is created and implemented for every single method. It is necessary because when one list holds every contact information and the other list holds the filtered contacts to be showed. - TODO: filtering is not working well with undo and redo operations. This will be implemented. - TODO: a command remove-filtered-contacts will be added to remove all the filtered contacts at once.",
            "insertions": 458,
            "deletions": 21
          }
        ]
      },
      {
        "insertions": 21,
        "deletions": 0,
        "date": "2019-02-22",
        "commitResults": [
          {
            "hash": "8d46979e0ccb81ccf5401ec757420fc3ec4ca090",
            "message": "- For testing purposes, the missing methods are added. - For undo and redo commands, filtering processes are cleared.",
            "insertions": 21,
            "deletions": 0
          }
        ]
      },
      {
        "insertions": 0,
        "deletions": 0,
        "date": "2019-02-23",
        "commitResults": []
      },
      {
        "insertions": 0,
        "deletions": 0,
        "date": "2019-02-24",
        "commitResults": []
      },
      {
        "insertions": 0,
        "deletions": 0,
        "date": "2019-02-25",
        "commitResults": []
      },
      {
        "insertions": 0,
        "deletions": 0,
        "date": "2019-02-26",
        "commitResults": []
      },
      {
        "insertions": 0,
        "deletions": 0,
        "date": "2019-02-27",
        "commitResults": []
      },
      {
        "insertions": 0,
        "deletions": 0,
        "date": "2019-02-28",
        "commitResults": []
      },
      {
        "insertions": 0,
        "deletions": 0,
        "date": "2019-03-01",
        "commitResults": []
      },
      {
        "insertions": 0,
        "deletions": 0,
        "date": "2019-03-02",
        "commitResults": []
      },
      {
        "insertions": 0,
        "deletions": 0,
        "date": "2019-03-03",
        "commitResults": []
      },
      {
        "insertions": 0,
        "deletions": 0,
        "date": "2019-03-04",
        "commitResults": []
      },
      {
        "insertions": 0,
        "deletions": 0,
        "date": "2019-03-05",
        "commitResults": []
      },
      {
        "insertions": 2113,
        "deletions": 2115,
        "date": "2019-03-06",
        "commitResults": [
          {
            "hash": "fe439724f4d315da1bf8121efe740f45563010db",
            "message": "Line endings are changed for the Developer Guide",
            "insertions": 1054,
            "deletions": 1054
          },
          {
            "hash": "0c64badcf5b4a8bcb846b817501a0483881f6f3a",
            "message": "User guide format for filtering is updated.",
            "insertions": 5,
            "deletions": 7
          },
          {
            "hash": "7c98f744cb4d030ff7b734b53d1ce8dfbf2538dd",
            "message": "Revert \"Line endings are changed for the Developer Guide\"",
            "insertions": 1054,
            "deletions": 1054
          }
        ]
      },
      {
        "insertions": 0,
        "deletions": 0,
        "date": "2019-03-07",
        "commitResults": []
      },
      {
        "insertions": 0,
        "deletions": 0,
        "date": "2019-03-08",
        "commitResults": []
      },
      {
        "insertions": 0,
        "deletions": 0,
        "date": "2019-03-09",
        "commitResults": []
      },
      {
        "insertions": 0,
        "deletions": 0,
        "date": "2019-03-10",
        "commitResults": []
      },
      {
        "insertions": 0,
        "deletions": 0,
        "date": "2019-03-11",
        "commitResults": []
      },
      {
        "insertions": 0,
        "deletions": 0,
        "date": "2019-03-12",
        "commitResults": []
      },
      {
        "insertions": 0,
        "deletions": 0,
        "date": "2019-03-13",
        "commitResults": []
      },
      {
        "insertions": 0,
        "deletions": 0,
        "date": "2019-03-14",
        "commitResults": []
      },
      {
        "insertions": 0,
        "deletions": 0,
        "date": "2019-03-15",
        "commitResults": []
      },
      {
        "insertions": 216,
        "deletions": 78,
        "date": "2019-03-16",
        "commitResults": [
          {
            "hash": "47a8deb5b2947bc820d9a3f138acd10671aca02f",
            "message": "Changes: - UI image is again updated to .png extension - Filtering option for tags are updated - Filtering is made compatible with all the processes (undo, redo, add, delete especially) - Sorting method is updated in order to be used with filtering at the same time - Code flexibility is improved in filtering processes - In Person class, a new method is implemented in order to compare the tags with the String list that maintains tag names inside - Deletions caused by filterings are prevented. This error is fixed.",
            "insertions": 216,
            "deletions": 78
          }
        ]
      },
      {
        "insertions": 21,
        "deletions": 29,
        "date": "2019-03-17",
        "commitResults": [
          {
            "hash": "8ba8cd3cb43edcf201710d6f9ebff2b0d6f4a2a9",
            "message": "Editing and filtering are working together without a problem",
            "insertions": 2,
            "deletions": 12
          },
          {
            "hash": "f7500a6f9f160943ec20f89c684dc473547000d6",
            "message": "no message",
            "insertions": 1,
            "deletions": 1
          },
          {
            "hash": "6c2538ffafbd9a5c21b7ee585b4b436f2c0b760b",
            "message": "- User guide is updated - Deleting became compatible with filtering - Addition is blocked if filter is active",
            "insertions": 18,
            "deletions": 16
          }
        ]
      },
      {
        "insertions": 175,
        "deletions": 58,
        "date": "2019-03-18",
        "commitResults": [
          {
            "hash": "a1f21b68eb9861c9c4e28b17de4347c458a8e49d",
            "message": "- Adding person is activated when filtering is active - An arrayList is implemented to hold previous and next phases of filteringExist (to work undo and redo correctly) - Commit code place is changed in FilterCommand in order to make the process commit in correct times",
            "insertions": 23,
            "deletions": 18
          },
          {
            "hash": "f04349e3b85f5f6f19b8a0a2083fd4877d205bf4",
            "message": "- A small error in versionedAdressBook is corrected",
            "insertions": 0,
            "deletions": 1
          },
          {
            "hash": "4ff228e374bf7e7229d7c26b76b1a88684e8b806",
            "message": "Developer guide is updated for the filtering process.",
            "insertions": 110,
            "deletions": 1
          },
          {
            "hash": "0ffa6f5485f9f98d7eed144f18c8cdd376d05e1c",
            "message": "Developer Guide is updated for styling",
            "insertions": 28,
            "deletions": 28
          },
          {
            "hash": "bc6a16c25416821c6256862651c2365f4febf224",
            "message": "PNG name is updated in Developer Guide",
            "insertions": 1,
            "deletions": 1
          },
          {
            "hash": "86f9555f7ffa896d111626d1f651a9e47340ef16",
            "message": "Developer Guide is updated for user stories",
            "insertions": 13,
            "deletions": 9
          }
        ]
      },
      {
        "insertions": 22,
        "deletions": 22,
        "date": "2019-03-19",
        "commitResults": [
          {
            "hash": "31e551acb982a35e2882ea18410499ec9b14a8ac",
            "message": "Filtering is updated according to skills and position property changes. Initial sample AdressBook is updated",
            "insertions": 22,
            "deletions": 22
          }
        ]
      },
      {
        "insertions": 0,
        "deletions": 0,
        "date": "2019-03-20",
        "commitResults": []
      },
      {
        "insertions": 0,
        "deletions": 0,
        "date": "2019-03-21",
        "commitResults": []
      },
      {
        "insertions": 0,
        "deletions": 0,
        "date": "2019-03-22",
        "commitResults": []
      },
      {
        "insertions": 0,
        "deletions": 0,
        "date": "2019-03-23",
        "commitResults": []
      },
      {
        "insertions": 0,
        "deletions": 0,
        "date": "2019-03-24",
        "commitResults": []
      },
      {
        "insertions": 0,
        "deletions": 0,
        "date": "2019-03-25",
        "commitResults": []
      },
      {
        "insertions": 972,
        "deletions": 660,
        "date": "2019-03-26",
        "commitResults": [
          {
            "hash": "35257942b9225cd88db0e110346bb0166dc619a8",
            "message": "- Position, GPA and education categories are added for filtering - GPA - Education works for editing now - static variables are changed to in-class variables -Developer Guide is updated",
            "insertions": 266,
            "deletions": 90
          },
          {
            "hash": "51275932ef795f1feea1aa3bf235634b7652eac7",
            "message": "- Travis Format errors are fixed",
            "insertions": 444,
            "deletions": 379
          },
          {
            "hash": "9bb29bbcddb410a69ede946375437972b3120bf7",
            "message": "Travis Error correction v2",
            "insertions": 157,
            "deletions": 126
          },
          {
            "hash": "9313ea9bba22551bb5917d22535dd38830dd2833",
            "message": "Travis error fix v3",
            "insertions": 25,
            "deletions": 24
          },
          {
            "hash": "8157b3331e0a9d59f628b9c272374032b8604132",
            "message": "Travis fix v4",
            "insertions": 32,
            "deletions": 31
          },
          {
            "hash": "e5fe12308285e2546b0f01d3a32f45d78e673483",
            "message": "Filtering related tests are fixed",
            "insertions": 48,
            "deletions": 10
          }
        ]
      },
      {
        "insertions": 0,
        "deletions": 0,
        "date": "2019-03-27",
        "commitResults": []
      },
      {
        "insertions": 0,
        "deletions": 0,
        "date": "2019-03-28",
        "commitResults": []
      },
      {
        "insertions": 0,
        "deletions": 0,
        "date": "2019-03-29",
        "commitResults": []
      },
      {
        "insertions": 0,
        "deletions": 0,
        "date": "2019-03-30",
        "commitResults": []
      },
      {
        "insertions": 0,
        "deletions": 0,
        "date": "2019-03-31",
        "commitResults": []
      },
      {
        "insertions": 0,
        "deletions": 0,
        "date": "2019-04-01",
        "commitResults": []
      },
      {
        "insertions": 1671,
        "deletions": 1098,
        "date": "2019-04-02",
        "commitResults": [
          {
            "hash": "e61129fa0371d8f12f64781f869822abf31a55f0",
            "message": "- Developer Guide, User Guide and Readme Documents are Improved",
            "insertions": 100,
            "deletions": 15
          },
          {
            "hash": "88e0a6c180c876892e19a8338f6146cad112616d",
            "message": "no message",
            "insertions": 31,
            "deletions": 29
          },
          {
            "hash": "1f25864bfb97ebd09f46bb93833b37e5f882d050",
            "message": "no message",
            "insertions": 8,
            "deletions": 12
          },
          {
            "hash": "77f7efe707b788824780de9394f66374bfa6bb75",
            "message": "no message",
            "insertions": 5,
            "deletions": 5
          },
          {
            "hash": "bf59e513e627cbd17218fb58c0b88bec2a4329c2",
            "message": "no message",
            "insertions": 22,
            "deletions": 24
          },
          {
            "hash": "188860b9776b2c3f165f9d1ce96e0e0c55e5fda2",
            "message": "no message",
            "insertions": 2,
            "deletions": 4
          },
          {
            "hash": "8aaaf54dc7ff65e949b1dc908e512351a0e273f7",
            "message": "no message",
            "insertions": 11,
            "deletions": 1
          },
          {
            "hash": "8cd264735916c0f72b62be26e89beef55b7fcef0",
            "message": "no message",
            "insertions": 10,
            "deletions": 0
          },
          {
            "hash": "a4abea925acb2eada4a1e829902a4e83b00157bf",
            "message": "no message",
            "insertions": 491,
            "deletions": 48
          },
          {
            "hash": "7b405e51c294c5e629d35b41e041bb204cd5a22b",
            "message": "no message",
            "insertions": 36,
            "deletions": 5
          },
          {
            "hash": "4deeb8474035a2fbacd3d155500729ce13439a5a",
            "message": "- Some changes in tests are made",
            "insertions": 955,
            "deletions": 955
          }
        ]
      }
    ],
    "charnixon": [
      {
        "insertions": 0,
        "deletions": 0,
        "date": "2019-02-10",
        "commitResults": []
      },
      {
        "insertions": 0,
        "deletions": 0,
        "date": "2019-02-11",
        "commitResults": []
      },
      {
        "insertions": 0,
        "deletions": 0,
        "date": "2019-02-12",
        "commitResults": []
      },
      {
        "insertions": 0,
        "deletions": 0,
        "date": "2019-02-13",
        "commitResults": []
      },
      {
        "insertions": 0,
        "deletions": 0,
        "date": "2019-02-14",
        "commitResults": []
      },
      {
        "insertions": 0,
        "deletions": 0,
        "date": "2019-02-15",
        "commitResults": []
      },
      {
        "insertions": 0,
        "deletions": 0,
        "date": "2019-02-16",
        "commitResults": []
      },
      {
        "insertions": 0,
        "deletions": 0,
        "date": "2019-02-17",
        "commitResults": []
      },
      {
        "insertions": 0,
        "deletions": 0,
        "date": "2019-02-18",
        "commitResults": []
      },
      {
        "insertions": 0,
        "deletions": 0,
        "date": "2019-02-19",
        "commitResults": []
      },
      {
        "insertions": 0,
        "deletions": 0,
        "date": "2019-02-20",
        "commitResults": []
      },
      {
        "insertions": 0,
        "deletions": 0,
        "date": "2019-02-21",
        "commitResults": []
      },
      {
        "insertions": 0,
        "deletions": 0,
        "date": "2019-02-22",
        "commitResults": []
      },
      {
        "insertions": 0,
        "deletions": 0,
        "date": "2019-02-23",
        "commitResults": []
      },
      {
        "insertions": 0,
        "deletions": 0,
        "date": "2019-02-24",
        "commitResults": []
      },
      {
        "insertions": 0,
        "deletions": 0,
        "date": "2019-02-25",
        "commitResults": []
      },
      {
        "insertions": 0,
        "deletions": 0,
        "date": "2019-02-26",
        "commitResults": []
      },
      {
        "insertions": 0,
        "deletions": 0,
        "date": "2019-02-27",
        "commitResults": []
      },
      {
        "insertions": 0,
        "deletions": 0,
        "date": "2019-02-28",
        "commitResults": []
      },
      {
        "insertions": 0,
        "deletions": 0,
        "date": "2019-03-01",
        "commitResults": []
      },
      {
        "insertions": 0,
        "deletions": 0,
        "date": "2019-03-02",
        "commitResults": []
      },
      {
        "insertions": 0,
        "deletions": 0,
        "date": "2019-03-03",
        "commitResults": []
      },
      {
        "insertions": 0,
        "deletions": 0,
        "date": "2019-03-04",
        "commitResults": []
      },
      {
        "insertions": 16,
        "deletions": 10,
        "date": "2019-03-05",
        "commitResults": [
          {
            "hash": "00e511919623c2bb923fd55d8a0a8c595005f2ae",
            "message": "New README for Recruit Me application",
            "insertions": 14,
            "deletions": 8
          },
          {
            "hash": "6e6b88ce04e90264e1fd70645f1185293dfe6fd3",
            "message": "update to fit jpg format",
            "insertions": 2,
            "deletions": 2
          }
        ]
      },
      {
        "insertions": 0,
        "deletions": 0,
        "date": "2019-03-06",
        "commitResults": []
      },
      {
        "insertions": 0,
        "deletions": 0,
        "date": "2019-03-07",
        "commitResults": []
      },
      {
        "insertions": 0,
        "deletions": 0,
        "date": "2019-03-08",
        "commitResults": []
      },
      {
        "insertions": 0,
        "deletions": 0,
        "date": "2019-03-09",
        "commitResults": []
      },
      {
        "insertions": 0,
        "deletions": 0,
        "date": "2019-03-10",
        "commitResults": []
      },
      {
        "insertions": 0,
        "deletions": 0,
        "date": "2019-03-11",
        "commitResults": []
      },
      {
        "insertions": 0,
        "deletions": 0,
        "date": "2019-03-12",
        "commitResults": []
      },
      {
        "insertions": 0,
        "deletions": 0,
        "date": "2019-03-13",
        "commitResults": []
      },
      {
        "insertions": 0,
        "deletions": 0,
        "date": "2019-03-14",
        "commitResults": []
      },
      {
        "insertions": 0,
        "deletions": 0,
        "date": "2019-03-15",
        "commitResults": []
      },
      {
        "insertions": 0,
        "deletions": 0,
        "date": "2019-03-16",
        "commitResults": []
      },
      {
        "insertions": 0,
        "deletions": 0,
        "date": "2019-03-17",
        "commitResults": []
      },
      {
        "insertions": 0,
        "deletions": 0,
        "date": "2019-03-18",
        "commitResults": []
      },
      {
        "insertions": 289,
        "deletions": 38,
        "date": "2019-03-19",
        "commitResults": [
          {
            "hash": "22a606e07414e26f2319a784da7e7c4b755634a4",
            "message": "Including Education and GPA parameters",
            "insertions": 278,
            "deletions": 29
          },
          {
            "hash": "72de968598885dc318fde0d95b3e42721da70979",
            "message": "change prefix for GPA and EDUCATION",
            "insertions": 2,
            "deletions": 2
          },
          {
            "hash": "d239c1564966c048a2a36a6140c468dc17889a5c",
            "message": "Add and Sort command made compatible with GPA and education",
            "insertions": 8,
            "deletions": 6
          },
          {
            "hash": "c7eac784b93cc808d3dc25d52883e1392115fcc8",
            "message": "A newline added to Education class",
            "insertions": 1,
            "deletions": 1
          }
        ]
      },
      {
        "insertions": 0,
        "deletions": 0,
        "date": "2019-03-20",
        "commitResults": []
      },
      {
        "insertions": 0,
        "deletions": 0,
        "date": "2019-03-21",
        "commitResults": []
      },
      {
        "insertions": 0,
        "deletions": 0,
        "date": "2019-03-22",
        "commitResults": []
      },
      {
        "insertions": 0,
        "deletions": 0,
        "date": "2019-03-23",
        "commitResults": []
      },
      {
        "insertions": 0,
        "deletions": 0,
        "date": "2019-03-24",
        "commitResults": []
      },
      {
        "insertions": 0,
        "deletions": 0,
        "date": "2019-03-25",
        "commitResults": []
      },
      {
        "insertions": 0,
        "deletions": 0,
        "date": "2019-03-26",
        "commitResults": []
      },
      {
        "insertions": 0,
        "deletions": 0,
        "date": "2019-03-27",
        "commitResults": []
      },
      {
        "insertions": 0,
        "deletions": 0,
        "date": "2019-03-28",
        "commitResults": []
      },
      {
        "insertions": 0,
        "deletions": 0,
        "date": "2019-03-29",
        "commitResults": []
      },
      {
        "insertions": 0,
        "deletions": 0,
        "date": "2019-03-30",
        "commitResults": []
      },
      {
        "insertions": 0,
        "deletions": 0,
        "date": "2019-03-31",
        "commitResults": []
      },
      {
        "insertions": 0,
        "deletions": 0,
        "date": "2019-04-01",
        "commitResults": []
      },
      {
        "insertions": 9,
        "deletions": 6,
        "date": "2019-04-02",
        "commitResults": [
          {
            "hash": "1628969ac3fe202d61c4ce0a4aa785e3e9147069",
            "message": "Updated profile",
            "insertions": 9,
            "deletions": 6
          }
        ]
      }
    ],
    "abwilli": [
      {
        "insertions": 0,
        "deletions": 0,
        "date": "2019-02-10",
        "commitResults": []
      },
      {
        "insertions": 0,
        "deletions": 0,
        "date": "2019-02-11",
        "commitResults": []
      },
      {
        "insertions": 0,
        "deletions": 0,
        "date": "2019-02-12",
        "commitResults": []
      },
      {
        "insertions": 0,
        "deletions": 0,
        "date": "2019-02-13",
        "commitResults": []
      },
      {
        "insertions": 0,
        "deletions": 0,
        "date": "2019-02-14",
        "commitResults": []
      },
      {
        "insertions": 0,
        "deletions": 0,
        "date": "2019-02-15",
        "commitResults": []
      },
      {
        "insertions": 0,
        "deletions": 0,
        "date": "2019-02-16",
        "commitResults": []
      },
      {
        "insertions": 0,
        "deletions": 0,
        "date": "2019-02-17",
        "commitResults": []
      },
      {
        "insertions": 0,
        "deletions": 0,
        "date": "2019-02-18",
        "commitResults": []
      },
      {
        "insertions": 0,
        "deletions": 0,
        "date": "2019-02-19",
        "commitResults": []
      },
      {
        "insertions": 0,
        "deletions": 0,
        "date": "2019-02-20",
        "commitResults": []
      },
      {
        "insertions": 0,
        "deletions": 0,
        "date": "2019-02-21",
        "commitResults": []
      },
      {
        "insertions": 0,
        "deletions": 0,
        "date": "2019-02-22",
        "commitResults": []
      },
      {
        "insertions": 0,
        "deletions": 0,
        "date": "2019-02-23",
        "commitResults": []
      },
      {
        "insertions": 0,
        "deletions": 0,
        "date": "2019-02-24",
        "commitResults": []
      },
      {
        "insertions": 0,
        "deletions": 0,
        "date": "2019-02-25",
        "commitResults": []
      },
      {
        "insertions": 0,
        "deletions": 0,
        "date": "2019-02-26",
        "commitResults": []
      },
      {
        "insertions": 0,
        "deletions": 0,
        "date": "2019-02-27",
        "commitResults": []
      },
      {
        "insertions": 0,
        "deletions": 0,
        "date": "2019-02-28",
        "commitResults": []
      },
      {
        "insertions": 0,
        "deletions": 0,
        "date": "2019-03-01",
        "commitResults": []
      },
      {
        "insertions": 0,
        "deletions": 0,
        "date": "2019-03-02",
        "commitResults": []
      },
      {
        "insertions": 0,
        "deletions": 0,
        "date": "2019-03-03",
        "commitResults": []
      },
      {
        "insertions": 0,
        "deletions": 0,
        "date": "2019-03-04",
        "commitResults": []
      },
      {
        "insertions": 120,
        "deletions": 115,
        "date": "2019-03-05",
        "commitResults": [
          {
            "hash": "e802533aaeb6ef0887862d32df56b569aa5a8382",
            "message": "Refactor Tag to SkillsTag change prefix from t/ to skill/",
            "insertions": 76,
            "deletions": 76
          },
          {
            "hash": "3f8d360bf05be70b1b0550c9a3255819a2d936e9",
            "message": "user guide updates",
            "insertions": 36,
            "deletions": 36
          },
          {
            "hash": "38fb0d7517a5185fde54a56ee677cd49e8ece251",
            "message": "Updating my v1.1 accomplishments",
            "insertions": 1,
            "deletions": 1
          },
          {
            "hash": "c9344c11ab6960bd24246bc43bac36b27046ba2b",
            "message": "recommit",
            "insertions": 7,
            "deletions": 2
          }
        ]
      },
      {
        "insertions": 0,
        "deletions": 0,
        "date": "2019-03-06",
        "commitResults": []
      },
      {
        "insertions": 0,
        "deletions": 0,
        "date": "2019-03-07",
        "commitResults": []
      },
      {
        "insertions": 0,
        "deletions": 0,
        "date": "2019-03-08",
        "commitResults": []
      },
      {
        "insertions": 0,
        "deletions": 0,
        "date": "2019-03-09",
        "commitResults": []
      },
      {
        "insertions": 0,
        "deletions": 0,
        "date": "2019-03-10",
        "commitResults": []
      },
      {
        "insertions": 0,
        "deletions": 0,
        "date": "2019-03-11",
        "commitResults": []
      },
      {
        "insertions": 0,
        "deletions": 0,
        "date": "2019-03-12",
        "commitResults": []
      },
      {
        "insertions": 0,
        "deletions": 0,
        "date": "2019-03-13",
        "commitResults": []
      },
      {
        "insertions": 0,
        "deletions": 0,
        "date": "2019-03-14",
        "commitResults": []
      },
      {
        "insertions": 0,
        "deletions": 0,
        "date": "2019-03-15",
        "commitResults": []
      },
      {
        "insertions": 0,
        "deletions": 0,
        "date": "2019-03-16",
        "commitResults": []
      },
      {
        "insertions": 0,
        "deletions": 0,
        "date": "2019-03-17",
        "commitResults": []
      },
      {
        "insertions": 0,
        "deletions": 0,
        "date": "2019-03-18",
        "commitResults": []
      },
      {
        "insertions": 1334,
        "deletions": 1253,
        "date": "2019-03-19",
        "commitResults": [
          {
            "hash": "6f5799b4c28ab871fd140cb46005bf83cb8234bc",
            "message": "V1.2 Colored Tags and seperation of skills and position prefixes",
            "insertions": 132,
            "deletions": 50
          },
          {
            "hash": "fb48db8ee606c32855923a3e5f0c4e806cab9108",
            "message": "new line remove",
            "insertions": 1184,
            "deletions": 1184
          },
          {
            "hash": "2012c58c1d53c3d009b771a5af0ebfd8879629c1",
            "message": "check style bs",
            "insertions": 18,
            "deletions": 19
          }
        ]
      },
      {
        "insertions": 0,
        "deletions": 0,
        "date": "2019-03-20",
        "commitResults": []
      },
      {
        "insertions": 0,
        "deletions": 0,
        "date": "2019-03-21",
        "commitResults": []
      },
      {
        "insertions": 0,
        "deletions": 0,
        "date": "2019-03-22",
        "commitResults": []
      },
      {
        "insertions": 0,
        "deletions": 0,
        "date": "2019-03-23",
        "commitResults": []
      },
      {
        "insertions": 0,
        "deletions": 0,
        "date": "2019-03-24",
        "commitResults": []
      },
      {
        "insertions": 0,
        "deletions": 0,
        "date": "2019-03-25",
        "commitResults": []
      },
      {
        "insertions": 0,
        "deletions": 0,
        "date": "2019-03-26",
        "commitResults": []
      },
      {
        "insertions": 0,
        "deletions": 0,
        "date": "2019-03-27",
        "commitResults": []
      },
      {
        "insertions": 0,
        "deletions": 0,
        "date": "2019-03-28",
        "commitResults": []
      },
      {
        "insertions": 0,
        "deletions": 0,
        "date": "2019-03-29",
        "commitResults": []
      },
      {
        "insertions": 0,
        "deletions": 0,
        "date": "2019-03-30",
        "commitResults": []
      },
      {
        "insertions": 71,
        "deletions": 42,
        "date": "2019-03-31",
        "commitResults": [
          {
            "hash": "5d0fb4254b9701d86709788448e739ce1a9e0dc1",
            "message": "small changes",
            "insertions": 4,
            "deletions": 8
          },
          {
            "hash": "93e8e9cf8b3ccbdaa3abfb9e49d67fb4a1954699",
            "message": "ParserUtil test updates",
            "insertions": 12,
            "deletions": 9
          },
          {
            "hash": "b9b8954e770c7dffa016fb9a32f6aa494edc8d54",
            "message": "SampleDataUtil update",
            "insertions": 2,
            "deletions": 1
          },
          {
            "hash": "cc8c70355acb99664588c33e8ef9cbc6e305daf3",
            "message": "checkstyle error fixes",
            "insertions": 48,
            "deletions": 18
          },
          {
            "hash": "708ed8998ad4102f6fa23ae1c8187b1aa92e1bc2",
            "message": "more checkstyle errors",
            "insertions": 4,
            "deletions": 6
          },
          {
            "hash": "df0377b2479ed1d51e0b03955a21a1c9194fddb9",
            "message": "Last check errors",
            "insertions": 1,
            "deletions": 0
          }
        ]
      },
      {
        "insertions": 169,
        "deletions": 29,
        "date": "2019-04-01",
        "commitResults": [
          {
            "hash": "12b44669700af2aab815cc2901128221c62288d6",
            "message": "Refactoring Tag definition, Skill and Position accept more than just alphanumeric characters, Endorse command created with format \"endorse (index) n/(employee name)\" -\u003e cannot endorse a candidate twice, editing a person replaces all current tags except endorsements",
            "insertions": 169,
            "deletions": 29
          }
        ]
      },
      {
        "insertions": 88,
        "deletions": 16,
        "date": "2019-04-02",
        "commitResults": [
          {
            "hash": "3316ec1a795305aea35b6b77792edec937b996ed",
            "message": "Additional Sample Data for better filtering",
            "insertions": 61,
            "deletions": 11
          },
          {
            "hash": "4123daabbedf552bd13c5ee5adad04db12dc4a90",
            "message": "small tag bug",
            "insertions": 2,
            "deletions": 2
          },
          {
            "hash": "ada3ebbfdff8308bc6b27bb1723cd816989340a3",
            "message": "User guide updates",
            "insertions": 24,
            "deletions": 2
          },
          {
            "hash": "54c14661ea11c70df8bc31c900de179ced254c56",
            "message": "MainApp v1.3 updated",
            "insertions": 1,
            "deletions": 1
          }
        ]
      }
    ],
    "DMGreenhouse": [
      {
        "insertions": 0,
        "deletions": 0,
        "date": "2019-02-10",
        "commitResults": []
      },
      {
        "insertions": 0,
        "deletions": 0,
        "date": "2019-02-11",
        "commitResults": []
      },
      {
        "insertions": 0,
        "deletions": 0,
        "date": "2019-02-12",
        "commitResults": []
      },
      {
        "insertions": 0,
        "deletions": 0,
        "date": "2019-02-13",
        "commitResults": []
      },
      {
        "insertions": 0,
        "deletions": 0,
        "date": "2019-02-14",
        "commitResults": []
      },
      {
        "insertions": 0,
        "deletions": 0,
        "date": "2019-02-15",
        "commitResults": []
      },
      {
        "insertions": 0,
        "deletions": 0,
        "date": "2019-02-16",
        "commitResults": []
      },
      {
        "insertions": 0,
        "deletions": 0,
        "date": "2019-02-17",
        "commitResults": []
      },
      {
        "insertions": 0,
        "deletions": 0,
        "date": "2019-02-18",
        "commitResults": []
      },
      {
        "insertions": 0,
        "deletions": 0,
        "date": "2019-02-19",
        "commitResults": []
      },
      {
        "insertions": 0,
        "deletions": 0,
        "date": "2019-02-20",
        "commitResults": []
      },
      {
        "insertions": 0,
        "deletions": 0,
        "date": "2019-02-21",
        "commitResults": []
      },
      {
        "insertions": 0,
        "deletions": 0,
        "date": "2019-02-22",
        "commitResults": []
      },
      {
        "insertions": 0,
        "deletions": 0,
        "date": "2019-02-23",
        "commitResults": []
      },
      {
        "insertions": 0,
        "deletions": 0,
        "date": "2019-02-24",
        "commitResults": []
      },
      {
        "insertions": 0,
        "deletions": 0,
        "date": "2019-02-25",
        "commitResults": []
      },
      {
        "insertions": 0,
        "deletions": 0,
        "date": "2019-02-26",
        "commitResults": []
      },
      {
        "insertions": 0,
        "deletions": 0,
        "date": "2019-02-27",
        "commitResults": []
      },
      {
        "insertions": 0,
        "deletions": 0,
        "date": "2019-02-28",
        "commitResults": []
      },
      {
        "insertions": 0,
        "deletions": 0,
        "date": "2019-03-01",
        "commitResults": []
      },
      {
        "insertions": 0,
        "deletions": 0,
        "date": "2019-03-02",
        "commitResults": []
      },
      {
        "insertions": 129,
        "deletions": 2,
        "date": "2019-03-03",
        "commitResults": [
          {
            "hash": "bb359c8ac4d81ebedf5dc91b802ca51d638dd6a7",
            "message": "Add class in \\logic\\commands called SortCommand Used to provide sort command",
            "insertions": 32,
            "deletions": 1
          },
          {
            "hash": "b1efb570e959cdfc97d3a42658705f78104bea6c",
            "message": "Add command word to AddressBookParser to give room for the sort command to be used",
            "insertions": 4,
            "deletions": 0
          },
          {
            "hash": "91108230f94b4034e320164d2f46543ac064667d",
            "message": "Add a SortWord class to deal with sorting keywords (similar to the Prefix class used by the add/edit person)",
            "insertions": 39,
            "deletions": 0
          },
          {
            "hash": "f122e10a3029e9083ba7b57d8d81007a288b988b",
            "message": "Add a SortCommandParser to deal with cli input. Ensure ParseException is thrown with a spelling error or non-keyword as with style for other Parser classes",
            "insertions": 39,
            "deletions": 0
          },
          {
            "hash": "87b9cc4dabe1b1ef957f2a5d8140611967f5bb69",
            "message": "Ensure parser can deal with SortWord objects and trim cli input by removing whitespace",
            "insertions": 11,
            "deletions": 0
          },
          {
            "hash": "b55dfcd7504daf9ec6cabe66553bce657419c1b6",
            "message": "Define the new sortword cli commands (only a couple are currently provided)",
            "insertions": 3,
            "deletions": 0
          },
          {
            "hash": "b8944fee8b72121e30cb3594a1407db22c6fe6da",
            "message": "Correct the AddressBookParser to ensure the \"sort\" cli keyword enacts the SortCommandParser",
            "insertions": 1,
            "deletions": 1
          }
        ]
      },
      {
        "insertions": 0,
        "deletions": 0,
        "date": "2019-03-04",
        "commitResults": []
      },
      {
        "insertions": 543,
        "deletions": 271,
        "date": "2019-03-05",
        "commitResults": [
          {
            "hash": "b42c5358ffd597a8e5752ea9da4a5adf87dfff73",
            "message": "Add method for alphabetical sorting within a new folder. This should be properly written with an abstract class with more time",
            "insertions": 35,
            "deletions": 0
          },
          {
            "hash": "e9a705bdc01811ee52fe862683e371c51cbf81a0",
            "message": "Allow sort command to read a newly sorted list of people. Temporarily delete addressbook and then re-add people in the new order",
            "insertions": 42,
            "deletions": 4
          },
          {
            "hash": "37a81413f5261f0b89dc24a4c51418081d6b6838",
            "message": "Updated UserGuide to include new command \u0027Sort\u0027",
            "insertions": 20,
            "deletions": 0
          },
          {
            "hash": "027b2e84415d787625c003bcc679791c9c441258",
            "message": "Revert \"Updated UserGuide to include new command \u0027Sort\u0027\"",
            "insertions": 0,
            "deletions": 20
          },
          {
            "hash": "9f3752e1ba9b38b31bdac73e00d8724833c39985",
            "message": "Revert \"Allow sort command to read a newly sorted list of people. Temporarily delete addressbook and then re-add people in the new order\"",
            "insertions": 4,
            "deletions": 42
          },
          {
            "hash": "393e5b4cd5dc580ed0bb62ac884f32501dc5a9cf",
            "message": "Revert \"Add method for alphabetical sorting within a new folder. This should be properly written with an abstract class with more time\"",
            "insertions": 0,
            "deletions": 35
          },
          {
            "hash": "b2a80f2633281bfbf9bcc3f3e5597dfaa15b981c",
            "message": "Revert \"Correct the AddressBookParser to ensure the \"sort\" cli keyword enacts the SortCommandParser\"",
            "insertions": 1,
            "deletions": 1
          },
          {
            "hash": "3dbf762e2e04e2a384f595899bb3135977536855",
            "message": "Revert \"Define the new sortword cli commands (only a couple are currently provided)\"",
            "insertions": 0,
            "deletions": 3
          },
          {
            "hash": "131e76d4b251d7406643500da352f705f2f9baa9",
            "message": "Revert \"Ensure parser can deal with SortWord objects and trim cli input by removing whitespace\"",
            "insertions": 0,
            "deletions": 11
          },
          {
            "hash": "862d599edc2487f44158cb74033a338e11a43ad9",
            "message": "Revert \"Add a SortCommandParser to deal with cli input. Ensure ParseException is thrown with a spelling error or non-keyword as with style for other Parser classes\"",
            "insertions": 0,
            "deletions": 39
          },
          {
            "hash": "3d325e06c468dcb4ce8ccadf74ea6c1046d01559",
            "message": "Revert \"Add a SortWord class to deal with sorting keywords (similar to the Prefix class used by the add/edit person)\"",
            "insertions": 0,
            "deletions": 39
          },
          {
            "hash": "6b4830cafb3a643d61caa6291524fdf2273a96de",
            "message": "Revert \"Add command word to AddressBookParser to give room for the sort command to be used\"",
            "insertions": 0,
            "deletions": 4
          },
          {
            "hash": "d71b90f171cf6313b7c8601c1b5e9c106a194ee3",
            "message": "Revert \"Add class in \\logic\\commands called SortCommand\"",
            "insertions": 1,
            "deletions": 32
          },
          {
            "hash": "73302d4d84ca8bdb42ce75842b63cfa00900deb5",
            "message": "Addition of sort method including \u0027alphabetical\u0027 sort method. Sort class added and AddressBookParser updated to accept sort command. SortCommandParser added to allow for cli input and deals with the different types of sorting methods as a SortWord object to allow for easy future modifications (e.g. changing from cli input to GUI button). Specific \u0027alphabetical\u0027 sort method added and working.",
            "insertions": 201,
            "deletions": 1
          },
          {
            "hash": "6fa0f53b35893bb13a5e20d671c3fc3c83ca4bc6",
            "message": "Update to UserGuide noting the addition of the sort command",
            "insertions": 19,
            "deletions": 0
          },
          {
            "hash": "abbc5980007e39c7bbcd13bf673df787fb630502",
            "message": "Update to the AboutUs document to replace placeholders with our names.",
            "insertions": 20,
            "deletions": 27
          },
          {
            "hash": "b9a6eaf33f8de6e91a14868ade54420864b26718",
            "message": "Updates to the AboutUs document to include initial details for us and our project. Photos also updated to include \".png\" despite being of jpeg form to comply with marking scripts.",
            "insertions": 200,
            "deletions": 13
          }
        ]
      },
      {
        "insertions": 0,
        "deletions": 0,
        "date": "2019-03-06",
        "commitResults": []
      },
      {
        "insertions": 0,
        "deletions": 0,
        "date": "2019-03-07",
        "commitResults": []
      },
      {
        "insertions": 0,
        "deletions": 0,
        "date": "2019-03-08",
        "commitResults": []
      },
      {
        "insertions": 113,
        "deletions": 26,
        "date": "2019-03-09",
        "commitResults": [
          {
            "hash": "7a86b3c5b3e2a9530401a4c6a6658a203d2647fe",
            "message": "Addition of skills tag sorting method. Will sort by multiple tags, ordering them alphabetically. Accessed by \"sort skills\" in the cli.",
            "insertions": 111,
            "deletions": 11
          },
          {
            "hash": "4f552927437d77b8a3d0b00a3c59a8111060fef9",
            "message": "Update and simplification of the alphabetical sort methods, utilising stream and comparator.",
            "insertions": 2,
            "deletions": 15
          }
        ]
      },
      {
        "insertions": 0,
        "deletions": 0,
        "date": "2019-03-10",
        "commitResults": []
      },
      {
        "insertions": 0,
        "deletions": 0,
        "date": "2019-03-11",
        "commitResults": []
      },
      {
        "insertions": 0,
        "deletions": 0,
        "date": "2019-03-12",
        "commitResults": []
      },
      {
        "insertions": 80,
        "deletions": 22,
        "date": "2019-03-13",
        "commitResults": [
          {
            "hash": "ba2ce4d10861b65736d05690d264605cd52972f4",
            "message": "Modifications to sort command to allow for compatability with filter command. For this purpose an extra Model constructor was used to delete all persons stored at once and one to add persons without clearing the filter.",
            "insertions": 67,
            "deletions": 19
          },
          {
            "hash": "13e9b0f31b618387cab90d33906bf82ac9489ace",
            "message": "Update to User Guide describing the updated sort command",
            "insertions": 13,
            "deletions": 3
          }
        ]
      },
      {
        "insertions": 0,
        "deletions": 0,
        "date": "2019-03-14",
        "commitResults": []
      },
      {
        "insertions": 0,
        "deletions": 0,
        "date": "2019-03-15",
        "commitResults": []
      },
      {
        "insertions": 0,
        "deletions": 0,
        "date": "2019-03-16",
        "commitResults": []
      },
      {
        "insertions": 0,
        "deletions": 0,
        "date": "2019-03-17",
        "commitResults": []
      },
      {
        "insertions": 0,
        "deletions": 0,
        "date": "2019-03-18",
        "commitResults": []
      },
      {
        "insertions": 96,
        "deletions": 57,
        "date": "2019-03-19",
        "commitResults": [
          {
            "hash": "9998eeb3a60a78409e7774249bcc6687fd27ef46",
            "message": "Sort command added to implementation",
            "insertions": 17,
            "deletions": 0
          },
          {
            "hash": "a482ac24badc4096cf20c3b3ff511b84e047cc77",
            "message": "Solving conflict between filter and updated sort",
            "insertions": 4,
            "deletions": 1
          },
          {
            "hash": "51263dc32ce392cdda972fe8784c6ab120bddac4",
            "message": "DO NOT USE",
            "insertions": 24,
            "deletions": 27
          },
          {
            "hash": "37df91a8f870f87a5c78414f104223599a11d54d",
            "message": "Mid-Change",
            "insertions": 27,
            "deletions": 24
          },
          {
            "hash": "42e53678f9080ea59060ed1c4ddbb6552e42b117",
            "message": "Sort command implementation addition, not complete",
            "insertions": 18,
            "deletions": 5
          },
          {
            "hash": "0e306bedb617e9ce3d08ba5fdc095d193c39444b",
            "message": "Publishing correction",
            "insertions": 6,
            "deletions": 0
          }
        ]
      },
      {
        "insertions": 0,
        "deletions": 0,
        "date": "2019-03-20",
        "commitResults": []
      },
      {
        "insertions": 0,
        "deletions": 0,
        "date": "2019-03-21",
        "commitResults": []
      },
      {
        "insertions": 0,
        "deletions": 0,
        "date": "2019-03-22",
        "commitResults": []
      },
      {
        "insertions": 0,
        "deletions": 0,
        "date": "2019-03-23",
        "commitResults": []
      },
      {
        "insertions": 0,
        "deletions": 0,
        "date": "2019-03-24",
        "commitResults": []
      },
      {
        "insertions": 0,
        "deletions": 0,
        "date": "2019-03-25",
        "commitResults": []
      },
      {
        "insertions": 0,
        "deletions": 0,
        "date": "2019-03-26",
        "commitResults": []
      },
      {
        "insertions": 153,
        "deletions": 14,
        "date": "2019-03-27",
        "commitResults": [
          {
            "hash": "124218b6bd7e3fc55a3cc90e01c1e4f262ae6e31",
            "message": "Implementation of gpa and education sort methods as well as reverse sort method for all. Still todo: update developer guide and tests",
            "insertions": 153,
            "deletions": 14
          }
        ]
      },
      {
        "insertions": 0,
        "deletions": 0,
        "date": "2019-03-28",
        "commitResults": []
      },
      {
        "insertions": 0,
        "deletions": 0,
        "date": "2019-03-29",
        "commitResults": []
      },
      {
        "insertions": 0,
        "deletions": 0,
        "date": "2019-03-30",
        "commitResults": []
      },
      {
        "insertions": 0,
        "deletions": 0,
        "date": "2019-03-31",
        "commitResults": []
      },
      {
        "insertions": 64,
        "deletions": 32,
        "date": "2019-04-01",
        "commitResults": [
          {
            "hash": "1e066a45eaee969978b8dc08cd42e5a08d68b71c",
            "message": "Addition of education and gpa to typical persons. Removal of tags to allow system to pass until bug is fixed.",
            "insertions": 64,
            "deletions": 32
          }
        ]
      },
      {
        "insertions": 502,
        "deletions": 293,
        "date": "2019-04-02",
        "commitResults": [
          {
            "hash": "6c7488325b48de8d3e851cf2010b5f74348e1c07",
            "message": "Implementation of sort name and sort surname commands",
            "insertions": 58,
            "deletions": 13
          },
          {
            "hash": "c8c35da808974912bbc239dd3a898664a2abef87",
            "message": "Bug fix - demand exact match for a sort word rather than just containing the word",
            "insertions": 8,
            "deletions": 5
          },
          {
            "hash": "5018e726cf7ac1f6c4ceb5277e44dfa85f04bffb",
            "message": "Addition of sort name, surname, education, gpa (including reverse) success cases",
            "insertions": 154,
            "deletions": 12
          },
          {
            "hash": "4433648ec866334159ca9244ea131c4896d50c48",
            "message": "Updated user guide with new sort methods",
            "insertions": 24,
            "deletions": 10
          },
          {
            "hash": "d7a7cf23830f6c2cc94310b1b9bb1bd77f6ccab5",
            "message": "Completed sort command user guide for v1.3",
            "insertions": 32,
            "deletions": 29
          },
          {
            "hash": "31297ce1846c31f8ae958fa0d9b4425742d829d3",
            "message": "Developer Guide formatting",
            "insertions": 29,
            "deletions": 31
          },
          {
            "hash": "962f0a7c48541ffd182da705bd1508f6da5790dc",
            "message": "Style alteration in Developer guide",
            "insertions": 3,
            "deletions": 4
          },
          {
            "hash": "b7330d624b04cae21385d3e2a779fccc2c27f762",
            "message": "Travis Style error corrections",
            "insertions": 10,
            "deletions": 7
          },
          {
            "hash": "a4013a358ce2f62aad5715a1974eaebc6f896be9",
            "message": "Travis style error correction",
            "insertions": 3,
            "deletions": 3
          },
          {
            "hash": "16113bb63c313b04b79789d8d37c128787472e75",
            "message": "Change to sort command test for new typical person information",
            "insertions": 18,
            "deletions": 25
          },
          {
            "hash": "2bbdb36bec18d1e294da8aff393d0c28ee5c3a23",
            "message": "Travis Style check",
            "insertions": 5,
            "deletions": 6
          },
          {
            "hash": "08b3870b77db9f2e2608aeed5ff12405033b7544",
            "message": "Yet another Travis...",
            "insertions": 44,
            "deletions": 57
          },
          {
            "hash": "f807abfe46b77ea615ddb8a1e507a7db0eb9e111",
            "message": "Hello again Travis",
            "insertions": 71,
            "deletions": 71
          },
          {
            "hash": "5432463d1c6828f8581b412b7e9fdb443362f77f",
            "message": "Developer guide for v1.3",
            "insertions": 25,
            "deletions": 10
          },
          {
            "hash": "d975ae32dc6c39d2c939d8d740ee75e003ba70e3",
            "message": "Developer guide style alteration",
            "insertions": 18,
            "deletions": 10
          }
        ]
      }
    ]
  },
  "authorFinalContributionMap": {
    "barisbatuhan": 2777,
    "charnixon": 211,
    "abwilli": 399,
    "DMGreenhouse": 944
  },
  "authorContributionVariance": {
    "barisbatuhan": 514493.84,
    "charnixon": 2023.5717,
    "abwilli": 127097.67,
    "DMGreenhouse": 24837.096
  },
  "authorDisplayNameMap": {
    "barisbatuhan": "TOP...HAN",
    "charnixon": "NIX...INE",
    "abwilli": "WIL...ANN",
    "DMGreenhouse": "GRE...AEL"
  }
}
