{
  "authorDailyContributionsMap": {
    "JillWangJill": [
      {
        "insertions": 0,
        "deletions": 0,
        "date": "2019-02-10",
        "commitResults": []
      },
      {
        "insertions": 1,
        "deletions": 1,
        "date": "2019-02-11",
        "commitResults": [
          {
            "hash": "d96cc8156e0f61c2d7530f7c6fdfb1926a08344b",
            "message": "update link for help in BrowserPanel.java",
            "insertions": 1,
            "deletions": 1
          }
        ]
      },
      {
        "insertions": 0,
        "deletions": 0,
        "date": "2019-02-12",
        "commitResults": []
      },
      {
        "insertions": 0,
        "deletions": 0,
        "date": "2019-02-13",
        "commitResults": []
      },
      {
        "insertions": 0,
        "deletions": 0,
        "date": "2019-02-14",
        "commitResults": []
      },
      {
        "insertions": 0,
        "deletions": 0,
        "date": "2019-02-15",
        "commitResults": []
      },
      {
        "insertions": 0,
        "deletions": 0,
        "date": "2019-02-16",
        "commitResults": []
      },
      {
        "insertions": 0,
        "deletions": 0,
        "date": "2019-02-17",
        "commitResults": []
      },
      {
        "insertions": 0,
        "deletions": 0,
        "date": "2019-02-18",
        "commitResults": []
      },
      {
        "insertions": 63,
        "deletions": 40,
        "date": "2019-02-19",
        "commitResults": [
          {
            "hash": "bd2106410acc394af0727f6d57ede999009135db",
            "message": "UserGuide.adoc; Update `remind` command",
            "insertions": 28,
            "deletions": 1
          },
          {
            "hash": "edabede7e414ee82618731a1a9d994ce5f873a04",
            "message": "Revert \"UserGuide.adoc; Update `remind` command\"",
            "insertions": 1,
            "deletions": 28
          },
          {
            "hash": "ae8c05e75921c139bf183204fba3fff5a4a29ed0",
            "message": "UserGuide.adoc;update",
            "insertions": 25,
            "deletions": 1
          },
          {
            "hash": "938a3fa0258a587b733170da182e1ec31bb30881",
            "message": "UserGuide.adoc;update",
            "insertions": 7,
            "deletions": 9
          },
          {
            "hash": "b5b0aaac85886bd7f089eef768197f54157a12b9",
            "message": "userGuide.adoc; whitespace deleting",
            "insertions": 2,
            "deletions": 1
          }
        ]
      },
      {
        "insertions": 0,
        "deletions": 0,
        "date": "2019-02-20",
        "commitResults": []
      },
      {
        "insertions": 0,
        "deletions": 0,
        "date": "2019-02-21",
        "commitResults": []
      },
      {
        "insertions": 0,
        "deletions": 0,
        "date": "2019-02-22",
        "commitResults": []
      },
      {
        "insertions": 0,
        "deletions": 0,
        "date": "2019-02-23",
        "commitResults": []
      },
      {
        "insertions": 0,
        "deletions": 0,
        "date": "2019-02-24",
        "commitResults": []
      },
      {
        "insertions": 0,
        "deletions": 0,
        "date": "2019-02-25",
        "commitResults": []
      },
      {
        "insertions": 0,
        "deletions": 0,
        "date": "2019-02-26",
        "commitResults": []
      },
      {
        "insertions": 0,
        "deletions": 0,
        "date": "2019-02-27",
        "commitResults": []
      },
      {
        "insertions": 0,
        "deletions": 0,
        "date": "2019-02-28",
        "commitResults": []
      },
      {
        "insertions": 0,
        "deletions": 0,
        "date": "2019-03-01",
        "commitResults": []
      },
      {
        "insertions": 0,
        "deletions": 0,
        "date": "2019-03-02",
        "commitResults": []
      },
      {
        "insertions": 0,
        "deletions": 0,
        "date": "2019-03-03",
        "commitResults": []
      },
      {
        "insertions": 0,
        "deletions": 0,
        "date": "2019-03-04",
        "commitResults": []
      },
      {
        "insertions": 0,
        "deletions": 0,
        "date": "2019-03-05",
        "commitResults": []
      },
      {
        "insertions": 0,
        "deletions": 0,
        "date": "2019-03-06",
        "commitResults": []
      },
      {
        "insertions": 0,
        "deletions": 0,
        "date": "2019-03-07",
        "commitResults": []
      },
      {
        "insertions": 0,
        "deletions": 0,
        "date": "2019-03-08",
        "commitResults": []
      },
      {
        "insertions": 0,
        "deletions": 0,
        "date": "2019-03-09",
        "commitResults": []
      },
      {
        "insertions": 0,
        "deletions": 0,
        "date": "2019-03-10",
        "commitResults": []
      },
      {
        "insertions": 0,
        "deletions": 0,
        "date": "2019-03-11",
        "commitResults": []
      },
      {
        "insertions": 0,
        "deletions": 0,
        "date": "2019-03-12",
        "commitResults": []
      },
      {
        "insertions": 0,
        "deletions": 0,
        "date": "2019-03-13",
        "commitResults": []
      },
      {
        "insertions": 0,
        "deletions": 0,
        "date": "2019-03-14",
        "commitResults": []
      },
      {
        "insertions": 0,
        "deletions": 0,
        "date": "2019-03-15",
        "commitResults": []
      },
      {
        "insertions": 0,
        "deletions": 0,
        "date": "2019-03-16",
        "commitResults": []
      },
      {
        "insertions": 142,
        "deletions": 1,
        "date": "2019-03-17",
        "commitResults": [
          {
            "hash": "147980443f7e335461925b05668541bb65ff2114",
            "message": "seedu/address/model/reminder; build Reminder class and ReminderList class",
            "insertions": 109,
            "deletions": 0
          },
          {
            "hash": "8483db9c7d637dc964cdb2ba02935356e22b1d4b",
            "message": "DuplicateReminderException; deal with duplicate reminder exception NotFoundException; deal with reminder not found exception",
            "insertions": 26,
            "deletions": 0
          },
          {
            "hash": "35011ce8a4d1ba968c308000d74c0d7168c10fec",
            "message": "event.java; add reminder function into event",
            "insertions": 7,
            "deletions": 1
          }
        ]
      },
      {
        "insertions": 66,
        "deletions": 40,
        "date": "2019-03-18",
        "commitResults": [
          {
            "hash": "3eeb49e7e5d82ed27eb7ae508a3f3704b806c2ce",
            "message": "Revert \"event.java; add reminder function into event\"",
            "insertions": 1,
            "deletions": 7
          },
          {
            "hash": "608de029d842e88d50299cd0dcc6400e3db9b061",
            "message": "reminder.java; a reminder class, travis bug fix",
            "insertions": 37,
            "deletions": 21
          },
          {
            "hash": "6019aeb6eeb1376484b0d38cca27258aa2215697",
            "message": "Reminder.java; reminder class, travis bug fix",
            "insertions": 1,
            "deletions": 0
          },
          {
            "hash": "76d78122abb799f64e8021ba6f39dd3c2bc4df7d",
            "message": "build reminder class",
            "insertions": 0,
            "deletions": 1
          },
          {
            "hash": "9f2449348ff01d5e8eb64d3dfb6aac914f952daf",
            "message": "travis bug fix",
            "insertions": 26,
            "deletions": 7
          },
          {
            "hash": "4b693ea020f25970d2214dcc2fd25254682f272f",
            "message": "traivs bug fix",
            "insertions": 1,
            "deletions": 1
          },
          {
            "hash": "7e8ad8f65eb261782e7bbbfe23db8a120338857a",
            "message": "Reminder.java; modified few javadoc",
            "insertions": 0,
            "deletions": 3
          }
        ]
      },
      {
        "insertions": 0,
        "deletions": 0,
        "date": "2019-03-19",
        "commitResults": []
      },
      {
        "insertions": 0,
        "deletions": 0,
        "date": "2019-03-20",
        "commitResults": []
      },
      {
        "insertions": 0,
        "deletions": 0,
        "date": "2019-03-21",
        "commitResults": []
      },
      {
        "insertions": 0,
        "deletions": 0,
        "date": "2019-03-22",
        "commitResults": []
      },
      {
        "insertions": 0,
        "deletions": 0,
        "date": "2019-03-23",
        "commitResults": []
      },
      {
        "insertions": 35,
        "deletions": 11,
        "date": "2019-03-24",
        "commitResults": [
          {
            "hash": "098c6e080f3d19c93001cbe12770525addbf58cb",
            "message": "connect reminder class with addEcommand",
            "insertions": 22,
            "deletions": 0
          },
          {
            "hash": "315e20cecdc2ab277e078d5779b985c3b51ceaf6",
            "message": "merge conflicts",
            "insertions": 4,
            "deletions": 1
          },
          {
            "hash": "c20e09ddb29782723119c0145db2e0fb25bf7082",
            "message": "travis bug",
            "insertions": 7,
            "deletions": 7
          },
          {
            "hash": "0ac185a69c778fabe5148c31f53504ad8fdc362b",
            "message": "travis bug",
            "insertions": 1,
            "deletions": 1
          },
          {
            "hash": "b942dd98549bc12bc0802a8d4aadc80afab7340c",
            "message": "travis bug",
            "insertions": 1,
            "deletions": 2
          }
        ]
      },
      {
        "insertions": 0,
        "deletions": 0,
        "date": "2019-03-25",
        "commitResults": []
      }
    ],
    "yinya998": [
      {
        "insertions": 0,
        "deletions": 0,
        "date": "2019-02-10",
        "commitResults": []
      },
      {
        "insertions": 0,
        "deletions": 0,
        "date": "2019-02-11",
        "commitResults": []
      },
      {
        "insertions": 0,
        "deletions": 0,
        "date": "2019-02-12",
        "commitResults": []
      },
      {
        "insertions": 0,
        "deletions": 0,
        "date": "2019-02-13",
        "commitResults": []
      },
      {
        "insertions": 0,
        "deletions": 0,
        "date": "2019-02-14",
        "commitResults": []
      },
      {
        "insertions": 0,
        "deletions": 0,
        "date": "2019-02-15",
        "commitResults": []
      },
      {
        "insertions": 0,
        "deletions": 0,
        "date": "2019-02-16",
        "commitResults": []
      },
      {
        "insertions": 0,
        "deletions": 0,
        "date": "2019-02-17",
        "commitResults": []
      },
      {
        "insertions": 0,
        "deletions": 0,
        "date": "2019-02-18",
        "commitResults": []
      },
      {
        "insertions": 0,
        "deletions": 0,
        "date": "2019-02-19",
        "commitResults": []
      },
      {
        "insertions": 1,
        "deletions": 1,
        "date": "2019-02-20",
        "commitResults": [
          {
            "hash": "412de5260dda80ba30539f49a288765d26cb4cf1",
            "message": "update UserGuide.sdoc",
            "insertions": 1,
            "deletions": 1
          }
        ]
      },
      {
        "insertions": 0,
        "deletions": 0,
        "date": "2019-02-21",
        "commitResults": []
      },
      {
        "insertions": 0,
        "deletions": 0,
        "date": "2019-02-22",
        "commitResults": []
      },
      {
        "insertions": 0,
        "deletions": 0,
        "date": "2019-02-23",
        "commitResults": []
      },
      {
        "insertions": 0,
        "deletions": 0,
        "date": "2019-02-24",
        "commitResults": []
      },
      {
        "insertions": 0,
        "deletions": 0,
        "date": "2019-02-25",
        "commitResults": []
      },
      {
        "insertions": 0,
        "deletions": 0,
        "date": "2019-02-26",
        "commitResults": []
      },
      {
        "insertions": 0,
        "deletions": 0,
        "date": "2019-02-27",
        "commitResults": []
      },
      {
        "insertions": 0,
        "deletions": 0,
        "date": "2019-02-28",
        "commitResults": []
      },
      {
        "insertions": 0,
        "deletions": 0,
        "date": "2019-03-01",
        "commitResults": []
      },
      {
        "insertions": 0,
        "deletions": 0,
        "date": "2019-03-02",
        "commitResults": []
      },
      {
        "insertions": 0,
        "deletions": 0,
        "date": "2019-03-03",
        "commitResults": []
      },
      {
        "insertions": 0,
        "deletions": 0,
        "date": "2019-03-04",
        "commitResults": []
      },
      {
        "insertions": 493,
        "deletions": 189,
        "date": "2019-03-05",
        "commitResults": [
          {
            "hash": "d8a4a21f132fd243e95f6672d7ca589b7ecb9179",
            "message": "Improved find command",
            "insertions": 401,
            "deletions": 29
          },
          {
            "hash": "93938bc67bf2853918bc6acc4650972d656faa9d",
            "message": "change findCommandSystemTest",
            "insertions": 13,
            "deletions": 8
          },
          {
            "hash": "eac8ac1d39994a7c95179df40511c057e72ab3b0",
            "message": "add findCommandSystemTest of new find command",
            "insertions": 27,
            "deletions": 17
          },
          {
            "hash": "10c05a79a1899b8704f7da89144b228244e585ee",
            "message": "format",
            "insertions": 0,
            "deletions": 4
          },
          {
            "hash": "c08c0cc8d60a64aeb51b3214bf7b42581be845be",
            "message": "delete unfinished test file - AddressContainsKeywordPredicateTest",
            "insertions": 0,
            "deletions": 77
          },
          {
            "hash": "c9159d6a09f641786b39a5176e02bdf242ae92ca",
            "message": "add newline according to travis test",
            "insertions": 6,
            "deletions": 3
          },
          {
            "hash": "25e8d2f563f52102e18f42b80c81fc96d621d923",
            "message": "travis test edit",
            "insertions": 22,
            "deletions": 17
          },
          {
            "hash": "bbc78d376599184575af88b2b20a3342187a4ae4",
            "message": "travis",
            "insertions": 5,
            "deletions": 5
          },
          {
            "hash": "eccba67b4d98073271f842a24c4193dd90ab66b9",
            "message": "travis",
            "insertions": 4,
            "deletions": 3
          },
          {
            "hash": "20c5fbfb44bf25cb5a9b1eacc2a68cb91a75de35",
            "message": "travis",
            "insertions": 15,
            "deletions": 26
          }
        ]
      },
      {
        "insertions": 0,
        "deletions": 0,
        "date": "2019-03-06",
        "commitResults": []
      },
      {
        "insertions": 0,
        "deletions": 13,
        "date": "2019-03-07",
        "commitResults": [
          {
            "hash": "59ab90d4f875b8c2eb74bac62df1760ff8a0b0b2",
            "message": "update user guide - delete findtag command",
            "insertions": 0,
            "deletions": 13
          }
        ]
      },
      {
        "insertions": 0,
        "deletions": 0,
        "date": "2019-03-08",
        "commitResults": []
      },
      {
        "insertions": 0,
        "deletions": 0,
        "date": "2019-03-09",
        "commitResults": []
      },
      {
        "insertions": 0,
        "deletions": 0,
        "date": "2019-03-10",
        "commitResults": []
      },
      {
        "insertions": 0,
        "deletions": 0,
        "date": "2019-03-11",
        "commitResults": []
      },
      {
        "insertions": 0,
        "deletions": 0,
        "date": "2019-03-12",
        "commitResults": []
      },
      {
        "insertions": 0,
        "deletions": 0,
        "date": "2019-03-13",
        "commitResults": []
      },
      {
        "insertions": 5,
        "deletions": 5,
        "date": "2019-03-14",
        "commitResults": [
          {
            "hash": "efe9d06bab663cdbe992380fd735083e8a71d4ec",
            "message": "improve find command \u0027Han\u0027 matches \u0027Hans\u0027 now",
            "insertions": 5,
            "deletions": 5
          }
        ]
      },
      {
        "insertions": 0,
        "deletions": 0,
        "date": "2019-03-15",
        "commitResults": []
      },
      {
        "insertions": 0,
        "deletions": 0,
        "date": "2019-03-16",
        "commitResults": []
      },
      {
        "insertions": 0,
        "deletions": 0,
        "date": "2019-03-17",
        "commitResults": []
      },
      {
        "insertions": 0,
        "deletions": 0,
        "date": "2019-03-18",
        "commitResults": []
      },
      {
        "insertions": 241,
        "deletions": 78,
        "date": "2019-03-19",
        "commitResults": [
          {
            "hash": "c34bb43a1d0f4b5daeac964414ec3de2344fad56",
            "message": "Add Photo UI part complete",
            "insertions": 171,
            "deletions": 4
          },
          {
            "hash": "7bfffaec8b0a4467abfc6c1d945fb8663e902d74",
            "message": "edit add photo ui a bit",
            "insertions": 4,
            "deletions": 2
          },
          {
            "hash": "3f4330449d8cb6806a4429420078836d3a0987f8",
            "message": "travis",
            "insertions": 35,
            "deletions": 29
          },
          {
            "hash": "73d86b5bf3a00b268d043fa52422c6ad2e0c8bfa",
            "message": "travis",
            "insertions": 1,
            "deletions": 1
          },
          {
            "hash": "e863426103dd0b062e656262ccdf490b98533ac3",
            "message": "travis",
            "insertions": 13,
            "deletions": 18
          },
          {
            "hash": "5fb1c2d7395481eb2136f9539732027c582340d5",
            "message": "travis",
            "insertions": 2,
            "deletions": 2
          },
          {
            "hash": "dd60a1829fa177ff01ec7958d5103a99a9e78117",
            "message": "travis",
            "insertions": 4,
            "deletions": 3
          },
          {
            "hash": "90ab00cee087a4395cd8d64f4d1c1a3ec19bd921",
            "message": "Update MainWindow.java",
            "insertions": 3,
            "deletions": 9
          },
          {
            "hash": "a7c9073e14c013e90d19bbbadc0e1a3da12ee9c6",
            "message": "Update MainWindow.fxml",
            "insertions": 1,
            "deletions": 3
          },
          {
            "hash": "79faf0bf4feb9594d6876a475852f46add4dfbb3",
            "message": "Update FindCommandSystemTest.java",
            "insertions": 2,
            "deletions": 2
          },
          {
            "hash": "1dd6796ce47ec2ecb46c6435d6e3e219393cf990",
            "message": "Update StringUtil.java",
            "insertions": 2,
            "deletions": 2
          },
          {
            "hash": "fb998f0fe1c6038792ba2c7ca6a476fb69124e5a",
            "message": "Update FindCommandSystemTest.java",
            "insertions": 2,
            "deletions": 2
          },
          {
            "hash": "064488584a1b4c35558dbe662d8d41107e9f9077",
            "message": "Update StringUtil.java",
            "insertions": 1,
            "deletions": 1
          }
        ]
      },
      {
        "insertions": 0,
        "deletions": 0,
        "date": "2019-03-20",
        "commitResults": []
      },
      {
        "insertions": 0,
        "deletions": 0,
        "date": "2019-03-21",
        "commitResults": []
      },
      {
        "insertions": 0,
        "deletions": 0,
        "date": "2019-03-22",
        "commitResults": []
      },
      {
        "insertions": 0,
        "deletions": 0,
        "date": "2019-03-23",
        "commitResults": []
      },
      {
        "insertions": 0,
        "deletions": 0,
        "date": "2019-03-24",
        "commitResults": []
      },
      {
        "insertions": 0,
        "deletions": 0,
        "date": "2019-03-25",
        "commitResults": []
      }
    ],
    "daDangminh": [
      {
        "insertions": 0,
        "deletions": 0,
        "date": "2019-02-10",
        "commitResults": []
      },
      {
        "insertions": 0,
        "deletions": 0,
        "date": "2019-02-11",
        "commitResults": []
      },
      {
        "insertions": 0,
        "deletions": 0,
        "date": "2019-02-12",
        "commitResults": []
      },
      {
        "insertions": 0,
        "deletions": 0,
        "date": "2019-02-13",
        "commitResults": []
      },
      {
        "insertions": 0,
        "deletions": 0,
        "date": "2019-02-14",
        "commitResults": []
      },
      {
        "insertions": 0,
        "deletions": 0,
        "date": "2019-02-15",
        "commitResults": []
      },
      {
        "insertions": 0,
        "deletions": 0,
        "date": "2019-02-16",
        "commitResults": []
      },
      {
        "insertions": 79,
        "deletions": 88,
        "date": "2019-02-17",
        "commitResults": [
          {
            "hash": "fbd9f168a86c00422d342b792b30c2f3b7087bf2",
            "message": "modify readme",
            "insertions": 8,
            "deletions": 12
          },
          {
            "hash": "f32cf675a391f7195520abe3dd0cd6af1b742eee",
            "message": "Update README.adoc",
            "insertions": 0,
            "deletions": 2
          },
          {
            "hash": "410ba536c15a856469cbe207ca74476d537c4f66",
            "message": "Update README.adoc",
            "insertions": 1,
            "deletions": 4
          },
          {
            "hash": "5f67b717b7305b90e6472d411ec53fb84a275c6f",
            "message": "Update README.adoc",
            "insertions": 1,
            "deletions": 0
          },
          {
            "hash": "9fc34b49678290fd576976eb66a1e1e55f752c22",
            "message": "update readme",
            "insertions": 12,
            "deletions": 10
          },
          {
            "hash": "e47a02554292a77fe80d9f8744cf9f99191480f8",
            "message": "Update README.adoc",
            "insertions": 11,
            "deletions": 7
          },
          {
            "hash": "c7efe6169c7e3047291f32d6e85577641cb25dc2",
            "message": "readme update",
            "insertions": 9,
            "deletions": 11
          },
          {
            "hash": "80b2f50e68e9e5bb52f7d6b4f0748b59fa8217b4",
            "message": "readme update",
            "insertions": 1,
            "deletions": 3
          },
          {
            "hash": "c904ecf80d9c9be0f26963ca643756406bbe978a",
            "message": "readme fix",
            "insertions": 1,
            "deletions": 1
          },
          {
            "hash": "ecdbb19cb317df4e79a555e7d08403678b553972",
            "message": "about us",
            "insertions": 27,
            "deletions": 21
          },
          {
            "hash": "9d5ce9419f8328591e7b30228c47485e00af02c7",
            "message": "update about us",
            "insertions": 5,
            "deletions": 10
          },
          {
            "hash": "7ce7b16b08026ee234d2181057f850c53328933d",
            "message": "contact us",
            "insertions": 1,
            "deletions": 1
          },
          {
            "hash": "c3e5dbff7ff5a320f5145561e531bd970e90701c",
            "message": "remove learning outcomes in readme",
            "insertions": 0,
            "deletions": 1
          },
          {
            "hash": "a5ceac3a863c6e1b90277ff75023745d658da019",
            "message": "update about us",
            "insertions": 2,
            "deletions": 5
          }
        ]
      },
      {
        "insertions": 61,
        "deletions": 1,
        "date": "2019-02-18",
        "commitResults": [
          {
            "hash": "392853fb4bb0e14938afcdddac5446b9bff032fb",
            "message": "accept import command that throws an exception",
            "insertions": 61,
            "deletions": 1
          }
        ]
      },
      {
        "insertions": 33,
        "deletions": 36,
        "date": "2019-02-19",
        "commitResults": [
          {
            "hash": "87203049a1304285783bfc234358e4669c449ed8",
            "message": "testing",
            "insertions": 1,
            "deletions": 1
          },
          {
            "hash": "60ca63d5da225d546f5cf6d2a7fc48454d126d43",
            "message": "testing",
            "insertions": 1,
            "deletions": 1
          },
          {
            "hash": "e41300e815d04d28961e98dfb45e77f58087dfdb",
            "message": "add new line fix",
            "insertions": 1,
            "deletions": 1
          },
          {
            "hash": "07fd183a3e287ce53fa8ecbc52e5c3613f42e56b",
            "message": "checkstyle fix",
            "insertions": 22,
            "deletions": 26
          },
          {
            "hash": "89ab299c2364406a2c922671cfbe0b57c9c25489",
            "message": "checkstyle fix",
            "insertions": 2,
            "deletions": 1
          },
          {
            "hash": "428c7a3ed427179ba6667bcfe75ff974c3dc84ca",
            "message": "netlify fix",
            "insertions": 0,
            "deletions": 1
          },
          {
            "hash": "3d9137459ae5ea81f9a0558d8d14309035c8a0fd",
            "message": "readme",
            "insertions": 4,
            "deletions": 1
          },
          {
            "hash": "fdc0ecf77a6c8bea7fef20549ed6d06a068a32f4",
            "message": "readme",
            "insertions": 1,
            "deletions": 0
          },
          {
            "hash": "41edd64bda721792b68cfdec002249756f6cc96b",
            "message": "readme edit",
            "insertions": 0,
            "deletions": 3
          },
          {
            "hash": "39d6efdc1bbf2d0bcf45be2ba4ffac247aacd99e",
            "message": "readme fix",
            "insertions": 1,
            "deletions": 1
          }
        ]
      },
      {
        "insertions": 0,
        "deletions": 0,
        "date": "2019-02-20",
        "commitResults": []
      },
      {
        "insertions": 0,
        "deletions": 0,
        "date": "2019-02-21",
        "commitResults": []
      },
      {
        "insertions": 0,
        "deletions": 0,
        "date": "2019-02-22",
        "commitResults": []
      },
      {
        "insertions": 0,
        "deletions": 0,
        "date": "2019-02-23",
        "commitResults": []
      },
      {
        "insertions": 0,
        "deletions": 0,
        "date": "2019-02-24",
        "commitResults": []
      },
      {
        "insertions": 0,
        "deletions": 0,
        "date": "2019-02-25",
        "commitResults": []
      },
      {
        "insertions": 0,
        "deletions": 0,
        "date": "2019-02-26",
        "commitResults": []
      },
      {
        "insertions": 0,
        "deletions": 0,
        "date": "2019-02-27",
        "commitResults": []
      },
      {
        "insertions": 0,
        "deletions": 0,
        "date": "2019-02-28",
        "commitResults": []
      },
      {
        "insertions": 0,
        "deletions": 0,
        "date": "2019-03-01",
        "commitResults": []
      },
      {
        "insertions": 0,
        "deletions": 0,
        "date": "2019-03-02",
        "commitResults": []
      },
      {
        "insertions": 0,
        "deletions": 0,
        "date": "2019-03-03",
        "commitResults": []
      },
      {
        "insertions": 0,
        "deletions": 0,
        "date": "2019-03-04",
        "commitResults": []
      },
      {
        "insertions": 0,
        "deletions": 0,
        "date": "2019-03-05",
        "commitResults": []
      },
      {
        "insertions": 0,
        "deletions": 0,
        "date": "2019-03-06",
        "commitResults": []
      },
      {
        "insertions": 0,
        "deletions": 0,
        "date": "2019-03-07",
        "commitResults": []
      },
      {
        "insertions": 0,
        "deletions": 0,
        "date": "2019-03-08",
        "commitResults": []
      },
      {
        "insertions": 1,
        "deletions": 1,
        "date": "2019-03-09",
        "commitResults": [
          {
            "hash": "c6982d85081e7085f9b624746588a40030f07ddc",
            "message": "update build link",
            "insertions": 1,
            "deletions": 1
          }
        ]
      },
      {
        "insertions": 66,
        "deletions": 32,
        "date": "2019-03-10",
        "commitResults": [
          {
            "hash": "0195403a62e2e764a2233a4adb7437448ca5bb32",
            "message": "implement import",
            "insertions": 40,
            "deletions": 8
          },
          {
            "hash": "f35fcebc8e55caf4f205e7fa9f7b4803f1efacb8",
            "message": "implement import",
            "insertions": 1,
            "deletions": 2
          },
          {
            "hash": "9e7eb6d1c64d4bb39cf0a954cc05865b329dfb7d",
            "message": "checkstyle fix",
            "insertions": 1,
            "deletions": 1
          },
          {
            "hash": "ea97e5130f858211fb4f6052f3c4dbe82affc1b0",
            "message": "checkstyle",
            "insertions": 4,
            "deletions": 3
          },
          {
            "hash": "247f2eb99d9a723b5d46d57feea0cee2f068ddf9",
            "message": "checkstyle",
            "insertions": 1,
            "deletions": 0
          },
          {
            "hash": "339ef08c469424237f9f4c9ee661b14bbe552996",
            "message": "checkstyle",
            "insertions": 5,
            "deletions": 5
          },
          {
            "hash": "d69eb6d08505efe66f69b01a0ca82d6a133da8ad",
            "message": "checkstyle",
            "insertions": 6,
            "deletions": 2
          },
          {
            "hash": "2f05c889eb88ad2cc196f557d82082274be14445",
            "message": "checkstyle urgh",
            "insertions": 5,
            "deletions": 10
          },
          {
            "hash": "a1d5b7aaa4e3ea088238ba3b2fd87d5ff64a50e5",
            "message": "checkstyleee",
            "insertions": 3,
            "deletions": 1
          }
        ]
      },
      {
        "insertions": 0,
        "deletions": 0,
        "date": "2019-03-11",
        "commitResults": []
      },
      {
        "insertions": 0,
        "deletions": 0,
        "date": "2019-03-12",
        "commitResults": []
      },
      {
        "insertions": 0,
        "deletions": 0,
        "date": "2019-03-13",
        "commitResults": []
      },
      {
        "insertions": 0,
        "deletions": 0,
        "date": "2019-03-14",
        "commitResults": []
      },
      {
        "insertions": 0,
        "deletions": 0,
        "date": "2019-03-15",
        "commitResults": []
      },
      {
        "insertions": 38,
        "deletions": 6,
        "date": "2019-03-16",
        "commitResults": [
          {
            "hash": "faae8f6849a333714f6ae7cd9ad421953bdab480",
            "message": "implement import execution",
            "insertions": 36,
            "deletions": 4
          },
          {
            "hash": "195511444fb8d598730379e6823e84513eb9887d",
            "message": "checkstyle yet again",
            "insertions": 1,
            "deletions": 1
          },
          {
            "hash": "b0baef863422a1ef60b88adca30881a53604565d",
            "message": "update import comment",
            "insertions": 1,
            "deletions": 1
          }
        ]
      },
      {
        "insertions": 0,
        "deletions": 0,
        "date": "2019-03-17",
        "commitResults": []
      },
      {
        "insertions": 0,
        "deletions": 0,
        "date": "2019-03-18",
        "commitResults": []
      },
      {
        "insertions": 0,
        "deletions": 0,
        "date": "2019-03-19",
        "commitResults": []
      },
      {
        "insertions": 0,
        "deletions": 0,
        "date": "2019-03-20",
        "commitResults": []
      },
      {
        "insertions": 0,
        "deletions": 0,
        "date": "2019-03-21",
        "commitResults": []
      },
      {
        "insertions": 0,
        "deletions": 0,
        "date": "2019-03-22",
        "commitResults": []
      },
      {
        "insertions": 0,
        "deletions": 0,
        "date": "2019-03-23",
        "commitResults": []
      },
      {
        "insertions": 188,
        "deletions": 31,
        "date": "2019-03-24",
        "commitResults": [
          {
            "hash": "ff16c13f51cee61e3ec06d75b8ec3611c76fed56",
            "message": "new export command class and parser class",
            "insertions": 96,
            "deletions": 3
          },
          {
            "hash": "aeb496707cc7edcad4886f6f50e3eeec76b8722d",
            "message": "export command parser",
            "insertions": 34,
            "deletions": 19
          },
          {
            "hash": "87a3ad8272fd32b3b321b50a89d7e35807a20f92",
            "message": "work on export",
            "insertions": 22,
            "deletions": 4
          },
          {
            "hash": "c53214118856aef2171daa5e2b30fec13e2706e7",
            "message": "implement export",
            "insertions": 26,
            "deletions": 3
          },
          {
            "hash": "5b12bc9b033bd8ecc770ed57e6a811aed6ef6ff2",
            "message": "checkstyle",
            "insertions": 10,
            "deletions": 2
          }
        ]
      },
      {
        "insertions": 0,
        "deletions": 0,
        "date": "2019-03-25",
        "commitResults": []
      }
    ],
    "yonggqiii": [
      {
        "insertions": 0,
        "deletions": 0,
        "date": "2019-02-10",
        "commitResults": []
      },
      {
        "insertions": 0,
        "deletions": 0,
        "date": "2019-02-11",
        "commitResults": []
      },
      {
        "insertions": 0,
        "deletions": 0,
        "date": "2019-02-12",
        "commitResults": []
      },
      {
        "insertions": 0,
        "deletions": 0,
        "date": "2019-02-13",
        "commitResults": []
      },
      {
        "insertions": 0,
        "deletions": 0,
        "date": "2019-02-14",
        "commitResults": []
      },
      {
        "insertions": 0,
        "deletions": 0,
        "date": "2019-02-15",
        "commitResults": []
      },
      {
        "insertions": 0,
        "deletions": 0,
        "date": "2019-02-16",
        "commitResults": []
      },
      {
        "insertions": 0,
        "deletions": 0,
        "date": "2019-02-17",
        "commitResults": []
      },
      {
        "insertions": 0,
        "deletions": 0,
        "date": "2019-02-18",
        "commitResults": []
      },
      {
        "insertions": 53,
        "deletions": 4,
        "date": "2019-02-19",
        "commitResults": [
          {
            "hash": "7fa031dfa5a9368641222aac038bdfad879fe8c4",
            "message": "Amended build.gradle to link team repo URL and page name",
            "insertions": 2,
            "deletions": 2
          },
          {
            "hash": "fa9d98cc63050cbbe35acd0df7f0d811073060b9",
            "message": "Added section on meeting planner feature",
            "insertions": 7,
            "deletions": 0
          },
          {
            "hash": "d4cb8a19890a6d9e22609b70bccf3180ef3d672a",
            "message": "Changed repo URL",
            "insertions": 1,
            "deletions": 1
          },
          {
            "hash": "72d46858fb7692cb65fa361f1e7cc002ea4c89b6",
            "message": "Added meeting planner section",
            "insertions": 15,
            "deletions": 0
          },
          {
            "hash": "1831286e1cc789b85aba2df9b445be4ed22deab5",
            "message": "Added MeetCommand that throws CommandException by default",
            "insertions": 24,
            "deletions": 0
          },
          {
            "hash": "80c569a0356983707bd63c75d86f686835f967b8",
            "message": "Added javadoc comments",
            "insertions": 3,
            "deletions": 0
          },
          {
            "hash": "9dbab55ce234b42a21de1027ab21daad693c2886",
            "message": "Changed dev guide header to UniLA",
            "insertions": 1,
            "deletions": 1
          }
        ]
      },
      {
        "insertions": 0,
        "deletions": 0,
        "date": "2019-02-20",
        "commitResults": []
      },
      {
        "insertions": 0,
        "deletions": 0,
        "date": "2019-02-21",
        "commitResults": []
      },
      {
        "insertions": 0,
        "deletions": 0,
        "date": "2019-02-22",
        "commitResults": []
      },
      {
        "insertions": 0,
        "deletions": 0,
        "date": "2019-02-23",
        "commitResults": []
      },
      {
        "insertions": 0,
        "deletions": 0,
        "date": "2019-02-24",
        "commitResults": []
      },
      {
        "insertions": 0,
        "deletions": 0,
        "date": "2019-02-25",
        "commitResults": []
      },
      {
        "insertions": 0,
        "deletions": 0,
        "date": "2019-02-26",
        "commitResults": []
      },
      {
        "insertions": 0,
        "deletions": 0,
        "date": "2019-02-27",
        "commitResults": []
      },
      {
        "insertions": 0,
        "deletions": 0,
        "date": "2019-02-28",
        "commitResults": []
      },
      {
        "insertions": 0,
        "deletions": 0,
        "date": "2019-03-01",
        "commitResults": []
      },
      {
        "insertions": 0,
        "deletions": 0,
        "date": "2019-03-02",
        "commitResults": []
      },
      {
        "insertions": 0,
        "deletions": 0,
        "date": "2019-03-03",
        "commitResults": []
      },
      {
        "insertions": 0,
        "deletions": 0,
        "date": "2019-03-04",
        "commitResults": []
      },
      {
        "insertions": 0,
        "deletions": 0,
        "date": "2019-03-05",
        "commitResults": []
      },
      {
        "insertions": 0,
        "deletions": 0,
        "date": "2019-03-06",
        "commitResults": []
      },
      {
        "insertions": 0,
        "deletions": 0,
        "date": "2019-03-07",
        "commitResults": []
      },
      {
        "insertions": 0,
        "deletions": 0,
        "date": "2019-03-08",
        "commitResults": []
      },
      {
        "insertions": 0,
        "deletions": 0,
        "date": "2019-03-09",
        "commitResults": []
      },
      {
        "insertions": 0,
        "deletions": 0,
        "date": "2019-03-10",
        "commitResults": []
      },
      {
        "insertions": 0,
        "deletions": 0,
        "date": "2019-03-11",
        "commitResults": []
      },
      {
        "insertions": 0,
        "deletions": 0,
        "date": "2019-03-12",
        "commitResults": []
      },
      {
        "insertions": 0,
        "deletions": 0,
        "date": "2019-03-13",
        "commitResults": []
      },
      {
        "insertions": 0,
        "deletions": 0,
        "date": "2019-03-14",
        "commitResults": []
      },
      {
        "insertions": 0,
        "deletions": 0,
        "date": "2019-03-15",
        "commitResults": []
      },
      {
        "insertions": 0,
        "deletions": 0,
        "date": "2019-03-16",
        "commitResults": []
      },
      {
        "insertions": 0,
        "deletions": 0,
        "date": "2019-03-17",
        "commitResults": []
      },
      {
        "insertions": 0,
        "deletions": 0,
        "date": "2019-03-18",
        "commitResults": []
      },
      {
        "insertions": 96,
        "deletions": 12,
        "date": "2019-03-19",
        "commitResults": [
          {
            "hash": "f1fd4fcf819db95aae1dbefa69fd0ffa99555905",
            "message": "Completed MeetCommandParser",
            "insertions": 67,
            "deletions": 3
          },
          {
            "hash": "7eee6c7c78a9a5a8b2e4870d564220824054d4e1",
            "message": "Checkstyle amendments",
            "insertions": 6,
            "deletions": 5
          },
          {
            "hash": "98765461c0ddfd2417d5272598f59167413373bf",
            "message": "Updated UserGuide and DevGuide for meet functionality.",
            "insertions": 12,
            "deletions": 4
          },
          {
            "hash": "f3672ae1ea77640f198bb6208e253bd4b11e03ab",
            "message": "Added more meet command descriptions for dev guide",
            "insertions": 11,
            "deletions": 0
          }
        ]
      },
      {
        "insertions": 0,
        "deletions": 0,
        "date": "2019-03-20",
        "commitResults": []
      },
      {
        "insertions": 0,
        "deletions": 0,
        "date": "2019-03-21",
        "commitResults": []
      },
      {
        "insertions": 0,
        "deletions": 0,
        "date": "2019-03-22",
        "commitResults": []
      },
      {
        "insertions": 0,
        "deletions": 0,
        "date": "2019-03-23",
        "commitResults": []
      },
      {
        "insertions": 0,
        "deletions": 0,
        "date": "2019-03-24",
        "commitResults": []
      },
      {
        "insertions": 0,
        "deletions": 0,
        "date": "2019-03-25",
        "commitResults": []
      }
    ],
    "jwl1997": [
      {
        "insertions": 0,
        "deletions": 0,
        "date": "2019-02-10",
        "commitResults": []
      },
      {
        "insertions": 0,
        "deletions": 0,
        "date": "2019-02-11",
        "commitResults": []
      },
      {
        "insertions": 0,
        "deletions": 0,
        "date": "2019-02-12",
        "commitResults": []
      },
      {
        "insertions": 0,
        "deletions": 0,
        "date": "2019-02-13",
        "commitResults": []
      },
      {
        "insertions": 0,
        "deletions": 0,
        "date": "2019-02-14",
        "commitResults": []
      },
      {
        "insertions": 0,
        "deletions": 0,
        "date": "2019-02-15",
        "commitResults": []
      },
      {
        "insertions": 0,
        "deletions": 0,
        "date": "2019-02-16",
        "commitResults": []
      },
      {
        "insertions": 0,
        "deletions": 0,
        "date": "2019-02-17",
        "commitResults": []
      },
      {
        "insertions": 336,
        "deletions": 19,
        "date": "2019-02-18",
        "commitResults": [
          {
            "hash": "dab201f05f45d99310a3f8dca793fb6e7e0c9076",
            "message": "Update UserGuide.adoc",
            "insertions": 7,
            "deletions": 0
          },
          {
            "hash": "72757ab3193836601db471a912163db2dfa84cdb",
            "message": "Update UserGuide.adoc",
            "insertions": 55,
            "deletions": 0
          },
          {
            "hash": "d99cee484f75142f951024d4f89236193bd9f44c",
            "message": "Update UserGuide.adoc",
            "insertions": 178,
            "deletions": 0
          },
          {
            "hash": "baa7b580d8690080340284172c0955acd0d89752",
            "message": "Update UserGuide.adoc",
            "insertions": 0,
            "deletions": 8
          },
          {
            "hash": "cf52a1007cc6f49b2aa26bd2f3650dfee476b3d9",
            "message": "Update UserGuide.adoc",
            "insertions": 5,
            "deletions": 11
          },
          {
            "hash": "1402c25f6345a5feb1127ffa1f2bcb684e233e3c",
            "message": "add skeleton for event list component",
            "insertions": 72,
            "deletions": 0
          },
          {
            "hash": "8c297618f6fdd85957f405fe59cf710c69b8f0a8",
            "message": "add javadoc comments",
            "insertions": 19,
            "deletions": 0
          }
        ]
      },
      {
        "insertions": 0,
        "deletions": 0,
        "date": "2019-02-19",
        "commitResults": []
      },
      {
        "insertions": 0,
        "deletions": 0,
        "date": "2019-02-20",
        "commitResults": []
      },
      {
        "insertions": 0,
        "deletions": 0,
        "date": "2019-02-21",
        "commitResults": []
      },
      {
        "insertions": 0,
        "deletions": 0,
        "date": "2019-02-22",
        "commitResults": []
      },
      {
        "insertions": 0,
        "deletions": 0,
        "date": "2019-02-23",
        "commitResults": []
      },
      {
        "insertions": 0,
        "deletions": 0,
        "date": "2019-02-24",
        "commitResults": []
      },
      {
        "insertions": 0,
        "deletions": 0,
        "date": "2019-02-25",
        "commitResults": []
      },
      {
        "insertions": 0,
        "deletions": 0,
        "date": "2019-02-26",
        "commitResults": []
      },
      {
        "insertions": 3,
        "deletions": 3,
        "date": "2019-02-27",
        "commitResults": [
          {
            "hash": "506d0e942bf476d0f550b5c96dad209b19c3c6c5",
            "message": "update aboutus.doc",
            "insertions": 3,
            "deletions": 3
          }
        ]
      },
      {
        "insertions": 343,
        "deletions": 19,
        "date": "2019-02-28",
        "commitResults": [
          {
            "hash": "37622745e41454bd4c279e1d842f6b6a70a30c18",
            "message": "build event list model",
            "insertions": 343,
            "deletions": 19
          }
        ]
      },
      {
        "insertions": 9,
        "deletions": 19,
        "date": "2019-03-01",
        "commitResults": [
          {
            "hash": "0f02c03c426b2e988764c5e87ec95387f25ed0fb",
            "message": "fix bugs for event model",
            "insertions": 6,
            "deletions": 16
          },
          {
            "hash": "31f848d0b70659b07871929e98b37575e521ae3a",
            "message": "javadoc bug fix",
            "insertions": 1,
            "deletions": 1
          },
          {
            "hash": "9dab9a6061c06d9b16ea04588619826525739240",
            "message": "bug fix for javadoc",
            "insertions": 2,
            "deletions": 2
          }
        ]
      },
      {
        "insertions": 0,
        "deletions": 0,
        "date": "2019-03-02",
        "commitResults": []
      },
      {
        "insertions": 0,
        "deletions": 0,
        "date": "2019-03-03",
        "commitResults": []
      },
      {
        "insertions": 0,
        "deletions": 0,
        "date": "2019-03-04",
        "commitResults": []
      },
      {
        "insertions": 0,
        "deletions": 0,
        "date": "2019-03-05",
        "commitResults": []
      },
      {
        "insertions": 0,
        "deletions": 0,
        "date": "2019-03-06",
        "commitResults": []
      },
      {
        "insertions": 0,
        "deletions": 0,
        "date": "2019-03-07",
        "commitResults": []
      },
      {
        "insertions": 0,
        "deletions": 0,
        "date": "2019-03-08",
        "commitResults": []
      },
      {
        "insertions": 0,
        "deletions": 0,
        "date": "2019-03-09",
        "commitResults": []
      },
      {
        "insertions": 0,
        "deletions": 0,
        "date": "2019-03-10",
        "commitResults": []
      },
      {
        "insertions": 0,
        "deletions": 0,
        "date": "2019-03-11",
        "commitResults": []
      },
      {
        "insertions": 0,
        "deletions": 0,
        "date": "2019-03-12",
        "commitResults": []
      },
      {
        "insertions": 0,
        "deletions": 0,
        "date": "2019-03-13",
        "commitResults": []
      },
      {
        "insertions": 0,
        "deletions": 0,
        "date": "2019-03-14",
        "commitResults": []
      },
      {
        "insertions": 0,
        "deletions": 0,
        "date": "2019-03-15",
        "commitResults": []
      },
      {
        "insertions": 0,
        "deletions": 0,
        "date": "2019-03-16",
        "commitResults": []
      },
      {
        "insertions": 917,
        "deletions": 44,
        "date": "2019-03-17",
        "commitResults": [
          {
            "hash": "995719f32a6668d0ad51f88bce81e4b2329c843f",
            "message": "add, delete, edit commands for event list",
            "insertions": 820,
            "deletions": 3
          },
          {
            "hash": "f1f8be75f135d9cafa1c3efece398b2ad00e03f7",
            "message": "bug fix",
            "insertions": 1,
            "deletions": 1
          },
          {
            "hash": "a31a0c3b5d7f0c6dab2723468bd323f663f86615",
            "message": "bug fix",
            "insertions": 18,
            "deletions": 16
          },
          {
            "hash": "bf2ffec22e71b5f6b10434b2d7928d68fcd9c019",
            "message": "bug fix",
            "insertions": 12,
            "deletions": 12
          },
          {
            "hash": "0fb2d53863e4dfeda78af4272c20296893e0c33f",
            "message": "bug fix",
            "insertions": 12,
            "deletions": 12
          },
          {
            "hash": "56c623e2672efcba624faad75d1e42deaac2c3ff",
            "message": "bug fix",
            "insertions": 54,
            "deletions": 0
          }
        ]
      },
      {
        "insertions": 0,
        "deletions": 0,
        "date": "2019-03-18",
        "commitResults": []
      },
      {
        "insertions": 75,
        "deletions": 8,
        "date": "2019-03-19",
        "commitResults": [
          {
            "hash": "15bc250e2426a0483540b0e653317e64ba316499",
            "message": "update developerguide",
            "insertions": 75,
            "deletions": 8
          }
        ]
      },
      {
        "insertions": 303,
        "deletions": 12,
        "date": "2019-03-20",
        "commitResults": [
          {
            "hash": "dbf84a969d4c88b74d59fffdfcdb2cbe11494adf",
            "message": "modify and finalise event add, delete, list, edit commands",
            "insertions": 297,
            "deletions": 1
          },
          {
            "hash": "c782ba8f21ac10cec851801bd50960beff867c7b",
            "message": "Travis bug fix",
            "insertions": 6,
            "deletions": 11
          }
        ]
      },
      {
        "insertions": 396,
        "deletions": 5,
        "date": "2019-03-21",
        "commitResults": [
          {
            "hash": "f20f1fa36d96b445015f649049fa4c4414d28bc6",
            "message": "add connect and disconnect commands",
            "insertions": 346,
            "deletions": 0
          },
          {
            "hash": "5e49fee1837cbe8eb59201c2bb322ffc1ab1633b",
            "message": "travis bug fix",
            "insertions": 0,
            "deletions": 1
          },
          {
            "hash": "06ca7948ec085b13d6c74cfafb5039cc9964510b",
            "message": "add config json",
            "insertions": 30,
            "deletions": 0
          },
          {
            "hash": "a1376cbaaa65d49f3926968f903251a209d5aed1",
            "message": "update config.json",
            "insertions": 3,
            "deletions": 3
          },
          {
            "hash": "977b414a6beb2f26506375056c68c4d2d74debef",
            "message": "improve connect and disconnect",
            "insertions": 17,
            "deletions": 1
          }
        ]
      },
      {
        "insertions": 0,
        "deletions": 0,
        "date": "2019-03-22",
        "commitResults": []
      },
      {
        "insertions": 0,
        "deletions": 0,
        "date": "2019-03-23",
        "commitResults": []
      },
      {
        "insertions": 0,
        "deletions": 0,
        "date": "2019-03-24",
        "commitResults": []
      },
      {
        "insertions": 151,
        "deletions": 151,
        "date": "2019-03-25",
        "commitResults": [
          {
            "hash": "6ec1a0a014b17937c04bba2cff7683f75f3ab5ee",
            "message": "finalize userguide",
            "insertions": 37,
            "deletions": 30
          },
          {
            "hash": "aa48ca6d0b21b6b0c063dd2692acf83cd8183af9",
            "message": "update userguide",
            "insertions": 6,
            "deletions": 6
          },
          {
            "hash": "31c651d1cc5bbde73624fece307b8986b04dec63",
            "message": "update userguide",
            "insertions": 4,
            "deletions": 4
          },
          {
            "hash": "18470023d53d37907ca34c4de4609c7f52011097",
            "message": "Update developerGuide",
            "insertions": 42,
            "deletions": 4
          },
          {
            "hash": "98de9941ce3deb9932dd3de69562b054633035cf",
            "message": "add test framework",
            "insertions": 24,
            "deletions": 0
          },
          {
            "hash": "54ca6e43bd7305241cfa514eae8693c8e2676276",
            "message": "Revert \"update userGuide, developerGuide and test cases week10 mid1.3\"",
            "insertions": 38,
            "deletions": 107
          }
        ]
      }
    ]
  },
  "authorFinalContributionMap": {
    "JillWangJill": 217,
    "yinya998": 503,
    "daDangminh": 306,
    "yonggqiii": 137,
    "jwl1997": 2246
  },
  "authorContributionVariance": {
    "JillWangJill": 926.7644,
    "yinya998": 12346.222,
    "daDangminh": 1956.1133,
    "yonggqiii": 324.86932,
    "jwl1997": 30902.02
  },
  "authorDisplayNameMap": {
    "JillWangJill": "WAN...RUI",
    "yinya998": "CHE...NYA",
    "daDangminh": "TRU...ANG",
    "yonggqiii": "FOO... QI",
    "jwl1997": "JIA...LIN"
  }
}
