{
  "authorDailyContributionsMap": {
    "Miaaaaa97": [
      {
        "insertions": 0,
        "deletions": 0,
        "date": "2019-02-10",
        "commitResults": []
      },
      {
        "insertions": 0,
        "deletions": 0,
        "date": "2019-02-11",
        "commitResults": []
      },
      {
        "insertions": 0,
        "deletions": 0,
        "date": "2019-02-12",
        "commitResults": []
      },
      {
        "insertions": 0,
        "deletions": 0,
        "date": "2019-02-13",
        "commitResults": []
      },
      {
        "insertions": 0,
        "deletions": 0,
        "date": "2019-02-14",
        "commitResults": []
      },
      {
        "insertions": 0,
        "deletions": 0,
        "date": "2019-02-15",
        "commitResults": []
      },
      {
        "insertions": 0,
        "deletions": 0,
        "date": "2019-02-16",
        "commitResults": []
      },
      {
        "insertions": 0,
        "deletions": 0,
        "date": "2019-02-17",
        "commitResults": []
      },
      {
        "insertions": 0,
        "deletions": 0,
        "date": "2019-02-18",
        "commitResults": []
      },
      {
        "insertions": 0,
        "deletions": 0,
        "date": "2019-02-19",
        "commitResults": []
      },
      {
        "insertions": 0,
        "deletions": 0,
        "date": "2019-02-20",
        "commitResults": []
      },
      {
        "insertions": 0,
        "deletions": 0,
        "date": "2019-02-21",
        "commitResults": []
      },
      {
        "insertions": 0,
        "deletions": 0,
        "date": "2019-02-22",
        "commitResults": []
      },
      {
        "insertions": 0,
        "deletions": 0,
        "date": "2019-02-23",
        "commitResults": []
      },
      {
        "insertions": 0,
        "deletions": 0,
        "date": "2019-02-24",
        "commitResults": []
      },
      {
        "insertions": 0,
        "deletions": 0,
        "date": "2019-02-25",
        "commitResults": []
      },
      {
        "insertions": 0,
        "deletions": 0,
        "date": "2019-02-26",
        "commitResults": []
      },
      {
        "insertions": 0,
        "deletions": 0,
        "date": "2019-02-27",
        "commitResults": []
      },
      {
        "insertions": 0,
        "deletions": 0,
        "date": "2019-02-28",
        "commitResults": []
      },
      {
        "insertions": 0,
        "deletions": 0,
        "date": "2019-03-01",
        "commitResults": []
      },
      {
        "insertions": 0,
        "deletions": 0,
        "date": "2019-03-02",
        "commitResults": []
      },
      {
        "insertions": 0,
        "deletions": 0,
        "date": "2019-03-03",
        "commitResults": []
      },
      {
        "insertions": 0,
        "deletions": 0,
        "date": "2019-03-04",
        "commitResults": []
      },
      {
        "insertions": 0,
        "deletions": 0,
        "date": "2019-03-05",
        "commitResults": []
      },
      {
        "insertions": 0,
        "deletions": 0,
        "date": "2019-03-06",
        "commitResults": []
      },
      {
        "insertions": 0,
        "deletions": 0,
        "date": "2019-03-07",
        "commitResults": []
      },
      {
        "insertions": 3,
        "deletions": 5,
        "date": "2019-03-08",
        "commitResults": [
          {
            "hash": "3c288938dbb517e00d7d4710f714c30555cfb0df",
            "message": "Update README.adoc",
            "insertions": 1,
            "deletions": 3
          },
          {
            "hash": "775b4d05074af48ebf270db3a6355cf261de8553",
            "message": "Update README.adoc",
            "insertions": 2,
            "deletions": 2
          }
        ]
      },
      {
        "insertions": 0,
        "deletions": 0,
        "date": "2019-03-09",
        "commitResults": []
      },
      {
        "insertions": 0,
        "deletions": 0,
        "date": "2019-03-10",
        "commitResults": []
      },
      {
        "insertions": 0,
        "deletions": 0,
        "date": "2019-03-11",
        "commitResults": []
      },
      {
        "insertions": 0,
        "deletions": 0,
        "date": "2019-03-12",
        "commitResults": []
      },
      {
        "insertions": 0,
        "deletions": 0,
        "date": "2019-03-13",
        "commitResults": []
      },
      {
        "insertions": 0,
        "deletions": 0,
        "date": "2019-03-14",
        "commitResults": []
      },
      {
        "insertions": 0,
        "deletions": 0,
        "date": "2019-03-15",
        "commitResults": []
      },
      {
        "insertions": 0,
        "deletions": 0,
        "date": "2019-03-16",
        "commitResults": []
      },
      {
        "insertions": 0,
        "deletions": 0,
        "date": "2019-03-17",
        "commitResults": []
      },
      {
        "insertions": 0,
        "deletions": 0,
        "date": "2019-03-18",
        "commitResults": []
      },
      {
        "insertions": 0,
        "deletions": 0,
        "date": "2019-03-19",
        "commitResults": []
      },
      {
        "insertions": 0,
        "deletions": 0,
        "date": "2019-03-20",
        "commitResults": []
      },
      {
        "insertions": 0,
        "deletions": 0,
        "date": "2019-03-21",
        "commitResults": []
      },
      {
        "insertions": 0,
        "deletions": 0,
        "date": "2019-03-22",
        "commitResults": []
      },
      {
        "insertions": 0,
        "deletions": 0,
        "date": "2019-03-23",
        "commitResults": []
      },
      {
        "insertions": 0,
        "deletions": 0,
        "date": "2019-03-24",
        "commitResults": []
      }
    ],
    "Jiangqinhua": [
      {
        "insertions": 0,
        "deletions": 0,
        "date": "2019-02-10",
        "commitResults": []
      },
      {
        "insertions": 0,
        "deletions": 0,
        "date": "2019-02-11",
        "commitResults": []
      },
      {
        "insertions": 0,
        "deletions": 0,
        "date": "2019-02-12",
        "commitResults": []
      },
      {
        "insertions": 0,
        "deletions": 0,
        "date": "2019-02-13",
        "commitResults": []
      },
      {
        "insertions": 0,
        "deletions": 0,
        "date": "2019-02-14",
        "commitResults": []
      },
      {
        "insertions": 0,
        "deletions": 0,
        "date": "2019-02-15",
        "commitResults": []
      },
      {
        "insertions": 0,
        "deletions": 0,
        "date": "2019-02-16",
        "commitResults": []
      },
      {
        "insertions": 0,
        "deletions": 0,
        "date": "2019-02-17",
        "commitResults": []
      },
      {
        "insertions": 0,
        "deletions": 0,
        "date": "2019-02-18",
        "commitResults": []
      },
      {
        "insertions": 0,
        "deletions": 0,
        "date": "2019-02-19",
        "commitResults": []
      },
      {
        "insertions": 0,
        "deletions": 0,
        "date": "2019-02-20",
        "commitResults": []
      },
      {
        "insertions": 0,
        "deletions": 0,
        "date": "2019-02-21",
        "commitResults": []
      },
      {
        "insertions": 0,
        "deletions": 0,
        "date": "2019-02-22",
        "commitResults": []
      },
      {
        "insertions": 0,
        "deletions": 0,
        "date": "2019-02-23",
        "commitResults": []
      },
      {
        "insertions": 0,
        "deletions": 0,
        "date": "2019-02-24",
        "commitResults": []
      },
      {
        "insertions": 0,
        "deletions": 0,
        "date": "2019-02-25",
        "commitResults": []
      },
      {
        "insertions": 0,
        "deletions": 0,
        "date": "2019-02-26",
        "commitResults": []
      },
      {
        "insertions": 0,
        "deletions": 0,
        "date": "2019-02-27",
        "commitResults": []
      },
      {
        "insertions": 0,
        "deletions": 0,
        "date": "2019-02-28",
        "commitResults": []
      },
      {
        "insertions": 0,
        "deletions": 0,
        "date": "2019-03-01",
        "commitResults": []
      },
      {
        "insertions": 0,
        "deletions": 0,
        "date": "2019-03-02",
        "commitResults": []
      },
      {
        "insertions": 0,
        "deletions": 0,
        "date": "2019-03-03",
        "commitResults": []
      },
      {
        "insertions": 0,
        "deletions": 0,
        "date": "2019-03-04",
        "commitResults": []
      },
      {
        "insertions": 0,
        "deletions": 0,
        "date": "2019-03-05",
        "commitResults": []
      },
      {
        "insertions": 0,
        "deletions": 0,
        "date": "2019-03-06",
        "commitResults": []
      },
      {
        "insertions": 0,
        "deletions": 0,
        "date": "2019-03-07",
        "commitResults": []
      },
      {
        "insertions": 0,
        "deletions": 0,
        "date": "2019-03-08",
        "commitResults": []
      },
      {
        "insertions": 0,
        "deletions": 0,
        "date": "2019-03-09",
        "commitResults": []
      },
      {
        "insertions": 0,
        "deletions": 0,
        "date": "2019-03-10",
        "commitResults": []
      },
      {
        "insertions": 0,
        "deletions": 0,
        "date": "2019-03-11",
        "commitResults": []
      },
      {
        "insertions": 0,
        "deletions": 0,
        "date": "2019-03-12",
        "commitResults": []
      },
      {
        "insertions": 0,
        "deletions": 0,
        "date": "2019-03-13",
        "commitResults": []
      },
      {
        "insertions": 0,
        "deletions": 0,
        "date": "2019-03-14",
        "commitResults": []
      },
      {
        "insertions": 0,
        "deletions": 0,
        "date": "2019-03-15",
        "commitResults": []
      },
      {
        "insertions": 0,
        "deletions": 0,
        "date": "2019-03-16",
        "commitResults": []
      },
      {
        "insertions": 0,
        "deletions": 0,
        "date": "2019-03-17",
        "commitResults": []
      },
      {
        "insertions": 0,
        "deletions": 0,
        "date": "2019-03-18",
        "commitResults": []
      },
      {
        "insertions": 0,
        "deletions": 0,
        "date": "2019-03-19",
        "commitResults": []
      },
      {
        "insertions": 0,
        "deletions": 0,
        "date": "2019-03-20",
        "commitResults": []
      },
      {
        "insertions": 0,
        "deletions": 0,
        "date": "2019-03-21",
        "commitResults": []
      },
      {
        "insertions": 0,
        "deletions": 0,
        "date": "2019-03-22",
        "commitResults": []
      },
      {
        "insertions": 1,
        "deletions": 1,
        "date": "2019-03-23",
        "commitResults": [
          {
            "hash": "f8e26b0ba1b9bf472cd354d761f1af93abe17907",
            "message": "Update MainWindow.fxml",
            "insertions": 1,
            "deletions": 1
          }
        ]
      },
      {
        "insertions": 0,
        "deletions": 0,
        "date": "2019-03-24",
        "commitResults": []
      }
    ],
    "EleenYang": [
      {
        "insertions": 0,
        "deletions": 0,
        "date": "2019-02-10",
        "commitResults": []
      },
      {
        "insertions": 0,
        "deletions": 0,
        "date": "2019-02-11",
        "commitResults": []
      },
      {
        "insertions": 0,
        "deletions": 0,
        "date": "2019-02-12",
        "commitResults": []
      },
      {
        "insertions": 0,
        "deletions": 0,
        "date": "2019-02-13",
        "commitResults": []
      },
      {
        "insertions": 0,
        "deletions": 0,
        "date": "2019-02-14",
        "commitResults": []
      },
      {
        "insertions": 0,
        "deletions": 0,
        "date": "2019-02-15",
        "commitResults": []
      },
      {
        "insertions": 0,
        "deletions": 0,
        "date": "2019-02-16",
        "commitResults": []
      },
      {
        "insertions": 0,
        "deletions": 0,
        "date": "2019-02-17",
        "commitResults": []
      },
      {
        "insertions": 0,
        "deletions": 0,
        "date": "2019-02-18",
        "commitResults": []
      },
      {
        "insertions": 179,
        "deletions": 97,
        "date": "2019-02-19",
        "commitResults": [
          {
            "hash": "733bd775794b1c4bba14da6815c9007d1abd1c05",
            "message": "Update UserGuide.adoc",
            "insertions": 131,
            "deletions": 94
          },
          {
            "hash": "a27fa7c253ad48c72fc9cb596a8b430cd983aa9c",
            "message": "Update UserGuide.adoc",
            "insertions": 1,
            "deletions": 1
          },
          {
            "hash": "5d0aefbeb668dc63a741bfd51820d06a38449bfe",
            "message": "add a \u0027removeTag\u0027 method",
            "insertions": 38,
            "deletions": 1
          },
          {
            "hash": "60091640dddfed4af5c7de2be55bbdfd4ca2e29f",
            "message": "Update AddCommandTest.java",
            "insertions": 6,
            "deletions": 0
          },
          {
            "hash": "0db89bec4f07b1deff984fc55c61e18ca74e1a6c",
            "message": "Update AddressBook.java",
            "insertions": 3,
            "deletions": 1
          }
        ]
      },
      {
        "insertions": 2,
        "deletions": 2,
        "date": "2019-02-20",
        "commitResults": [
          {
            "hash": "a79a3f38603bbb2da4e3df40a9abef3004a5263a",
            "message": "Update AddressBook.java",
            "insertions": 2,
            "deletions": 2
          }
        ]
      },
      {
        "insertions": 0,
        "deletions": 0,
        "date": "2019-02-21",
        "commitResults": []
      },
      {
        "insertions": 0,
        "deletions": 0,
        "date": "2019-02-22",
        "commitResults": []
      },
      {
        "insertions": 0,
        "deletions": 0,
        "date": "2019-02-23",
        "commitResults": []
      },
      {
        "insertions": 0,
        "deletions": 0,
        "date": "2019-02-24",
        "commitResults": []
      },
      {
        "insertions": 0,
        "deletions": 0,
        "date": "2019-02-25",
        "commitResults": []
      },
      {
        "insertions": 0,
        "deletions": 0,
        "date": "2019-02-26",
        "commitResults": []
      },
      {
        "insertions": 0,
        "deletions": 0,
        "date": "2019-02-27",
        "commitResults": []
      },
      {
        "insertions": 0,
        "deletions": 0,
        "date": "2019-02-28",
        "commitResults": []
      },
      {
        "insertions": 0,
        "deletions": 0,
        "date": "2019-03-01",
        "commitResults": []
      },
      {
        "insertions": 0,
        "deletions": 0,
        "date": "2019-03-02",
        "commitResults": []
      },
      {
        "insertions": 0,
        "deletions": 0,
        "date": "2019-03-03",
        "commitResults": []
      },
      {
        "insertions": 0,
        "deletions": 0,
        "date": "2019-03-04",
        "commitResults": []
      },
      {
        "insertions": 0,
        "deletions": 0,
        "date": "2019-03-05",
        "commitResults": []
      },
      {
        "insertions": 0,
        "deletions": 0,
        "date": "2019-03-06",
        "commitResults": []
      },
      {
        "insertions": 0,
        "deletions": 0,
        "date": "2019-03-07",
        "commitResults": []
      },
      {
        "insertions": 0,
        "deletions": 0,
        "date": "2019-03-08",
        "commitResults": []
      },
      {
        "insertions": 0,
        "deletions": 0,
        "date": "2019-03-09",
        "commitResults": []
      },
      {
        "insertions": 0,
        "deletions": 0,
        "date": "2019-03-10",
        "commitResults": []
      },
      {
        "insertions": 477,
        "deletions": 14,
        "date": "2019-03-11",
        "commitResults": [
          {
            "hash": "07a9edb5bdb1961d4d6fc0b32a801b40b1bc06a3",
            "message": "add a find book feature",
            "insertions": 43,
            "deletions": 1
          },
          {
            "hash": "778709eb98bac54803bbb2f39826e4fb5218141a",
            "message": "fix style problem (find book command)",
            "insertions": 4,
            "deletions": 1
          },
          {
            "hash": "09f169f7bd6a95338333ae795786952346ccd1fd",
            "message": "fix file location (find book command)",
            "insertions": 32,
            "deletions": 3
          },
          {
            "hash": "e7d97950f2a7a37d346dad8928bf7ea7462ad411",
            "message": "add list review and list books",
            "insertions": 159,
            "deletions": 2
          },
          {
            "hash": "18f5c8ca8047fcaa338e2ec4836a70df06cf5a1a",
            "message": "new ui parts for list added",
            "insertions": 204,
            "deletions": 3
          },
          {
            "hash": "73b6df738d017ccfdf97c1ef7125649bdc5e7ea5",
            "message": "more ui modification for list",
            "insertions": 19,
            "deletions": 4
          },
          {
            "hash": "dae30eef92de65f14b18650d421c5f6d18aa2d5e",
            "message": "Update LogicManager.java",
            "insertions": 16,
            "deletions": 0
          }
        ]
      },
      {
        "insertions": 166,
        "deletions": 136,
        "date": "2019-03-12",
        "commitResults": [
          {
            "hash": "cc2986b65dd7fa45de7f84961f87cf91e1d7ae5d",
            "message": "fix coding style problems",
            "insertions": 34,
            "deletions": 12
          },
          {
            "hash": "f7f250792a124a0f892118377064f8f46261b21d",
            "message": "update listBook and listrReview",
            "insertions": 98,
            "deletions": 108
          },
          {
            "hash": "5cba4095236ce37e85a6cc796fc646c7c3a15cec",
            "message": "fix coding style problem",
            "insertions": 6,
            "deletions": 3
          },
          {
            "hash": "f944e3731b99721648ac37c7edf24dd27f792aa1",
            "message": "uder guide update for listbook",
            "insertions": 14,
            "deletions": 13
          },
          {
            "hash": "c0f878d757d3828f05022e22053e3ece1b3fbb38",
            "message": "add tests",
            "insertions": 14,
            "deletions": 0
          }
        ]
      },
      {
        "insertions": 382,
        "deletions": 20,
        "date": "2019-03-13",
        "commitResults": [
          {
            "hash": "278df7d59289a3e9195ab5b4de0b793d897ed473",
            "message": "add tests for list book command parser",
            "insertions": 102,
            "deletions": 12
          },
          {
            "hash": "6d7975448c5f4f7adce5e7320c7f5022fbf5126d",
            "message": "add Tests for list book command",
            "insertions": 109,
            "deletions": 3
          },
          {
            "hash": "dfbddb66ebb02327e1a17e96e448d757b887871f",
            "message": "new predicate tests",
            "insertions": 134,
            "deletions": 0
          },
          {
            "hash": "81eb93991771b4c884e28436ae96c1451221d039",
            "message": "update test for list book command",
            "insertions": 35,
            "deletions": 3
          },
          {
            "hash": "77d5089d0ab45dd75063d39d769a76c5050fec1f",
            "message": "Update BookTagsContainExactKeywordsPredicateTest.java",
            "insertions": 1,
            "deletions": 1
          },
          {
            "hash": "bdb04d6c0a6fd67ad4fd3525f3b48c55c9e51260",
            "message": "Update BookUtil.java",
            "insertions": 1,
            "deletions": 1
          }
        ]
      },
      {
        "insertions": 0,
        "deletions": 0,
        "date": "2019-03-14",
        "commitResults": []
      },
      {
        "insertions": 0,
        "deletions": 0,
        "date": "2019-03-15",
        "commitResults": []
      },
      {
        "insertions": 0,
        "deletions": 0,
        "date": "2019-03-16",
        "commitResults": []
      },
      {
        "insertions": 259,
        "deletions": 69,
        "date": "2019-03-17",
        "commitResults": [
          {
            "hash": "a06f099544d0566e28122c11399e06b2336b4d35",
            "message": "add list book command with author searching",
            "insertions": 100,
            "deletions": 29
          },
          {
            "hash": "22f33afc79dadfc458fba44b0354ee3e2589173d",
            "message": "add tests for updated listBook command",
            "insertions": 157,
            "deletions": 39
          },
          {
            "hash": "10c04cd0dbd23bcf42cc37233d25fb77f51de735",
            "message": "fix coding style problem",
            "insertions": 2,
            "deletions": 1
          }
        ]
      },
      {
        "insertions": 423,
        "deletions": 32,
        "date": "2019-03-18",
        "commitResults": [
          {
            "hash": "dea797a92e449390dbdeb774609a9cef17ad81ac",
            "message": "add json book type",
            "insertions": 157,
            "deletions": 0
          },
          {
            "hash": "1e73dca999234ad7d5317df27f60688887ccb0d0",
            "message": "add storage test for logic manager",
            "insertions": 266,
            "deletions": 32
          }
        ]
      },
      {
        "insertions": 883,
        "deletions": 841,
        "date": "2019-03-19",
        "commitResults": [
          {
            "hash": "2a34c21c4d70a0e0912ee1e3eb8670198bc4f03c",
            "message": "update storage manager test",
            "insertions": 13,
            "deletions": 8
          },
          {
            "hash": "7135c5530f08dac3b0bb6ba3a219d6efb6f0003f",
            "message": "add versioned book shelf tests",
            "insertions": 475,
            "deletions": 1
          },
          {
            "hash": "8fd0349139dfbb505a410b9db49fa70b55660913",
            "message": "change typical book shelf",
            "insertions": 24,
            "deletions": 25
          },
          {
            "hash": "d39a4ac4c29e4c98d4561694cb38b3e3f8847235",
            "message": "update json tests",
            "insertions": 234,
            "deletions": 595
          },
          {
            "hash": "f7dc9ae445b73da02ea008c7f6e6aa014f592399",
            "message": "update json tests for storage",
            "insertions": 103,
            "deletions": 181
          },
          {
            "hash": "5ca3e19345fe0f7a935924f178eb4323ba5f448d",
            "message": "fix style",
            "insertions": 1,
            "deletions": 1
          },
          {
            "hash": "0bcff8b17dbdbc0ffbde16a9704071e5dbb4d201",
            "message": "fix coding style",
            "insertions": 33,
            "deletions": 30
          }
        ]
      },
      {
        "insertions": 0,
        "deletions": 0,
        "date": "2019-03-20",
        "commitResults": []
      },
      {
        "insertions": 12,
        "deletions": 5,
        "date": "2019-03-21",
        "commitResults": [
          {
            "hash": "0d7ba97197444e5277091b66f39e6b14de459af7",
            "message": "update sample data",
            "insertions": 12,
            "deletions": 5
          }
        ]
      },
      {
        "insertions": 488,
        "deletions": 509,
        "date": "2019-03-22",
        "commitResults": [
          {
            "hash": "d0f99785f6c4a84a3e544b22f9c5de5102f739c1",
            "message": "update storage and system tests",
            "insertions": 332,
            "deletions": 166
          },
          {
            "hash": "d30b94f35c9980d435447193551b9ffd55e86728",
            "message": "Help window system tests updated",
            "insertions": 40,
            "deletions": 25
          },
          {
            "hash": "e6608b2855a910d8078dd02fe15205b64ee95052",
            "message": "fix coding style",
            "insertions": 0,
            "deletions": 2
          },
          {
            "hash": "0a8a1ba6b9c884db85fd587df2536f08ab8c2ab4",
            "message": "developer guide updated",
            "insertions": 64,
            "deletions": 313
          },
          {
            "hash": "83af64d54df562d3d95a8cb8cb2b9e183b1f93dd",
            "message": "update list book command system test",
            "insertions": 50,
            "deletions": 3
          },
          {
            "hash": "dca1d7e6629be1d7883171f21d40cc5a19443573",
            "message": "update DG",
            "insertions": 2,
            "deletions": 0
          }
        ]
      },
      {
        "insertions": 0,
        "deletions": 0,
        "date": "2019-03-23",
        "commitResults": []
      },
      {
        "insertions": 0,
        "deletions": 0,
        "date": "2019-03-24",
        "commitResults": []
      }
    ],
    "0blivious": [
      {
        "insertions": 0,
        "deletions": 0,
        "date": "2019-02-10",
        "commitResults": []
      },
      {
        "insertions": 0,
        "deletions": 0,
        "date": "2019-02-11",
        "commitResults": []
      },
      {
        "insertions": 0,
        "deletions": 0,
        "date": "2019-02-12",
        "commitResults": []
      },
      {
        "insertions": 0,
        "deletions": 0,
        "date": "2019-02-13",
        "commitResults": []
      },
      {
        "insertions": 0,
        "deletions": 0,
        "date": "2019-02-14",
        "commitResults": []
      },
      {
        "insertions": 0,
        "deletions": 0,
        "date": "2019-02-15",
        "commitResults": []
      },
      {
        "insertions": 0,
        "deletions": 0,
        "date": "2019-02-16",
        "commitResults": []
      },
      {
        "insertions": 0,
        "deletions": 0,
        "date": "2019-02-17",
        "commitResults": []
      },
      {
        "insertions": 41,
        "deletions": 32,
        "date": "2019-02-18",
        "commitResults": [
          {
            "hash": "daccca9de5568c53f6295caf3a74ab364e0bf994",
            "message": "Update README.adoc",
            "insertions": 1,
            "deletions": 2
          },
          {
            "hash": "35af7b1fb08d44a4fa2d833d04aa379fb466791c",
            "message": "Update build.gradle",
            "insertions": 2,
            "deletions": 2
          },
          {
            "hash": "a5a2a6f02215e7073b1c4d6daf379a6eab7235d0",
            "message": "Update README.adoc",
            "insertions": 1,
            "deletions": 1
          },
          {
            "hash": "ee95b0bce50f2257f84bd98baf14cb93da924854",
            "message": "Add files via upload",
            "insertions": 1,
            "deletions": 1
          },
          {
            "hash": "5ab92affb97048ffc8097b068cca09b9f6a16c0f",
            "message": "Add files via upload",
            "insertions": 1,
            "deletions": 0
          },
          {
            "hash": "ad7359850d4510788d66dd6cb10cfa57c17761f5",
            "message": "Add files via upload",
            "insertions": 29,
            "deletions": 26
          },
          {
            "hash": "f6f792d6f5463471dda12f6a63e430bf08e74f39",
            "message": "Add files via upload",
            "insertions": 6,
            "deletions": 0
          }
        ]
      },
      {
        "insertions": 69,
        "deletions": 81,
        "date": "2019-02-19",
        "commitResults": [
          {
            "hash": "69b79c8a11545352eb5d302883b6dfda079a189d",
            "message": "Add files via upload",
            "insertions": 28,
            "deletions": 29
          },
          {
            "hash": "13c04e72b216d3c505c8b855da052599e9b36165",
            "message": "upload developer guide",
            "insertions": 41,
            "deletions": 52
          }
        ]
      },
      {
        "insertions": 0,
        "deletions": 0,
        "date": "2019-02-20",
        "commitResults": []
      },
      {
        "insertions": 0,
        "deletions": 0,
        "date": "2019-02-21",
        "commitResults": []
      },
      {
        "insertions": 0,
        "deletions": 0,
        "date": "2019-02-22",
        "commitResults": []
      },
      {
        "insertions": 0,
        "deletions": 0,
        "date": "2019-02-23",
        "commitResults": []
      },
      {
        "insertions": 0,
        "deletions": 0,
        "date": "2019-02-24",
        "commitResults": []
      },
      {
        "insertions": 8,
        "deletions": 6,
        "date": "2019-02-25",
        "commitResults": [
          {
            "hash": "f3a4417e035d8e16beb5123b1b9633eee60ca24f",
            "message": "Update UserGuide.adoc",
            "insertions": 7,
            "deletions": 5
          },
          {
            "hash": "e5651d0f78836595c8d576168170859f600ef13c",
            "message": "Update UserGuide.adoc",
            "insertions": 1,
            "deletions": 1
          }
        ]
      },
      {
        "insertions": 0,
        "deletions": 0,
        "date": "2019-02-26",
        "commitResults": []
      },
      {
        "insertions": 0,
        "deletions": 0,
        "date": "2019-02-27",
        "commitResults": []
      },
      {
        "insertions": 0,
        "deletions": 0,
        "date": "2019-02-28",
        "commitResults": []
      },
      {
        "insertions": 11,
        "deletions": 25,
        "date": "2019-03-01",
        "commitResults": [
          {
            "hash": "7e6f64dbaca28d58f5412bf0131a2f37a9c4abc8",
            "message": "minor changes to user guide",
            "insertions": 11,
            "deletions": 25
          }
        ]
      },
      {
        "insertions": 0,
        "deletions": 0,
        "date": "2019-03-02",
        "commitResults": []
      },
      {
        "insertions": 0,
        "deletions": 0,
        "date": "2019-03-03",
        "commitResults": []
      },
      {
        "insertions": 18,
        "deletions": 18,
        "date": "2019-03-04",
        "commitResults": [
          {
            "hash": "fde6543a2d6bd054e27802aa79975c9f39766773",
            "message": "minor change",
            "insertions": 18,
            "deletions": 18
          }
        ]
      },
      {
        "insertions": 0,
        "deletions": 0,
        "date": "2019-03-05",
        "commitResults": []
      },
      {
        "insertions": 97,
        "deletions": 96,
        "date": "2019-03-06",
        "commitResults": [
          {
            "hash": "d7dfef041db9207b97ee4e1d0429f451dad873ee",
            "message": "some refactor",
            "insertions": 97,
            "deletions": 96
          }
        ]
      },
      {
        "insertions": 2019,
        "deletions": 395,
        "date": "2019-03-07",
        "commitResults": [
          {
            "hash": "32f8ea65ebc521b4ef5a587839f3951fbf69332b",
            "message": "addBookCommand, update some test partially",
            "insertions": 2019,
            "deletions": 395
          }
        ]
      },
      {
        "insertions": 1634,
        "deletions": 391,
        "date": "2019-03-08",
        "commitResults": [
          {
            "hash": "fd93b02d1757576127f30681a7db06ee01d1a06f",
            "message": "coding style fix",
            "insertions": 50,
            "deletions": 20
          },
          {
            "hash": "0ef7dc1a4ed0f58ecde8d1dc4f5d02a589dde44b",
            "message": "minor format fix",
            "insertions": 8,
            "deletions": 5
          },
          {
            "hash": "571c21a0bd738482b7265bf00e874e979c4dfd06",
            "message": "style fix",
            "insertions": 23,
            "deletions": 25
          },
          {
            "hash": "62211a360edd23d7b16bc91c272ae8406685f4e1",
            "message": "fix import order",
            "insertions": 1,
            "deletions": 1
          },
          {
            "hash": "977b775269291fcbe0c2acc00e3ff53e911880ad",
            "message": "update instances of book",
            "insertions": 39,
            "deletions": 17
          },
          {
            "hash": "d34124c1f8be4186c602b34e3888958eb2711ec3",
            "message": "minor letter fix",
            "insertions": 2,
            "deletions": 2
          },
          {
            "hash": "36b505ee3d05f4cb73b21d6863613b787379bef1",
            "message": "update test for model book",
            "insertions": 920,
            "deletions": 14
          },
          {
            "hash": "ab14703a98b8ebc3ee9d597a0a58642ea4a52d69",
            "message": "no message",
            "insertions": 1,
            "deletions": 1
          },
          {
            "hash": "0e889c41834f52d05ba2ee0eb9c744539fbc16ae",
            "message": "no message",
            "insertions": 13,
            "deletions": 13
          },
          {
            "hash": "1a5ba4d482b6aae8e025bbc80f2c7e3286f3a30c",
            "message": "no message",
            "insertions": 10,
            "deletions": 10
          },
          {
            "hash": "82a605418eb183cc3d6b4597636b4d553528ad87",
            "message": "update user guide",
            "insertions": 16,
            "deletions": 7
          },
          {
            "hash": "5f5c0d94d36cccf8edd745e13164507440b0d2e2",
            "message": "add check for book name contains exact keywords",
            "insertions": 118,
            "deletions": 0
          },
          {
            "hash": "3c6ec3ba0268edf0fd5aff2cb9a6ee09c3c605e9",
            "message": "prepare for edit command update",
            "insertions": 88,
            "deletions": 1
          },
          {
            "hash": "b404f7f6dd34b4c3908d2ac176443a9fe39cd994",
            "message": "update model to involve book search by exact name",
            "insertions": 343,
            "deletions": 264
          },
          {
            "hash": "b85f4dd7ba4c5cc5cb8bc98830cfbf8fc82160fd",
            "message": "no message",
            "insertions": 2,
            "deletions": 7
          },
          {
            "hash": "e2b095b293711833a414ce5725cb303c5926d8a9",
            "message": "no message",
            "insertions": 0,
            "deletions": 4
          }
        ]
      },
      {
        "insertions": 0,
        "deletions": 0,
        "date": "2019-03-09",
        "commitResults": []
      },
      {
        "insertions": 753,
        "deletions": 119,
        "date": "2019-03-10",
        "commitResults": [
          {
            "hash": "ff202f975a170835965a29f0dd8fbec6560c2c0b",
            "message": "update EditBook Command",
            "insertions": 693,
            "deletions": 55
          },
          {
            "hash": "e1444ac20d5ff1dba4513970e98ae8b1574bee68",
            "message": "no message",
            "insertions": 3,
            "deletions": 22
          },
          {
            "hash": "800b514bf7318c046f73535a65e5c5da7d17f25a",
            "message": "no message",
            "insertions": 1,
            "deletions": 1
          },
          {
            "hash": "2d494732848e3f30d5d1633fcfad52068c05c709",
            "message": "no message",
            "insertions": 1,
            "deletions": 1
          },
          {
            "hash": "9d19a60679b723fec8f77d000777357903d0ef7f",
            "message": "no message",
            "insertions": 45,
            "deletions": 31
          },
          {
            "hash": "2716ff06898e1572806511bc114e53b69d7fabf4",
            "message": "no message",
            "insertions": 3,
            "deletions": 3
          },
          {
            "hash": "a5a4d40300fdf1ecb632bde111de7dda7dac3436",
            "message": "no message",
            "insertions": 6,
            "deletions": 5
          },
          {
            "hash": "7e709f8bbc3ebdc9fd47a78ba21a902bf135cfe6",
            "message": "no message",
            "insertions": 1,
            "deletions": 1
          }
        ]
      },
      {
        "insertions": 18,
        "deletions": 17,
        "date": "2019-03-11",
        "commitResults": [
          {
            "hash": "b5e0e5fd1325eefc41ee111f9532f4926f69bee8",
            "message": "fix typo in UG",
            "insertions": 18,
            "deletions": 17
          }
        ]
      },
      {
        "insertions": 0,
        "deletions": 0,
        "date": "2019-03-12",
        "commitResults": []
      },
      {
        "insertions": 0,
        "deletions": 0,
        "date": "2019-03-13",
        "commitResults": []
      },
      {
        "insertions": 0,
        "deletions": 0,
        "date": "2019-03-14",
        "commitResults": []
      },
      {
        "insertions": 439,
        "deletions": 79,
        "date": "2019-03-15",
        "commitResults": [
          {
            "hash": "2f626c41b9d155a190df462f164e212082d66d56",
            "message": "update deletebook command",
            "insertions": 369,
            "deletions": 6
          },
          {
            "hash": "4da08d1a7a892b3ca29bd63cf4e4c1216aef2d33",
            "message": "minor typo fix",
            "insertions": 3,
            "deletions": 3
          },
          {
            "hash": "6455de1f53bfc1754ea4e7ef1ab9686baeb3d65a",
            "message": "typo fix",
            "insertions": 63,
            "deletions": 64
          },
          {
            "hash": "16da0721eff0c4952313cfb39698d0990b1de4ca",
            "message": "style fix",
            "insertions": 4,
            "deletions": 6
          }
        ]
      },
      {
        "insertions": 115,
        "deletions": 240,
        "date": "2019-03-16",
        "commitResults": [
          {
            "hash": "7e65fe902ebd42c7ea272f450562ab3a7e35c4fd",
            "message": "update redo undo and history",
            "insertions": 30,
            "deletions": 21
          },
          {
            "hash": "1eee8417455c7505a25d287f9392d46e00e39c21",
            "message": "update UG and DG",
            "insertions": 46,
            "deletions": 181
          },
          {
            "hash": "475b6e45bebbb720d1ceaf2f5f75be9be0b1d026",
            "message": "name change and adjust logic for same book",
            "insertions": 37,
            "deletions": 30
          },
          {
            "hash": "c8c0d52a36d4ba1d5ea83074327504c4cf55049d",
            "message": "bug fix",
            "insertions": 1,
            "deletions": 6
          },
          {
            "hash": "d41934b1655d5eaf548520801b1e3247e843a913",
            "message": "bug fix",
            "insertions": 1,
            "deletions": 2
          }
        ]
      },
      {
        "insertions": 1,
        "deletions": 1,
        "date": "2019-03-17",
        "commitResults": [
          {
            "hash": "a90eed03f5539729c814d2fc17301ad7ff60fd19",
            "message": "Update DeveloperGuide.adoc",
            "insertions": 1,
            "deletions": 1
          }
        ]
      },
      {
        "insertions": 21,
        "deletions": 16,
        "date": "2019-03-18",
        "commitResults": [
          {
            "hash": "b3ac445e3ca6baa4ec8e075efc08b5f833825f26",
            "message": "update editbook test",
            "insertions": 21,
            "deletions": 16
          }
        ]
      },
      {
        "insertions": 331,
        "deletions": 80,
        "date": "2019-03-19",
        "commitResults": [
          {
            "hash": "630b02d442a603cb2b6a240f29e36e130c6112a4",
            "message": "temp",
            "insertions": 267,
            "deletions": 0
          },
          {
            "hash": "89f372fb73d1803c696eeff64ddd5ebf68f7eaec",
            "message": "update systemtest addBook",
            "insertions": 47,
            "deletions": 63
          },
          {
            "hash": "d20b1cfd41132f65a5930a6e661bb8757824ca56",
            "message": "style fix",
            "insertions": 1,
            "deletions": 1
          },
          {
            "hash": "d9d521b6082b6da1310e0764e5d6e47c4dfa74ee",
            "message": "style fix",
            "insertions": 5,
            "deletions": 5
          },
          {
            "hash": "62d574e9cae9cbf9fa350ecaededcf527e011ad1",
            "message": "style fix",
            "insertions": 4,
            "deletions": 4
          },
          {
            "hash": "54413a9703c5e5aa7f8a8de830912dbd45ed7e31",
            "message": "style fix",
            "insertions": 7,
            "deletions": 7
          }
        ]
      },
      {
        "insertions": 0,
        "deletions": 0,
        "date": "2019-03-20",
        "commitResults": []
      },
      {
        "insertions": 0,
        "deletions": 0,
        "date": "2019-03-21",
        "commitResults": []
      },
      {
        "insertions": 0,
        "deletions": 0,
        "date": "2019-03-22",
        "commitResults": []
      },
      {
        "insertions": 3,
        "deletions": 1,
        "date": "2019-03-23",
        "commitResults": [
          {
            "hash": "02ce5e9e0115d0a178b2d5ce50068b0ecb2b89f7",
            "message": "minor change",
            "insertions": 3,
            "deletions": 1
          }
        ]
      },
      {
        "insertions": 740,
        "deletions": 453,
        "date": "2019-03-24",
        "commitResults": [
          {
            "hash": "0b22a1024d51a9c52fd3d9396792dbd242229937",
            "message": "update command format and test",
            "insertions": 678,
            "deletions": 378
          },
          {
            "hash": "f5d40cecb743f9331c349842e0d1fca3f0f506c9",
            "message": "no message",
            "insertions": 16,
            "deletions": 16
          },
          {
            "hash": "8baff0a919b30df575a0dbc69256923dbb4c1e1b",
            "message": "style fix",
            "insertions": 7,
            "deletions": 15
          },
          {
            "hash": "ca9d336a935a84c4244e22d61c991cc2d996b5b0",
            "message": "style fix",
            "insertions": 1,
            "deletions": 1
          },
          {
            "hash": "545b390bca40fc924bd615fcd6aa3821405ab06f",
            "message": "no message",
            "insertions": 0,
            "deletions": 2
          },
          {
            "hash": "6c1de7061584c5b7efc8b97e5def1a35bafc818e",
            "message": "style fix",
            "insertions": 1,
            "deletions": 5
          },
          {
            "hash": "a22a8f6698700edb6dcd124220a10e2f457e5add",
            "message": "style fix",
            "insertions": 2,
            "deletions": 2
          },
          {
            "hash": "3fd6548b8ca99700183c6791e29cfbd2099efe4d",
            "message": "style fix",
            "insertions": 0,
            "deletions": 4
          },
          {
            "hash": "18a3e9e2d207bbe5d1481733c531722938330ce5",
            "message": "style fix",
            "insertions": 35,
            "deletions": 28
          },
          {
            "hash": "ccc361c2fdcdfb0e8f7032085adb8f6b6fc48ffc",
            "message": "style fix",
            "insertions": 0,
            "deletions": 2
          }
        ]
      }
    ]
  },
  "authorFinalContributionMap": {
    "Miaaaaa97": 9,
    "Jiangqinhua": 1,
    "EleenYang": 2812,
    "0blivious": 4448
  },
  "authorContributionVariance": {
    "Miaaaaa97": 1.4537592,
    "Jiangqinhua": 0.09085992,
    "EleenYang": 99318.555,
    "0blivious": 258533.81
  },
  "authorDisplayNameMap": {
    "Miaaaaa97": "ZHA...EZE",
    "Jiangqinhua": "JIA...HUA",
    "EleenYang": "YAN...HAN",
    "0blivious": "LIU...WEN"
  }
}
