{
  "authorDailyContributionsMap": {
    "ChenWenCUHK": [
      {
        "insertions": 0,
        "deletions": 0,
        "date": "2019-02-10",
        "commitResults": []
      },
      {
        "insertions": 0,
        "deletions": 0,
        "date": "2019-02-11",
        "commitResults": []
      },
      {
        "insertions": 0,
        "deletions": 0,
        "date": "2019-02-12",
        "commitResults": []
      },
      {
        "insertions": 0,
        "deletions": 0,
        "date": "2019-02-13",
        "commitResults": []
      },
      {
        "insertions": 0,
        "deletions": 0,
        "date": "2019-02-14",
        "commitResults": []
      },
      {
        "insertions": 0,
        "deletions": 0,
        "date": "2019-02-15",
        "commitResults": []
      },
      {
        "insertions": 0,
        "deletions": 0,
        "date": "2019-02-16",
        "commitResults": []
      },
      {
        "insertions": 6,
        "deletions": 6,
        "date": "2019-02-17",
        "commitResults": [
          {
            "hash": "4e53b7ccdb39c3e017f8e0f231b67107416eb49e",
            "message": "Update AboutUs file",
            "insertions": 2,
            "deletions": 2
          },
          {
            "hash": "ec79a4ebb191a8154cec0546e6de4a04ccaa2940",
            "message": "change photo in AboutUs",
            "insertions": 1,
            "deletions": 1
          },
          {
            "hash": "c22dd9bcad5e31290def280853fe3c65bc295c78",
            "message": "update photo",
            "insertions": 1,
            "deletions": 1
          },
          {
            "hash": "1e647d101f4072f9f329b406a46e6329397c46bd",
            "message": "update links",
            "insertions": 1,
            "deletions": 1
          },
          {
            "hash": "878d9faa8fad3a9e6e7559b5378844be2e1835aa",
            "message": "update link again",
            "insertions": 1,
            "deletions": 1
          }
        ]
      },
      {
        "insertions": 0,
        "deletions": 0,
        "date": "2019-02-18",
        "commitResults": []
      },
      {
        "insertions": 0,
        "deletions": 0,
        "date": "2019-02-19",
        "commitResults": []
      },
      {
        "insertions": 0,
        "deletions": 0,
        "date": "2019-02-20",
        "commitResults": []
      },
      {
        "insertions": 0,
        "deletions": 0,
        "date": "2019-02-21",
        "commitResults": []
      },
      {
        "insertions": 0,
        "deletions": 0,
        "date": "2019-02-22",
        "commitResults": []
      },
      {
        "insertions": 0,
        "deletions": 0,
        "date": "2019-02-23",
        "commitResults": []
      },
      {
        "insertions": 0,
        "deletions": 0,
        "date": "2019-02-24",
        "commitResults": []
      },
      {
        "insertions": 0,
        "deletions": 0,
        "date": "2019-02-25",
        "commitResults": []
      },
      {
        "insertions": 0,
        "deletions": 0,
        "date": "2019-02-26",
        "commitResults": []
      },
      {
        "insertions": 0,
        "deletions": 0,
        "date": "2019-02-27",
        "commitResults": []
      },
      {
        "insertions": 0,
        "deletions": 0,
        "date": "2019-02-28",
        "commitResults": []
      },
      {
        "insertions": 0,
        "deletions": 0,
        "date": "2019-03-01",
        "commitResults": []
      },
      {
        "insertions": 0,
        "deletions": 0,
        "date": "2019-03-02",
        "commitResults": []
      },
      {
        "insertions": 0,
        "deletions": 0,
        "date": "2019-03-03",
        "commitResults": []
      },
      {
        "insertions": 0,
        "deletions": 0,
        "date": "2019-03-04",
        "commitResults": []
      },
      {
        "insertions": 115,
        "deletions": 25,
        "date": "2019-03-05",
        "commitResults": [
          {
            "hash": "3120918611252d5a96e57cb6ef1255644c287267",
            "message": "add pin command",
            "insertions": 114,
            "deletions": 0
          },
          {
            "hash": "da433e98b451ceeeb2dc87bbc4b5a93294275ec2",
            "message": "fix minor bugs",
            "insertions": 0,
            "deletions": 2
          },
          {
            "hash": "1f1f0e192516274b51671d42e6d17180b8718931",
            "message": "follow standards",
            "insertions": 1,
            "deletions": 1
          },
          {
            "hash": "c1a108d682bf1ba694a949165c02d71ec78abcd1",
            "message": "fix minor bugs",
            "insertions": 0,
            "deletions": 22
          }
        ]
      },
      {
        "insertions": 0,
        "deletions": 0,
        "date": "2019-03-06",
        "commitResults": []
      },
      {
        "insertions": 0,
        "deletions": 0,
        "date": "2019-03-07",
        "commitResults": []
      },
      {
        "insertions": 0,
        "deletions": 0,
        "date": "2019-03-08",
        "commitResults": []
      },
      {
        "insertions": 0,
        "deletions": 0,
        "date": "2019-03-09",
        "commitResults": []
      },
      {
        "insertions": 0,
        "deletions": 0,
        "date": "2019-03-10",
        "commitResults": []
      },
      {
        "insertions": 0,
        "deletions": 0,
        "date": "2019-03-11",
        "commitResults": []
      },
      {
        "insertions": 0,
        "deletions": 0,
        "date": "2019-03-12",
        "commitResults": []
      },
      {
        "insertions": 0,
        "deletions": 0,
        "date": "2019-03-13",
        "commitResults": []
      },
      {
        "insertions": 0,
        "deletions": 0,
        "date": "2019-03-14",
        "commitResults": []
      },
      {
        "insertions": 0,
        "deletions": 0,
        "date": "2019-03-15",
        "commitResults": []
      },
      {
        "insertions": 0,
        "deletions": 0,
        "date": "2019-03-16",
        "commitResults": []
      },
      {
        "insertions": 0,
        "deletions": 0,
        "date": "2019-03-17",
        "commitResults": []
      },
      {
        "insertions": 0,
        "deletions": 0,
        "date": "2019-03-18",
        "commitResults": []
      },
      {
        "insertions": 246,
        "deletions": 127,
        "date": "2019-03-19",
        "commitResults": [
          {
            "hash": "70e23145cd76c5011c00a158fbb21ccdb70c7f73",
            "message": "Add pin and unpin command",
            "insertions": 123,
            "deletions": 4
          },
          {
            "hash": "b7cde1a8eb51863de8f0ae81d66d296ebf4bd12d",
            "message": "Delete redundant methods",
            "insertions": 0,
            "deletions": 10
          },
          {
            "hash": "f7b66b4dce02fbde5f959c6dd4b667a97ab14f8d",
            "message": "fix minor bugs",
            "insertions": 23,
            "deletions": 13
          },
          {
            "hash": "9c1e2a7636078c730ee87e749eeecf34470a8c6c",
            "message": "fix minor bugs 2",
            "insertions": 7,
            "deletions": 7
          },
          {
            "hash": "b36cbae76428bb77569bb4a5a32ea4e4b5ab4d5d",
            "message": "Add PinCommand test cases",
            "insertions": 79,
            "deletions": 0
          },
          {
            "hash": "f4685b77d0c41dc2fcfd93d059d764c5fb55033f",
            "message": "Fix minor bugs",
            "insertions": 6,
            "deletions": 16
          },
          {
            "hash": "54440829d0e9698676ecaceb029950494a3b3875",
            "message": "Fix minor bugs 2",
            "insertions": 3,
            "deletions": 4
          },
          {
            "hash": "2274a67b10fb284b438d974291adcf526d609c3b",
            "message": "Fix minor bugs 3",
            "insertions": 3,
            "deletions": 2
          },
          {
            "hash": "dda2c051adfd89a046c89d11f86b600ea85444e1",
            "message": "Fix minor bugs 4",
            "insertions": 2,
            "deletions": 3
          },
          {
            "hash": "e83a15f41f5f04f2532aa7faab622431f898e9d3",
            "message": "Delete PinCommand test file",
            "insertions": 0,
            "deletions": 44
          },
          {
            "hash": "61a59b349c46b657a41f8ca445d67ba4f43a9b16",
            "message": "Delete UnpinCommand test file",
            "insertions": 0,
            "deletions": 24
          }
        ]
      },
      {
        "insertions": 0,
        "deletions": 0,
        "date": "2019-03-20",
        "commitResults": []
      },
      {
        "insertions": 0,
        "deletions": 0,
        "date": "2019-03-21",
        "commitResults": []
      },
      {
        "insertions": 0,
        "deletions": 0,
        "date": "2019-03-22",
        "commitResults": []
      },
      {
        "insertions": 0,
        "deletions": 0,
        "date": "2019-03-23",
        "commitResults": []
      },
      {
        "insertions": 0,
        "deletions": 0,
        "date": "2019-03-24",
        "commitResults": []
      },
      {
        "insertions": 0,
        "deletions": 0,
        "date": "2019-03-25",
        "commitResults": []
      },
      {
        "insertions": 1156,
        "deletions": 115,
        "date": "2019-03-26",
        "commitResults": [
          {
            "hash": "978a245c63399bbe0e22450bfc7dedcfac264457",
            "message": "finish UI part of pin list",
            "insertions": 866,
            "deletions": 32
          },
          {
            "hash": "cbd5511dc58bfa372cfb9c0f37bdb13cff8f71bb",
            "message": "fix minor bugs",
            "insertions": 18,
            "deletions": 15
          },
          {
            "hash": "7efe388e2f4d70e3d18ccd6ca1a8140470c2a731",
            "message": "fix minor bugs2",
            "insertions": 9,
            "deletions": 9
          },
          {
            "hash": "c58cdaf2132bec0b0bbe50afce4363c38681d5a5",
            "message": "fix minor bugs in test files",
            "insertions": 219,
            "deletions": 37
          },
          {
            "hash": "b5858fc42c491e9cc4a7aff723df3dcb5f9e0ed1",
            "message": "fix minor bugs in test files2",
            "insertions": 44,
            "deletions": 22
          }
        ]
      },
      {
        "insertions": 0,
        "deletions": 0,
        "date": "2019-03-27",
        "commitResults": []
      },
      {
        "insertions": 0,
        "deletions": 0,
        "date": "2019-03-28",
        "commitResults": []
      },
      {
        "insertions": 255,
        "deletions": 42,
        "date": "2019-03-29",
        "commitResults": [
          {
            "hash": "e7e089aafa17c2f2c6a83724baaad52ea5decd62",
            "message": "try to pass system test",
            "insertions": 255,
            "deletions": 42
          }
        ]
      },
      {
        "insertions": 0,
        "deletions": 0,
        "date": "2019-03-30",
        "commitResults": []
      },
      {
        "insertions": 388,
        "deletions": 91,
        "date": "2019-03-31",
        "commitResults": [
          {
            "hash": "b3dde7a514a04f43de33a96d11e91967d8d21fd2",
            "message": "system test adjustments",
            "insertions": 49,
            "deletions": 22
          },
          {
            "hash": "b8a92db3a92fc316bdc3a22be8d88f31c089adea",
            "message": "fix minor bugs",
            "insertions": 312,
            "deletions": 2
          },
          {
            "hash": "67e696a17ea756ea2a987b492f56b9f6698602ee",
            "message": "checkstyle fix",
            "insertions": 0,
            "deletions": 1
          },
          {
            "hash": "eb7bf2707466586c59a24392608de21a41c4d73e",
            "message": "checkstyle fix",
            "insertions": 3,
            "deletions": 3
          },
          {
            "hash": "402be7d8f846a714eec16f7be2e3f58d278b0d03",
            "message": "checkstyle fix",
            "insertions": 0,
            "deletions": 5
          },
          {
            "hash": "edd3d4ffaef0fd4f70a70b7694e78bee91df0fc5",
            "message": "conflict fix",
            "insertions": 10,
            "deletions": 49
          },
          {
            "hash": "9e1b8cc843a858d5ea274032fffafd82b06b5c76",
            "message": "fix a bug",
            "insertions": 5,
            "deletions": 0
          },
          {
            "hash": "5f263ca6630923de98713a310b4eba72cdce95ab",
            "message": "checkstyle",
            "insertions": 3,
            "deletions": 3
          },
          {
            "hash": "dcaa47afab435b1e96b69748082e3a513b139d44",
            "message": "checkstyle",
            "insertions": 1,
            "deletions": 0
          },
          {
            "hash": "e193448b165629d7ebfeb51aabbbaf83ac49cf02",
            "message": "checkstyle in test files",
            "insertions": 5,
            "deletions": 6
          }
        ]
      },
      {
        "insertions": 0,
        "deletions": 0,
        "date": "2019-04-01",
        "commitResults": []
      },
      {
        "insertions": 0,
        "deletions": 0,
        "date": "2019-04-02",
        "commitResults": []
      }
    ],
    "tanlongbin": [
      {
        "insertions": 0,
        "deletions": 0,
        "date": "2019-02-10",
        "commitResults": []
      },
      {
        "insertions": 0,
        "deletions": 0,
        "date": "2019-02-11",
        "commitResults": []
      },
      {
        "insertions": 5,
        "deletions": 5,
        "date": "2019-02-12",
        "commitResults": [
          {
            "hash": "1db09856ba54e2f879d07c80f528ceaafd6c4673",
            "message": "Update product name in readme.adoc and modified Ui.png",
            "insertions": 5,
            "deletions": 5
          }
        ]
      },
      {
        "insertions": 0,
        "deletions": 0,
        "date": "2019-02-13",
        "commitResults": []
      },
      {
        "insertions": 0,
        "deletions": 0,
        "date": "2019-02-14",
        "commitResults": []
      },
      {
        "insertions": 0,
        "deletions": 0,
        "date": "2019-02-15",
        "commitResults": []
      },
      {
        "insertions": 0,
        "deletions": 0,
        "date": "2019-02-16",
        "commitResults": []
      },
      {
        "insertions": 3,
        "deletions": 3,
        "date": "2019-02-17",
        "commitResults": [
          {
            "hash": "0d93d5735c15ce2887b2db6689a16f0340ae0dd4",
            "message": "update AboutUs.adoc and add photo for tanlongbin.",
            "insertions": 3,
            "deletions": 3
          }
        ]
      },
      {
        "insertions": 0,
        "deletions": 0,
        "date": "2019-02-18",
        "commitResults": []
      },
      {
        "insertions": 0,
        "deletions": 0,
        "date": "2019-02-19",
        "commitResults": []
      },
      {
        "insertions": 0,
        "deletions": 0,
        "date": "2019-02-20",
        "commitResults": []
      },
      {
        "insertions": 0,
        "deletions": 0,
        "date": "2019-02-21",
        "commitResults": []
      },
      {
        "insertions": 0,
        "deletions": 0,
        "date": "2019-02-22",
        "commitResults": []
      },
      {
        "insertions": 0,
        "deletions": 0,
        "date": "2019-02-23",
        "commitResults": []
      },
      {
        "insertions": 0,
        "deletions": 0,
        "date": "2019-02-24",
        "commitResults": []
      },
      {
        "insertions": 0,
        "deletions": 0,
        "date": "2019-02-25",
        "commitResults": []
      },
      {
        "insertions": 0,
        "deletions": 0,
        "date": "2019-02-26",
        "commitResults": []
      },
      {
        "insertions": 0,
        "deletions": 0,
        "date": "2019-02-27",
        "commitResults": []
      },
      {
        "insertions": 0,
        "deletions": 0,
        "date": "2019-02-28",
        "commitResults": []
      },
      {
        "insertions": 0,
        "deletions": 0,
        "date": "2019-03-01",
        "commitResults": []
      },
      {
        "insertions": 0,
        "deletions": 0,
        "date": "2019-03-02",
        "commitResults": []
      },
      {
        "insertions": 0,
        "deletions": 0,
        "date": "2019-03-03",
        "commitResults": []
      },
      {
        "insertions": 0,
        "deletions": 0,
        "date": "2019-03-04",
        "commitResults": []
      },
      {
        "insertions": 47,
        "deletions": 0,
        "date": "2019-03-05",
        "commitResults": [
          {
            "hash": "e1fb39132db1f5f54f6839ff82b2f9cef169f141",
            "message": "add SortCommand class to implement a sort method.",
            "insertions": 47,
            "deletions": 0
          }
        ]
      },
      {
        "insertions": 0,
        "deletions": 0,
        "date": "2019-03-06",
        "commitResults": []
      },
      {
        "insertions": 0,
        "deletions": 0,
        "date": "2019-03-07",
        "commitResults": []
      },
      {
        "insertions": 0,
        "deletions": 0,
        "date": "2019-03-08",
        "commitResults": []
      },
      {
        "insertions": 0,
        "deletions": 0,
        "date": "2019-03-09",
        "commitResults": []
      },
      {
        "insertions": 0,
        "deletions": 0,
        "date": "2019-03-10",
        "commitResults": []
      },
      {
        "insertions": 0,
        "deletions": 0,
        "date": "2019-03-11",
        "commitResults": []
      },
      {
        "insertions": 0,
        "deletions": 0,
        "date": "2019-03-12",
        "commitResults": []
      },
      {
        "insertions": 0,
        "deletions": 0,
        "date": "2019-03-13",
        "commitResults": []
      },
      {
        "insertions": 0,
        "deletions": 0,
        "date": "2019-03-14",
        "commitResults": []
      },
      {
        "insertions": 0,
        "deletions": 0,
        "date": "2019-03-15",
        "commitResults": []
      },
      {
        "insertions": 0,
        "deletions": 0,
        "date": "2019-03-16",
        "commitResults": []
      },
      {
        "insertions": 0,
        "deletions": 0,
        "date": "2019-03-17",
        "commitResults": []
      },
      {
        "insertions": 0,
        "deletions": 0,
        "date": "2019-03-18",
        "commitResults": []
      },
      {
        "insertions": 1012,
        "deletions": 198,
        "date": "2019-03-19",
        "commitResults": [
          {
            "hash": "091dacb14e64814666fd229101986ca2056a17b5",
            "message": "Modify Add command.",
            "insertions": 260,
            "deletions": 10
          },
          {
            "hash": "39b7b95074ceac4a47a8792ca9783a8d18c7c3b5",
            "message": "Amend checkstyle errors",
            "insertions": 23,
            "deletions": 21
          },
          {
            "hash": "239a9acec778d290c97f0e220760c37589fdc2dc",
            "message": "Amend checkstyle errors",
            "insertions": 3,
            "deletions": 5
          },
          {
            "hash": "7543b9072826455b454a205f120d018305b42269",
            "message": "Amend checkstyle errors.",
            "insertions": 0,
            "deletions": 3
          },
          {
            "hash": "50555f8415bbbfd31dfbe6380f21ab8427bb026c",
            "message": "Amend Edit command.",
            "insertions": 78,
            "deletions": 12
          },
          {
            "hash": "b75687ef7883609a0723de90a90f41484e2a16bf",
            "message": "Amend checkstyle error.",
            "insertions": 4,
            "deletions": 2
          },
          {
            "hash": "3298c8cdc6045b5db0e2d443670db4c6ffba7fe2",
            "message": "Amend checkstyle error.",
            "insertions": 1,
            "deletions": 1
          },
          {
            "hash": "a4d7bc666efa354a4590291931a666684cd5263a",
            "message": "Roll back modifications to add and edit command to allow more time for debugging.",
            "insertions": 613,
            "deletions": 114
          },
          {
            "hash": "77c042b3f3cf81c85ff3d57b6e60793ede20d003",
            "message": "Amend Checkstyle errors.",
            "insertions": 29,
            "deletions": 29
          },
          {
            "hash": "1250b04159530d7fbe21564aa60b833037eab972",
            "message": "Improve code quality.",
            "insertions": 1,
            "deletions": 1
          }
        ]
      },
      {
        "insertions": 0,
        "deletions": 0,
        "date": "2019-03-20",
        "commitResults": []
      },
      {
        "insertions": 0,
        "deletions": 0,
        "date": "2019-03-21",
        "commitResults": []
      },
      {
        "insertions": 0,
        "deletions": 0,
        "date": "2019-03-22",
        "commitResults": []
      },
      {
        "insertions": 0,
        "deletions": 0,
        "date": "2019-03-23",
        "commitResults": []
      },
      {
        "insertions": 0,
        "deletions": 0,
        "date": "2019-03-24",
        "commitResults": []
      },
      {
        "insertions": 0,
        "deletions": 0,
        "date": "2019-03-25",
        "commitResults": []
      },
      {
        "insertions": 34,
        "deletions": 9,
        "date": "2019-03-26",
        "commitResults": [
          {
            "hash": "945b1d9bc1a107f0310f3d2b2dd7bb509f8db15c",
            "message": "Update User Guide for Add command.",
            "insertions": 8,
            "deletions": 8
          },
          {
            "hash": "170c3c1e9a413cba3370d2b9d77e5f4d60dfdc7f",
            "message": "Update author names to be tracked by RepoSense.",
            "insertions": 25,
            "deletions": 0
          },
          {
            "hash": "c30d2109c4bc4399ec90a8b49188aa962ecc71bb",
            "message": "Amend Checkstyle error",
            "insertions": 1,
            "deletions": 1
          }
        ]
      },
      {
        "insertions": 0,
        "deletions": 0,
        "date": "2019-03-27",
        "commitResults": []
      },
      {
        "insertions": 0,
        "deletions": 0,
        "date": "2019-03-28",
        "commitResults": []
      },
      {
        "insertions": 0,
        "deletions": 0,
        "date": "2019-03-29",
        "commitResults": []
      },
      {
        "insertions": 0,
        "deletions": 0,
        "date": "2019-03-30",
        "commitResults": []
      },
      {
        "insertions": 0,
        "deletions": 0,
        "date": "2019-03-31",
        "commitResults": []
      },
      {
        "insertions": 0,
        "deletions": 0,
        "date": "2019-04-01",
        "commitResults": []
      },
      {
        "insertions": 0,
        "deletions": 0,
        "date": "2019-04-02",
        "commitResults": []
      }
    ],
    "yongxiang1095": [
      {
        "insertions": 0,
        "deletions": 0,
        "date": "2019-02-10",
        "commitResults": []
      },
      {
        "insertions": 0,
        "deletions": 0,
        "date": "2019-02-11",
        "commitResults": []
      },
      {
        "insertions": 0,
        "deletions": 0,
        "date": "2019-02-12",
        "commitResults": []
      },
      {
        "insertions": 0,
        "deletions": 0,
        "date": "2019-02-13",
        "commitResults": []
      },
      {
        "insertions": 0,
        "deletions": 0,
        "date": "2019-02-14",
        "commitResults": []
      },
      {
        "insertions": 3,
        "deletions": 8,
        "date": "2019-02-15",
        "commitResults": [
          {
            "hash": "814dbe3573e0514eb1eb066e712bd9845645dca4",
            "message": "README.adoc: Update badges and remove unnecessary descriptions",
            "insertions": 3,
            "deletions": 8
          }
        ]
      },
      {
        "insertions": 0,
        "deletions": 0,
        "date": "2019-02-16",
        "commitResults": []
      },
      {
        "insertions": 5,
        "deletions": 4,
        "date": "2019-02-17",
        "commitResults": [
          {
            "hash": "e6a86ba1661b81af646425c252885965560c3d55",
            "message": "Revert \"Uploaded a .png picture\"",
            "insertions": 2,
            "deletions": 1
          },
          {
            "hash": "f68ab3d0c31411fb03cb6b95e0fbdcc70d1f2f7d",
            "message": "AboutUs.adoc: Updated page",
            "insertions": 3,
            "deletions": 3
          }
        ]
      },
      {
        "insertions": 0,
        "deletions": 0,
        "date": "2019-02-18",
        "commitResults": []
      },
      {
        "insertions": 0,
        "deletions": 0,
        "date": "2019-02-19",
        "commitResults": []
      },
      {
        "insertions": 10,
        "deletions": 291,
        "date": "2019-02-20",
        "commitResults": [
          {
            "hash": "d2fc33f4c2246f151e38b1264aa4b385af944e66",
            "message": "Update documentation and remove unnecessary files",
            "insertions": 10,
            "deletions": 291
          }
        ]
      },
      {
        "insertions": 0,
        "deletions": 0,
        "date": "2019-02-21",
        "commitResults": []
      },
      {
        "insertions": 0,
        "deletions": 0,
        "date": "2019-02-22",
        "commitResults": []
      },
      {
        "insertions": 0,
        "deletions": 0,
        "date": "2019-02-23",
        "commitResults": []
      },
      {
        "insertions": 0,
        "deletions": 0,
        "date": "2019-02-24",
        "commitResults": []
      },
      {
        "insertions": 0,
        "deletions": 0,
        "date": "2019-02-25",
        "commitResults": []
      },
      {
        "insertions": 0,
        "deletions": 0,
        "date": "2019-02-26",
        "commitResults": []
      },
      {
        "insertions": 0,
        "deletions": 0,
        "date": "2019-02-27",
        "commitResults": []
      },
      {
        "insertions": 0,
        "deletions": 0,
        "date": "2019-02-28",
        "commitResults": []
      },
      {
        "insertions": 260,
        "deletions": 86,
        "date": "2019-03-01",
        "commitResults": [
          {
            "hash": "ab29d8aaeb19ab1d69f41c4a9c6b1892d64ec03d",
            "message": "Update UserGuide.adoc",
            "insertions": 234,
            "deletions": 60
          },
          {
            "hash": "893373d7f41002c0efda109b5c03f5dd3e818ba5",
            "message": "Update UserGuide.adoc: Correct minor mistakes",
            "insertions": 26,
            "deletions": 26
          }
        ]
      },
      {
        "insertions": 0,
        "deletions": 0,
        "date": "2019-03-02",
        "commitResults": []
      },
      {
        "insertions": 64,
        "deletions": 19,
        "date": "2019-03-03",
        "commitResults": [
          {
            "hash": "da7cdb8e316c97f5f2e463edc717629d2912e9b5",
            "message": "Update UserGuide.adoc: Fix minor formatting issues and correct certain wordings",
            "insertions": 9,
            "deletions": 4
          },
          {
            "hash": "7af97623d20872bdf275419044145a3d5ed6ab6a",
            "message": "Update DeveloperGuide.adoc: Update appendices and add User Stories",
            "insertions": 55,
            "deletions": 15
          }
        ]
      },
      {
        "insertions": 0,
        "deletions": 0,
        "date": "2019-03-04",
        "commitResults": []
      },
      {
        "insertions": 496,
        "deletions": 31,
        "date": "2019-03-05",
        "commitResults": [
          {
            "hash": "d8efabff85ff2cdffe1f80dbd6d951870f6cac4c",
            "message": "Update Developer Guide: Add use cases and user stories",
            "insertions": 361,
            "deletions": 29
          },
          {
            "hash": "22462311a920059ca7e8ccc9971567c270b0f96e",
            "message": "Add archive and archivelist commands (calls existing delete and list commands respectively)",
            "insertions": 128,
            "deletions": 0
          },
          {
            "hash": "70430f0ab612cc159441d74972e3e9e273a1fbe7",
            "message": "Fix error for AddCommandTest.java after adding archive command",
            "insertions": 5,
            "deletions": 0
          },
          {
            "hash": "8b2682ec4477b66cbaa3ae5ee2dd2388e89f7649",
            "message": "build.gradle: Update site-name and githuburl",
            "insertions": 2,
            "deletions": 2
          }
        ]
      },
      {
        "insertions": 0,
        "deletions": 0,
        "date": "2019-03-06",
        "commitResults": []
      },
      {
        "insertions": 0,
        "deletions": 0,
        "date": "2019-03-07",
        "commitResults": []
      },
      {
        "insertions": 2,
        "deletions": 2,
        "date": "2019-03-08",
        "commitResults": [
          {
            "hash": "71fd2be958e50ce0a079d739a271c55b6c0a39be",
            "message": "Update README.adoc to reflect badges and remove LOs nav bar",
            "insertions": 2,
            "deletions": 2
          }
        ]
      },
      {
        "insertions": 0,
        "deletions": 0,
        "date": "2019-03-09",
        "commitResults": []
      },
      {
        "insertions": 0,
        "deletions": 0,
        "date": "2019-03-10",
        "commitResults": []
      },
      {
        "insertions": 151,
        "deletions": 47,
        "date": "2019-03-11",
        "commitResults": [
          {
            "hash": "4348874c486fcdae7bc53a037092bb6de10df37e",
            "message": "Update docs for new and updated features",
            "insertions": 146,
            "deletions": 42
          },
          {
            "hash": "10e1d2fc0de1ecd37527a71c6f69375708a3d2a2",
            "message": "DeveloperGuide.adoc: Update minor wordings",
            "insertions": 2,
            "deletions": 2
          },
          {
            "hash": "1ca9cd78de702b9e888b8477e4bc641bdfb6d024",
            "message": "DeveloperGuide.adoc: Update User Stories",
            "insertions": 3,
            "deletions": 3
          }
        ]
      },
      {
        "insertions": 2,
        "deletions": 6,
        "date": "2019-03-12",
        "commitResults": [
          {
            "hash": "617a95f2795805c76df05e5fea249765b3c394bd",
            "message": "DeveloperGuide.adoc: Update User Stories",
            "insertions": 2,
            "deletions": 6
          }
        ]
      },
      {
        "insertions": 0,
        "deletions": 0,
        "date": "2019-03-13",
        "commitResults": []
      },
      {
        "insertions": 0,
        "deletions": 0,
        "date": "2019-03-14",
        "commitResults": []
      },
      {
        "insertions": 8,
        "deletions": 1,
        "date": "2019-03-15",
        "commitResults": [
          {
            "hash": "961061a449b3648481f3b82afdb612ec8808a9ab",
            "message": "DeveloperGuide.adoc: Update Use Cases",
            "insertions": 8,
            "deletions": 1
          }
        ]
      },
      {
        "insertions": 192,
        "deletions": 188,
        "date": "2019-03-16",
        "commitResults": [
          {
            "hash": "a6748d837b6a476128bb5d9b7cec23cd2b61b100",
            "message": "Update UserGuide.adoc and DeveloperGuide.adoc: Reordering of features and use cases",
            "insertions": 182,
            "deletions": 182
          },
          {
            "hash": "368bb1761ab3ce5ddce60f05afedb4bd26cfb0f4",
            "message": "Update UserGuide.adoc and DeveloperGuide.adoc: Minor edits",
            "insertions": 2,
            "deletions": 2
          },
          {
            "hash": "369cae8bd3044ec1191b238dc717241362256b16",
            "message": "Update AboutUs.adoc: Include responsibilities for features",
            "insertions": 8,
            "deletions": 4
          }
        ]
      },
      {
        "insertions": 0,
        "deletions": 0,
        "date": "2019-03-17",
        "commitResults": []
      },
      {
        "insertions": 730,
        "deletions": 18,
        "date": "2019-03-18",
        "commitResults": [
          {
            "hash": "c7a94ebb7d5ea1129be56f01cb7fb0a08d4a5cee",
            "message": "Implement archive command and archive data storage",
            "insertions": 730,
            "deletions": 18
          }
        ]
      },
      {
        "insertions": 235,
        "deletions": 49,
        "date": "2019-03-19",
        "commitResults": [
          {
            "hash": "b82387ea5ec1e159285823fc2ebcd610744f0480",
            "message": "Update existing tests",
            "insertions": 223,
            "deletions": 38
          },
          {
            "hash": "146dc51bd5dc210c0c6cb4bf0fd234d27c221cf8",
            "message": "Correct checkstyle errors",
            "insertions": 12,
            "deletions": 11
          }
        ]
      },
      {
        "insertions": 0,
        "deletions": 0,
        "date": "2019-03-20",
        "commitResults": []
      },
      {
        "insertions": 0,
        "deletions": 0,
        "date": "2019-03-21",
        "commitResults": []
      },
      {
        "insertions": 0,
        "deletions": 0,
        "date": "2019-03-22",
        "commitResults": []
      },
      {
        "insertions": 0,
        "deletions": 0,
        "date": "2019-03-23",
        "commitResults": []
      },
      {
        "insertions": 0,
        "deletions": 0,
        "date": "2019-03-24",
        "commitResults": []
      },
      {
        "insertions": 0,
        "deletions": 0,
        "date": "2019-03-25",
        "commitResults": []
      },
      {
        "insertions": 200,
        "deletions": 20,
        "date": "2019-03-26",
        "commitResults": [
          {
            "hash": "dd436199ad83d8e715dceca118e109a4d5e2dfe9",
            "message": "Update UI to permanently show archive list and add unarchive command",
            "insertions": 200,
            "deletions": 20
          }
        ]
      },
      {
        "insertions": 0,
        "deletions": 0,
        "date": "2019-03-27",
        "commitResults": []
      },
      {
        "insertions": 368,
        "deletions": 45,
        "date": "2019-03-28",
        "commitResults": [
          {
            "hash": "4b982543f6f7e14125c1a3c78fd939e0df02a179",
            "message": "Implement swapping between main list and archive list on the display and add archiveclear command",
            "insertions": 292,
            "deletions": 25
          },
          {
            "hash": "03ae9c51ac4ee27f257c93df3534ab4d029495fe",
            "message": "Update existing tests",
            "insertions": 12,
            "deletions": 9
          },
          {
            "hash": "bb12787102150be603b9db0910bec6e8a2fe7ebf",
            "message": "Update command classes",
            "insertions": 30,
            "deletions": 0
          },
          {
            "hash": "d52885808b0e4f8fc1db4acffcdc19add1aaf0bc",
            "message": "Amend code quality errors",
            "insertions": 4,
            "deletions": 4
          },
          {
            "hash": "2ddbe1d13105960b5ae099947675b0f88fdb2bb1",
            "message": "Update documentation",
            "insertions": 29,
            "deletions": 6
          },
          {
            "hash": "6edd5729b2a876bf9649da7c7eda232b711bdeaa",
            "message": "Updates to repo",
            "insertions": 1,
            "deletions": 1
          }
        ]
      },
      {
        "insertions": 240,
        "deletions": 32,
        "date": "2019-03-29",
        "commitResults": [
          {
            "hash": "0d746b6b5c1d2c200f17282b9467cded394f40be",
            "message": "Add PPP templates",
            "insertions": 216,
            "deletions": 0
          },
          {
            "hash": "9bf469ef8d4ece94ddf0a53fcd6eb5ec8340f1b3",
            "message": "Update docs",
            "insertions": 24,
            "deletions": 26
          },
          {
            "hash": "48824bf2ac786468134969585fc154ba79e63a9c",
            "message": "Remove SE-EDU header from website",
            "insertions": 0,
            "deletions": 1
          },
          {
            "hash": "b947dcf97a321f53beae6a873ea7008717ce9365",
            "message": "Update reposense author names",
            "insertions": 0,
            "deletions": 5
          }
        ]
      },
      {
        "insertions": 0,
        "deletions": 0,
        "date": "2019-03-30",
        "commitResults": []
      },
      {
        "insertions": 14,
        "deletions": 7,
        "date": "2019-03-31",
        "commitResults": [
          {
            "hash": "2efb00e5b069542b41211ce20b994d384fe33b57",
            "message": "Update UI to show ArchiveBook in StatusBarFooter",
            "insertions": 14,
            "deletions": 7
          }
        ]
      },
      {
        "insertions": 431,
        "deletions": 79,
        "date": "2019-04-01",
        "commitResults": [
          {
            "hash": "da8c92f0aaf9f4a455f5935794bbcec71deb1862",
            "message": "Update colour scheme of UI",
            "insertions": 36,
            "deletions": 36
          },
          {
            "hash": "8369d6e4a29e864d4033cf682dade44263dd3bb1",
            "message": "Change application icon",
            "insertions": 2,
            "deletions": 2
          },
          {
            "hash": "a43a094bab869df820c8aa77e6ff2086548942c0",
            "message": "Implement online Google Maps search in BrowserPanel",
            "insertions": 5,
            "deletions": 5
          },
          {
            "hash": "5b743a7dc03f31cbd8399f420ad5d9ed0d02be47",
            "message": "Revert DarkTheme.css back to original and create new BlueTheme.css to be used for UI",
            "insertions": 388,
            "deletions": 36
          }
        ]
      },
      {
        "insertions": 51,
        "deletions": 231,
        "date": "2019-04-02",
        "commitResults": [
          {
            "hash": "97ee79bfd7e1778966dd656d4dafc112983aa067",
            "message": "Remove redundant code",
            "insertions": 10,
            "deletions": 156
          },
          {
            "hash": "8971d352dd20dca071b6775c381e682126e234a2",
            "message": "Change sample data addresses",
            "insertions": 11,
            "deletions": 11
          },
          {
            "hash": "0853684595c2bb923d3f906c87e53a1a1ded4a07",
            "message": "Update UI",
            "insertions": 17,
            "deletions": 16
          },
          {
            "hash": "233bbc6af0f11b85e483f3e177a4457f2b77410f",
            "message": "Remove @Ignore tags",
            "insertions": 1,
            "deletions": 37
          },
          {
            "hash": "55018338cd479827167340eff0caaa36e4516819",
            "message": "Amend checkstyle error",
            "insertions": 0,
            "deletions": 1
          },
          {
            "hash": "71171a23682163ed58aba9719e5123b4b9ce627b",
            "message": "Minor changes to SampleDataUtil names and UserGuide etc.",
            "insertions": 10,
            "deletions": 10
          },
          {
            "hash": "eda3e882e2a51166450af8f1ef8d094beed1cbff",
            "message": "Ignore HelpCommandSystemTest that passes, but fails in builds",
            "insertions": 2,
            "deletions": 0
          }
        ]
      }
    ]
  },
  "authorFinalContributionMap": {
    "ChenWenCUHK": 1626,
    "tanlongbin": 890,
    "yongxiang1095": 2764
  },
  "authorContributionVariance": {
    "ChenWenCUHK": 37783.637,
    "tanlongbin": 27595.947,
    "yongxiang1095": 29625.84
  },
  "authorDisplayNameMap": {
    "ChenWenCUHK": "CHE...WEN",
    "tanlongbin": "TAN...BIN",
    "yongxiang1095": "CHO...ANG"
  }
}
