{
  "authorDailyContributionsMap": {
    "geezlouisee": [
      {
        "insertions": 0,
        "deletions": 0,
        "date": "2019-02-10",
        "commitResults": []
      },
      {
        "insertions": 0,
        "deletions": 0,
        "date": "2019-02-11",
        "commitResults": []
      },
      {
        "insertions": 0,
        "deletions": 0,
        "date": "2019-02-12",
        "commitResults": []
      },
      {
        "insertions": 0,
        "deletions": 0,
        "date": "2019-02-13",
        "commitResults": []
      },
      {
        "insertions": 0,
        "deletions": 0,
        "date": "2019-02-14",
        "commitResults": []
      },
      {
        "insertions": 0,
        "deletions": 0,
        "date": "2019-02-15",
        "commitResults": []
      },
      {
        "insertions": 0,
        "deletions": 0,
        "date": "2019-02-16",
        "commitResults": []
      },
      {
        "insertions": 0,
        "deletions": 0,
        "date": "2019-02-17",
        "commitResults": []
      },
      {
        "insertions": 68,
        "deletions": 13,
        "date": "2019-02-18",
        "commitResults": [
          {
            "hash": "aeb2fa5de8ba1aa18593aaf450c03b1deffceed8",
            "message": "Updated Developer Guide - Appendices A, B and C",
            "insertions": 68,
            "deletions": 13
          }
        ]
      },
      {
        "insertions": 0,
        "deletions": 0,
        "date": "2019-02-19",
        "commitResults": []
      },
      {
        "insertions": 0,
        "deletions": 0,
        "date": "2019-02-20",
        "commitResults": []
      },
      {
        "insertions": 0,
        "deletions": 0,
        "date": "2019-02-21",
        "commitResults": []
      },
      {
        "insertions": 0,
        "deletions": 0,
        "date": "2019-02-22",
        "commitResults": []
      },
      {
        "insertions": 0,
        "deletions": 0,
        "date": "2019-02-23",
        "commitResults": []
      },
      {
        "insertions": 0,
        "deletions": 0,
        "date": "2019-02-24",
        "commitResults": []
      },
      {
        "insertions": 185,
        "deletions": 54,
        "date": "2019-02-25",
        "commitResults": [
          {
            "hash": "419a40a5af9131b638ca2a907476160a56601787",
            "message": "Updated Developer Guide - User Stories Table",
            "insertions": 23,
            "deletions": 4
          },
          {
            "hash": "d2c13fc0125739a7eed990becfd43b5bbbc6f7eb",
            "message": "Updated Developer Guide - User Stories Table",
            "insertions": 0,
            "deletions": 21
          },
          {
            "hash": "b31bd8faa7658795e0faa065a05c2f8fda5371e3",
            "message": "Added colors for different tags",
            "insertions": 141,
            "deletions": 7
          },
          {
            "hash": "8c2250d6ce6ce968ed7e6a2b4bc34e9af51d2b1d",
            "message": "Made edits to DarkTheme.css",
            "insertions": 1,
            "deletions": 1
          },
          {
            "hash": "753070734e62cd169f7cd21ffc471fc50f2cb803",
            "message": "Made edits to indentations",
            "insertions": 4,
            "deletions": 5
          },
          {
            "hash": "57647b0266055853fe338637f1901d7365aaeb0b",
            "message": "Edited indentation in PersonCard.java",
            "insertions": 1,
            "deletions": 1
          },
          {
            "hash": "78de7a96cdf13de072f4b38452466459291d50bb",
            "message": "Edited indentation in GuiTestAssert.java",
            "insertions": 15,
            "deletions": 15
          }
        ]
      },
      {
        "insertions": 0,
        "deletions": 0,
        "date": "2019-02-26",
        "commitResults": []
      },
      {
        "insertions": 30,
        "deletions": 16,
        "date": "2019-02-27",
        "commitResults": [
          {
            "hash": "f6ea30c0cfe0482b26d8adbbbf33e59f0e0ed69f",
            "message": "Added more colors and edited GuiTestAssert.java accordingly",
            "insertions": 14,
            "deletions": 12
          },
          {
            "hash": "8a713c9ce6cb61589cdb2f297bb72340fc2194cf",
            "message": "Added credits to reused work",
            "insertions": 9,
            "deletions": 0
          },
          {
            "hash": "5b217ba59b16fa0d6ed03579920f6d3593c597cb",
            "message": "Edited credits to solve checkstyle errors",
            "insertions": 6,
            "deletions": 3
          },
          {
            "hash": "30c2057f9015bb6a97f339fd963eb4adb5d212ef",
            "message": "Edited PersonCardHandle.java to resolve compilation error",
            "insertions": 1,
            "deletions": 1
          }
        ]
      },
      {
        "insertions": 22,
        "deletions": 4,
        "date": "2019-02-28",
        "commitResults": [
          {
            "hash": "a11cc777036ba6daff9138d07e508273f1eefe25",
            "message": "Edited GuiTestAssert.java switch case",
            "insertions": 21,
            "deletions": 3
          },
          {
            "hash": "7c5ca9a8cd70c3c4cc8d1cddf49b4b17a0bc36e0",
            "message": "Edited GuiTestAssert.java switch case",
            "insertions": 1,
            "deletions": 1
          }
        ]
      },
      {
        "insertions": 0,
        "deletions": 0,
        "date": "2019-03-01",
        "commitResults": []
      },
      {
        "insertions": 0,
        "deletions": 0,
        "date": "2019-03-02",
        "commitResults": []
      },
      {
        "insertions": 0,
        "deletions": 0,
        "date": "2019-03-03",
        "commitResults": []
      },
      {
        "insertions": 0,
        "deletions": 0,
        "date": "2019-03-04",
        "commitResults": []
      },
      {
        "insertions": 0,
        "deletions": 0,
        "date": "2019-03-05",
        "commitResults": []
      },
      {
        "insertions": 0,
        "deletions": 0,
        "date": "2019-03-06",
        "commitResults": []
      },
      {
        "insertions": 0,
        "deletions": 0,
        "date": "2019-03-07",
        "commitResults": []
      },
      {
        "insertions": 0,
        "deletions": 0,
        "date": "2019-03-08",
        "commitResults": []
      },
      {
        "insertions": 0,
        "deletions": 0,
        "date": "2019-03-09",
        "commitResults": []
      },
      {
        "insertions": 0,
        "deletions": 0,
        "date": "2019-03-10",
        "commitResults": []
      },
      {
        "insertions": 0,
        "deletions": 0,
        "date": "2019-03-11",
        "commitResults": []
      },
      {
        "insertions": 454,
        "deletions": 452,
        "date": "2019-03-12",
        "commitResults": [
          {
            "hash": "17b4e1d24fce9d757e04ad824158c2ca19ad0b5c",
            "message": "Refactored Tags to Categories, edited tests accordingly",
            "insertions": 436,
            "deletions": 436
          },
          {
            "hash": "d4889b9b665d63ef77ef802fb4e1e534969f6e30",
            "message": "Attempt to resolve Checkstyle errors",
            "insertions": 12,
            "deletions": 10
          },
          {
            "hash": "8aa27492f8df07ca7f04b735205b98efe8aaace5",
            "message": "Attempt to resolve Checkstyle errors #2",
            "insertions": 2,
            "deletions": 2
          },
          {
            "hash": "902a52d58fbdaa66fbc1b68df698615face49e0e",
            "message": "Resolve CheckStyleMain in EditCommand.java and SampleDataUtil.java",
            "insertions": 2,
            "deletions": 2
          },
          {
            "hash": "1285b91542c818ce586d409ff4fae1de10435ab3",
            "message": "Resolve CheckStyleMain error attempt #4",
            "insertions": 2,
            "deletions": 2
          }
        ]
      },
      {
        "insertions": 79,
        "deletions": 64,
        "date": "2019-03-13",
        "commitResults": [
          {
            "hash": "998ab196387cf1dbd5dfa974385b1200e7e5f6da",
            "message": "Resolve CheckStyleMain error attempt #4",
            "insertions": 7,
            "deletions": 7
          },
          {
            "hash": "ea2f9b66c0e8147f60b51c162b53191c98c36b2c",
            "message": "Resolve CheckStyleTest errors for import statements and line length",
            "insertions": 70,
            "deletions": 55
          },
          {
            "hash": "b40fca7735a6b5ab8c242ae41104f90c6c0ff4e3",
            "message": "Resolve CheckStyleTest error for EditCommandParserTest.java",
            "insertions": 2,
            "deletions": 2
          }
        ]
      },
      {
        "insertions": 0,
        "deletions": 0,
        "date": "2019-03-14",
        "commitResults": []
      },
      {
        "insertions": 0,
        "deletions": 0,
        "date": "2019-03-15",
        "commitResults": []
      },
      {
        "insertions": 0,
        "deletions": 0,
        "date": "2019-03-16",
        "commitResults": []
      },
      {
        "insertions": 0,
        "deletions": 0,
        "date": "2019-03-17",
        "commitResults": []
      },
      {
        "insertions": 0,
        "deletions": 0,
        "date": "2019-03-18",
        "commitResults": []
      },
      {
        "insertions": 331,
        "deletions": 252,
        "date": "2019-03-19",
        "commitResults": [
          {
            "hash": "c0de423080a2c245176a00a1f35e9d98591d87bb",
            "message": "Added _response\\config.json to fix duplicate names in RepoSense",
            "insertions": 30,
            "deletions": 0
          },
          {
            "hash": "c2a30a924445a7fa4f94e181235c93eaeeb09ae2",
            "message": "Added more pre-defined colours for tags #20",
            "insertions": 34,
            "deletions": 10
          },
          {
            "hash": "27904e3bf211b45756a76da07014cefdac2e9f3a",
            "message": "Edited test cases for pre-defined colours for tags #20",
            "insertions": 232,
            "deletions": 236
          },
          {
            "hash": "27e8211e6e063439ee5fdb432eb9bf9e595466a4",
            "message": "Resolved errors",
            "insertions": 2,
            "deletions": 1
          },
          {
            "hash": "4921a67e54721b4f1eca629174a5487d18c73312",
            "message": "Resolved checkstyle errors",
            "insertions": 1,
            "deletions": 3
          },
          {
            "hash": "f4f6542e7dd40adc348ef8ecd20b589a184ab90f",
            "message": "Edited Developer Guide - Added Summary feature",
            "insertions": 30,
            "deletions": 0
          },
          {
            "hash": "936ef93a8350df509f2eec3ff128b8ca775ba90b",
            "message": "Scaled diagram to be smaller",
            "insertions": 1,
            "deletions": 0
          },
          {
            "hash": "cff019c04215b64119573fa2a4479a432d30cfd9",
            "message": "Rescaled width of asterPlot diagram",
            "insertions": 1,
            "deletions": 1
          },
          {
            "hash": "921941ab04d7c7c2e2abd50d18c4b673a86031fd",
            "message": "Updated Developer Guide - Added summary feature",
            "insertions": 0,
            "deletions": 1
          }
        ]
      },
      {
        "insertions": 0,
        "deletions": 0,
        "date": "2019-03-20",
        "commitResults": []
      },
      {
        "insertions": 0,
        "deletions": 0,
        "date": "2019-03-21",
        "commitResults": []
      },
      {
        "insertions": 0,
        "deletions": 0,
        "date": "2019-03-22",
        "commitResults": []
      },
      {
        "insertions": 0,
        "deletions": 0,
        "date": "2019-03-23",
        "commitResults": []
      },
      {
        "insertions": 0,
        "deletions": 0,
        "date": "2019-03-24",
        "commitResults": []
      },
      {
        "insertions": 0,
        "deletions": 0,
        "date": "2019-03-25",
        "commitResults": []
      },
      {
        "insertions": 67,
        "deletions": 6,
        "date": "2019-03-26",
        "commitResults": [
          {
            "hash": "6a819a032d36915511cd26e42bf21748c2ae169a",
            "message": "Added dummy command for Summary feature",
            "insertions": 63,
            "deletions": 0
          },
          {
            "hash": "436181ab22ab88993270395e06dfe7ca97d87ae9",
            "message": "Resolved CheckStyle Errors",
            "insertions": 3,
            "deletions": 5
          },
          {
            "hash": "7721056a36d440c1b8a4f872e99e2d41de43f8cd",
            "message": "Resolved CheckStyle Errors",
            "insertions": 1,
            "deletions": 1
          }
        ]
      },
      {
        "insertions": 0,
        "deletions": 0,
        "date": "2019-03-27",
        "commitResults": []
      },
      {
        "insertions": 0,
        "deletions": 0,
        "date": "2019-03-28",
        "commitResults": []
      },
      {
        "insertions": 0,
        "deletions": 0,
        "date": "2019-03-29",
        "commitResults": []
      },
      {
        "insertions": 0,
        "deletions": 0,
        "date": "2019-03-30",
        "commitResults": []
      },
      {
        "insertions": 423,
        "deletions": 16,
        "date": "2019-03-31",
        "commitResults": [
          {
            "hash": "98423507a6bd3251bc57139eb2105f05003603c1",
            "message": "Added d3 files and files for graphPanel",
            "insertions": 420,
            "deletions": 14
          },
          {
            "hash": "f133355af23c17d1cde306cc00f9695ff57f5c63",
            "message": "Resolved checkstyle errors",
            "insertions": 3,
            "deletions": 2
          }
        ]
      },
      {
        "insertions": 173,
        "deletions": 162,
        "date": "2019-04-01",
        "commitResults": [
          {
            "hash": "aad4ea5ea60b7f3a355d47f22663f05ca1ca3915",
            "message": "Edited page url",
            "insertions": 3,
            "deletions": 3
          },
          {
            "hash": "8e3984c475e7a5d1b49ecaa03f4e5ea75de56cb3",
            "message": "Edited page url",
            "insertions": 4,
            "deletions": 2
          },
          {
            "hash": "efbc2dcaa1c67bc91b57fc39ad174c12f876dce6",
            "message": "Edited User Guide",
            "insertions": 133,
            "deletions": 139
          },
          {
            "hash": "e9ac7227d1d9351ae5e80fca816473104a4e4710",
            "message": "Edited User Guide and updated Portfolio",
            "insertions": 3,
            "deletions": 3
          },
          {
            "hash": "437e4c72dbb8c85ccbcec1e22a4cbefc96fe900d",
            "message": "Updated Project Portfolio Page - v1.3 ready",
            "insertions": 30,
            "deletions": 15
          }
        ]
      },
      {
        "insertions": 40,
        "deletions": 29,
        "date": "2019-04-02",
        "commitResults": [
          {
            "hash": "7c0da29319a1e6d1066c0ee6dded4bb955803d55",
            "message": "Resolved PPP tag problem",
            "insertions": 14,
            "deletions": 14
          },
          {
            "hash": "cb6bafde6b960f01b5766e4185ddcce82c6211d9",
            "message": "Changed file name so it links to the AboutUs page",
            "insertions": 0,
            "deletions": 0
          },
          {
            "hash": "a73535844af09dadde68a8482a3bbd057e42fde1",
            "message": "Made updates to DG and PPP",
            "insertions": 26,
            "deletions": 15
          }
        ]
      }
    ],
    "JeremyLoye": [
      {
        "insertions": 0,
        "deletions": 0,
        "date": "2019-02-10",
        "commitResults": []
      },
      {
        "insertions": 0,
        "deletions": 0,
        "date": "2019-02-11",
        "commitResults": []
      },
      {
        "insertions": 0,
        "deletions": 0,
        "date": "2019-02-12",
        "commitResults": []
      },
      {
        "insertions": 0,
        "deletions": 0,
        "date": "2019-02-13",
        "commitResults": []
      },
      {
        "insertions": 0,
        "deletions": 0,
        "date": "2019-02-14",
        "commitResults": []
      },
      {
        "insertions": 0,
        "deletions": 0,
        "date": "2019-02-15",
        "commitResults": []
      },
      {
        "insertions": 0,
        "deletions": 0,
        "date": "2019-02-16",
        "commitResults": []
      },
      {
        "insertions": 0,
        "deletions": 0,
        "date": "2019-02-17",
        "commitResults": []
      },
      {
        "insertions": 28,
        "deletions": 35,
        "date": "2019-02-18",
        "commitResults": [
          {
            "hash": "0e6f16a2e34797dbcf69c2d05c5d6c7d95a43c64",
            "message": "Updated AboutUs.adoc and ContactUs.adoc to reflect team",
            "insertions": 25,
            "deletions": 30
          },
          {
            "hash": "e1b6f7da04a54353e3646d035f90e73d55a04a55",
            "message": "Updated badges in README.adoc and changed title",
            "insertions": 3,
            "deletions": 5
          }
        ]
      },
      {
        "insertions": 0,
        "deletions": 0,
        "date": "2019-02-19",
        "commitResults": []
      },
      {
        "insertions": 0,
        "deletions": 0,
        "date": "2019-02-20",
        "commitResults": []
      },
      {
        "insertions": 0,
        "deletions": 0,
        "date": "2019-02-21",
        "commitResults": []
      },
      {
        "insertions": 0,
        "deletions": 0,
        "date": "2019-02-22",
        "commitResults": []
      },
      {
        "insertions": 0,
        "deletions": 0,
        "date": "2019-02-23",
        "commitResults": []
      },
      {
        "insertions": 0,
        "deletions": 0,
        "date": "2019-02-24",
        "commitResults": []
      },
      {
        "insertions": 0,
        "deletions": 0,
        "date": "2019-02-25",
        "commitResults": []
      },
      {
        "insertions": 0,
        "deletions": 0,
        "date": "2019-02-26",
        "commitResults": []
      },
      {
        "insertions": 102,
        "deletions": 0,
        "date": "2019-02-27",
        "commitResults": [
          {
            "hash": "a0fbc804cb5b939e725947f927b837ffef19a564",
            "message": "Created Amount and Date classes for person fields",
            "insertions": 102,
            "deletions": 0
          }
        ]
      },
      {
        "insertions": 0,
        "deletions": 0,
        "date": "2019-02-28",
        "commitResults": []
      },
      {
        "insertions": 0,
        "deletions": 0,
        "date": "2019-03-01",
        "commitResults": []
      },
      {
        "insertions": 142,
        "deletions": 53,
        "date": "2019-03-02",
        "commitResults": [
          {
            "hash": "9ac177311aa195c66eb17ac71f828b453c6a5e39",
            "message": "Added amount and date fields in instructions for add.",
            "insertions": 3,
            "deletions": 5
          },
          {
            "hash": "158ccf0b5e8ad16d28c4773cc503ed05d1de66a7",
            "message": "Implemented extra fields amount and date in add command with \"/s\" and \"/d\" prefix",
            "insertions": 12,
            "deletions": 2
          },
          {
            "hash": "9ce851cada599faf750561bf65d72ba4923ad9b9",
            "message": "minor edits",
            "insertions": 39,
            "deletions": 10
          },
          {
            "hash": "59c5cf1ed263c62a4c7d22f06bb1c3d92de67b22",
            "message": "Changed UI to reflect fields amount and date",
            "insertions": 2,
            "deletions": 2
          },
          {
            "hash": "98ccf5fa04126bd886fbfdbc6070d167a1587a35",
            "message": "Added logic and changes to accomodate updated Person object with fields Amount and Date",
            "insertions": 78,
            "deletions": 26
          },
          {
            "hash": "4d73a623862e3cb34e028128d4af4f5147fccd14",
            "message": "Changed value field in Amount to String",
            "insertions": 8,
            "deletions": 8
          }
        ]
      },
      {
        "insertions": 0,
        "deletions": 0,
        "date": "2019-03-03",
        "commitResults": []
      },
      {
        "insertions": 600,
        "deletions": 293,
        "date": "2019-03-04",
        "commitResults": [
          {
            "hash": "d901f9a2db5a33a131b90cd144acd129871c5fc9",
            "message": "Modified test files to reflect changes in Person fields",
            "insertions": 318,
            "deletions": 216
          },
          {
            "hash": "df2a31cff80439c146b1a86911bd5a5783f011da",
            "message": "Checkstyle fixes",
            "insertions": 106,
            "deletions": 53
          },
          {
            "hash": "c7a89da78e7891fba3bc42ad63bd3ea317fcccb0",
            "message": "Checkstyle fixes",
            "insertions": 165,
            "deletions": 19
          },
          {
            "hash": "b9a5a7f504de5f2378b1cbe8a18b6cb8de00ceee",
            "message": "Checkstyle fixes",
            "insertions": 11,
            "deletions": 5
          }
        ]
      },
      {
        "insertions": 1,
        "deletions": 1,
        "date": "2019-03-05",
        "commitResults": [
          {
            "hash": "ef5073f4b4a629d5510ee864a356a8760d594fe1",
            "message": "Trigger Travis documentation regeneration",
            "insertions": 1,
            "deletions": 1
          }
        ]
      },
      {
        "insertions": 0,
        "deletions": 0,
        "date": "2019-03-06",
        "commitResults": []
      },
      {
        "insertions": 0,
        "deletions": 0,
        "date": "2019-03-07",
        "commitResults": []
      },
      {
        "insertions": 0,
        "deletions": 0,
        "date": "2019-03-08",
        "commitResults": []
      },
      {
        "insertions": 0,
        "deletions": 0,
        "date": "2019-03-09",
        "commitResults": []
      },
      {
        "insertions": 0,
        "deletions": 0,
        "date": "2019-03-10",
        "commitResults": []
      },
      {
        "insertions": 0,
        "deletions": 0,
        "date": "2019-03-11",
        "commitResults": []
      },
      {
        "insertions": 431,
        "deletions": 1317,
        "date": "2019-03-12",
        "commitResults": [
          {
            "hash": "47240f490a7fb55d30659afd4abcf33fba55fcda",
            "message": "Removed Address, Email and Phone fields",
            "insertions": 317,
            "deletions": 1174
          },
          {
            "hash": "8c75c29f563116bfcaa7fe04614d946b892175c6",
            "message": "Checkstyle fixes",
            "insertions": 8,
            "deletions": 7
          },
          {
            "hash": "83fd237f7fd1da627e0e2f66f30a4289fd47079c",
            "message": "Checkstyle fixes",
            "insertions": 1,
            "deletions": 1
          },
          {
            "hash": "91a030b565199b6d5c6f39229085eed27077c3aa",
            "message": "Fixed failed test cases",
            "insertions": 61,
            "deletions": 76
          },
          {
            "hash": "284d727915b55c30da1fbde7a4acb9b49e0e3f40",
            "message": "Fixed Indentation errors",
            "insertions": 27,
            "deletions": 27
          },
          {
            "hash": "d0b0f965436d2dbd2a11d261b401fdc41b7691d8",
            "message": "Removed empty java files",
            "insertions": 0,
            "deletions": 0
          },
          {
            "hash": "bb412b6211a3b313ac0414092906d2c6485b5bdf",
            "message": "Removed empty java files",
            "insertions": 0,
            "deletions": 0
          },
          {
            "hash": "46b1dfe1a8e9243a6a75e372a0fa3b9b31a2216e",
            "message": "Fixes for failed test cases",
            "insertions": 16,
            "deletions": 30
          },
          {
            "hash": "e449d060272cc88106b8305a0844d1202dbda0f1",
            "message": "Checkstyle Fixes",
            "insertions": 0,
            "deletions": 1
          },
          {
            "hash": "f4626c599ba5c867f5a212fb3b052fe8c8eab296",
            "message": "Fixed Discrepancy in data",
            "insertions": 1,
            "deletions": 1
          }
        ]
      },
      {
        "insertions": 0,
        "deletions": 0,
        "date": "2019-03-13",
        "commitResults": []
      },
      {
        "insertions": 0,
        "deletions": 0,
        "date": "2019-03-14",
        "commitResults": []
      },
      {
        "insertions": 0,
        "deletions": 0,
        "date": "2019-03-15",
        "commitResults": []
      },
      {
        "insertions": 0,
        "deletions": 0,
        "date": "2019-03-16",
        "commitResults": []
      },
      {
        "insertions": 0,
        "deletions": 0,
        "date": "2019-03-17",
        "commitResults": []
      },
      {
        "insertions": 0,
        "deletions": 0,
        "date": "2019-03-18",
        "commitResults": []
      },
      {
        "insertions": 320,
        "deletions": 14,
        "date": "2019-03-19",
        "commitResults": [
          {
            "hash": "e2c2abaed9fc972261ee681b0f27e99e33820c7a",
            "message": "Added Set Command and Budget field for Finance Tracker. UI now reflects budget set",
            "insertions": 278,
            "deletions": 8
          },
          {
            "hash": "5c1fcce677fd16fe24bc167a1956eb40a965fa6e",
            "message": "Temporary Fix for Test Cases",
            "insertions": 2,
            "deletions": 2
          },
          {
            "hash": "39afdeedc8500e2fa68a700f6f7065cffac078b2",
            "message": "Temporary Fixes for Test Case",
            "insertions": 4,
            "deletions": 4
          },
          {
            "hash": "e7e5ec0cea368239705e8fa1f4e2bc0e494ec62a",
            "message": "Updated Developer Guide to include Implementation of budget features",
            "insertions": 36,
            "deletions": 0
          }
        ]
      },
      {
        "insertions": 0,
        "deletions": 0,
        "date": "2019-03-20",
        "commitResults": []
      },
      {
        "insertions": 0,
        "deletions": 0,
        "date": "2019-03-21",
        "commitResults": []
      },
      {
        "insertions": 0,
        "deletions": 0,
        "date": "2019-03-22",
        "commitResults": []
      },
      {
        "insertions": 0,
        "deletions": 0,
        "date": "2019-03-23",
        "commitResults": []
      },
      {
        "insertions": 0,
        "deletions": 0,
        "date": "2019-03-24",
        "commitResults": []
      },
      {
        "insertions": 0,
        "deletions": 0,
        "date": "2019-03-25",
        "commitResults": []
      },
      {
        "insertions": 0,
        "deletions": 0,
        "date": "2019-03-26",
        "commitResults": []
      },
      {
        "insertions": 85,
        "deletions": 33,
        "date": "2019-03-27",
        "commitResults": [
          {
            "hash": "727e306216673c55e2355c2534d9a1557688509c",
            "message": "Added logic to add Budget to Storage component",
            "insertions": 85,
            "deletions": 33
          }
        ]
      },
      {
        "insertions": 0,
        "deletions": 0,
        "date": "2019-03-28",
        "commitResults": []
      },
      {
        "insertions": 0,
        "deletions": 0,
        "date": "2019-03-29",
        "commitResults": []
      },
      {
        "insertions": 0,
        "deletions": 0,
        "date": "2019-03-30",
        "commitResults": []
      },
      {
        "insertions": 121,
        "deletions": 60,
        "date": "2019-03-31",
        "commitResults": [
          {
            "hash": "aa8228f52709a85817f8b87662fdcdc96b7ac673",
            "message": "Changed Implementation of Budget class. Added logic to maintain currentBudget and display it.",
            "insertions": 121,
            "deletions": 60
          }
        ]
      },
      {
        "insertions": 29,
        "deletions": 12,
        "date": "2019-04-01",
        "commitResults": [
          {
            "hash": "a6f97d38b5b066fbe2cd53416325e760c02c6629",
            "message": "Added logic of setfile command to enable changing of files for data storage",
            "insertions": 19,
            "deletions": 11
          },
          {
            "hash": "8b705a26e673a98c30be27304532a2e19636edc2",
            "message": "Updated user guide commands set and setfile",
            "insertions": 10,
            "deletions": 1
          }
        ]
      },
      {
        "insertions": 221,
        "deletions": 71,
        "date": "2019-04-02",
        "commitResults": [
          {
            "hash": "ac64b47c415747f9b24d7d2470706efabb254472",
            "message": "Added Sequence Diagram for setCommand",
            "insertions": 1,
            "deletions": 1
          },
          {
            "hash": "aba70272def546b55b78dca538b53751bf9acca8",
            "message": "Updated developer guide for set budget",
            "insertions": 122,
            "deletions": 64
          },
          {
            "hash": "5391cd21f3ed5bedcb4949f85ff7186abd816f65",
            "message": "Fixed formatting in UserGuide.adoc",
            "insertions": 2,
            "deletions": 3
          },
          {
            "hash": "c68a5e892c751121e37c24b70e50210f54b034dd",
            "message": "Fixed formmatting in UserGuide.adoc",
            "insertions": 8,
            "deletions": 2
          },
          {
            "hash": "4bec2d23fa627fd9a99b8ebc47ea8662c0647f4f",
            "message": "Restored startUi.png in UserGuide.adoc",
            "insertions": 1,
            "deletions": 1
          },
          {
            "hash": "3163fab346a3d474b7ef5e1f72d9656dc983adc7",
            "message": "Add first draft of JeremyLoye PPP",
            "insertions": 87,
            "deletions": 0
          }
        ]
      }
    ],
    "Jackimaru96": [
      {
        "insertions": 0,
        "deletions": 0,
        "date": "2019-02-10",
        "commitResults": []
      },
      {
        "insertions": 0,
        "deletions": 0,
        "date": "2019-02-11",
        "commitResults": []
      },
      {
        "insertions": 0,
        "deletions": 0,
        "date": "2019-02-12",
        "commitResults": []
      },
      {
        "insertions": 0,
        "deletions": 0,
        "date": "2019-02-13",
        "commitResults": []
      },
      {
        "insertions": 0,
        "deletions": 0,
        "date": "2019-02-14",
        "commitResults": []
      },
      {
        "insertions": 0,
        "deletions": 0,
        "date": "2019-02-15",
        "commitResults": []
      },
      {
        "insertions": 0,
        "deletions": 0,
        "date": "2019-02-16",
        "commitResults": []
      },
      {
        "insertions": 0,
        "deletions": 0,
        "date": "2019-02-17",
        "commitResults": []
      },
      {
        "insertions": 117,
        "deletions": 118,
        "date": "2019-02-18",
        "commitResults": [
          {
            "hash": "c7ff209a9395429b4910193b0b085436601a69db",
            "message": "Updated UserGuide for In-Credit-Ble",
            "insertions": 117,
            "deletions": 118
          }
        ]
      },
      {
        "insertions": 0,
        "deletions": 0,
        "date": "2019-02-19",
        "commitResults": []
      },
      {
        "insertions": 0,
        "deletions": 0,
        "date": "2019-02-20",
        "commitResults": []
      },
      {
        "insertions": 0,
        "deletions": 0,
        "date": "2019-02-21",
        "commitResults": []
      },
      {
        "insertions": 0,
        "deletions": 0,
        "date": "2019-02-22",
        "commitResults": []
      },
      {
        "insertions": 0,
        "deletions": 0,
        "date": "2019-02-23",
        "commitResults": []
      },
      {
        "insertions": 0,
        "deletions": 0,
        "date": "2019-02-24",
        "commitResults": []
      },
      {
        "insertions": 137,
        "deletions": 17,
        "date": "2019-02-25",
        "commitResults": [
          {
            "hash": "dd4f8e89477a89c2f0e0755d6d8ea7b750ed31ce",
            "message": "Updated Use Cases (Appendix C)",
            "insertions": 137,
            "deletions": 17
          }
        ]
      },
      {
        "insertions": 0,
        "deletions": 0,
        "date": "2019-02-26",
        "commitResults": []
      },
      {
        "insertions": 0,
        "deletions": 0,
        "date": "2019-02-27",
        "commitResults": []
      },
      {
        "insertions": 0,
        "deletions": 0,
        "date": "2019-02-28",
        "commitResults": []
      },
      {
        "insertions": 0,
        "deletions": 0,
        "date": "2019-03-01",
        "commitResults": []
      },
      {
        "insertions": 0,
        "deletions": 0,
        "date": "2019-03-02",
        "commitResults": []
      },
      {
        "insertions": 554,
        "deletions": 185,
        "date": "2019-03-03",
        "commitResults": [
          {
            "hash": "9747f896317d0347869d1fd972a78c2aa537dfdf",
            "message": "Add new description prefix",
            "insertions": 5,
            "deletions": 1
          },
          {
            "hash": "42307e51a99fe39b10d2415eab52212196054ad7",
            "message": "Logic: \u0027description\u0027 command which does nothing",
            "insertions": 117,
            "deletions": 54
          },
          {
            "hash": "7ed987dbe3f604566a8ef5376c02df61f6e909f8",
            "message": "Logic: \u0027description\u0027 command takes in two parameters",
            "insertions": 149,
            "deletions": 6
          },
          {
            "hash": "f6bde90eef6bb57c7fbf441a5104a2b3ebd529ca",
            "message": "checkStyle edits",
            "insertions": 65,
            "deletions": 58
          },
          {
            "hash": "8541a5b6befbc9c1f66e157d040e77c14ee98f92",
            "message": "checkStyle edit",
            "insertions": 2,
            "deletions": 2
          },
          {
            "hash": "d3ef51a280dd64ca9ee8dff480fe4fa6d01e71bf",
            "message": "UI: Add placeholder for description in PersonCard GUI",
            "insertions": 8,
            "deletions": 0
          },
          {
            "hash": "d3fec9a853c5bd0f850ab0e90e08fd7e22788a7b",
            "message": "Model: Add Description class",
            "insertions": 81,
            "deletions": 12
          },
          {
            "hash": "0b5d7114565c2442a387e55ead1b439a84e9cfc7",
            "message": "checkStyle edits: Description class",
            "insertions": 15,
            "deletions": 7
          },
          {
            "hash": "d0fbd378c5658f94af5eb7d44a6ea836b4fae521",
            "message": "Model: Modify \u0027Person\u0027 to support a \u0027Description\u0027 field",
            "insertions": 34,
            "deletions": 11
          },
          {
            "hash": "c37ed6b7449a1fcd0912b6001bea6044b58eff4d",
            "message": "checkStyle edits: Model: Modfy \u0027Person\u0027 to support a \u0027Description\u0027 field",
            "insertions": 2,
            "deletions": 2
          },
          {
            "hash": "b6d58a7c69c2b4ca248c336db74d9b45655f9b7d",
            "message": "Bug fix",
            "insertions": 3,
            "deletions": 1
          },
          {
            "hash": "389ee944643fb68374fb05d4fb3b61be56f053a5",
            "message": "Add Description field to JsonAdaptedPerson class",
            "insertions": 25,
            "deletions": 6
          },
          {
            "hash": "cd2f845f3e740d2ab4896a73e3e5bb7854166e33",
            "message": "Bug fix: JsonAdaptedPerson class",
            "insertions": 1,
            "deletions": 1
          },
          {
            "hash": "342f76cd62b38216c97649febc169da3284a17d4",
            "message": "Bug fix",
            "insertions": 31,
            "deletions": 9
          },
          {
            "hash": "b8ebf067e51527c50feec32a65e08eed826655cf",
            "message": "Bug fix",
            "insertions": 1,
            "deletions": 2
          },
          {
            "hash": "39f4ef9fa36d9a41351e73298a4bca552973f5e8",
            "message": "Bug fix",
            "insertions": 15,
            "deletions": 13
          }
        ]
      },
      {
        "insertions": 226,
        "deletions": 24,
        "date": "2019-03-04",
        "commitResults": [
          {
            "hash": "3938b56ce2e2c76714f7e74931a43d15d3f8ede7",
            "message": "Bug fix: Unused import",
            "insertions": 0,
            "deletions": 1
          },
          {
            "hash": "a1abc10ec8fcdbf4160b9018e71009bf74f28afa",
            "message": "Bug Fix: JsonSerializableAddressBookTest",
            "insertions": 0,
            "deletions": 3
          },
          {
            "hash": "122f204dcd19a938190a3ba95bc09012be81ec83",
            "message": "Bug fix: duplicatePersonAddressBook and invalidPersonAddressBook",
            "insertions": 3,
            "deletions": 0
          },
          {
            "hash": "5e80585d50fd6173362e0a35eefdb198375414ec",
            "message": "Bug fix: duplicatePersonAddressBook invalidPersonAddressBook syntax",
            "insertions": 3,
            "deletions": 3
          },
          {
            "hash": "3b776e6485b3f15d1367d6d610fbd24556f6bc41",
            "message": "UI: Connect Description field to PersonCard",
            "insertions": 2,
            "deletions": 1
          },
          {
            "hash": "0fc7321295cdbe726cbcf5e09f524ab9290ce154",
            "message": "Test fix",
            "insertions": 1,
            "deletions": 1
          },
          {
            "hash": "d8f11397d85f89553d52621b462c9dbcc9f24694",
            "message": "Logic: implement DescriptionCommand execute() logic",
            "insertions": 34,
            "deletions": 2
          },
          {
            "hash": "048f36562bc22f993ba4efec47c132493a965474",
            "message": "Logic: Implement DescriptionCommand execute() logic with tests",
            "insertions": 162,
            "deletions": 7
          },
          {
            "hash": "45388a676e45e5356e88bf7a27bb73a0a512b59f",
            "message": "checkStyle edits",
            "insertions": 4,
            "deletions": 5
          },
          {
            "hash": "cf5bfd8527aacea6cf2cfb7e928445e6f2d37dd7",
            "message": "checkstyle edit: import statement",
            "insertions": 1,
            "deletions": 1
          },
          {
            "hash": "cecb2f9b41ad7b671d97025241bcfdd0af32ecae",
            "message": "DescriptionCommand: Updated UserGuide",
            "insertions": 16,
            "deletions": 0
          }
        ]
      },
      {
        "insertions": 0,
        "deletions": 0,
        "date": "2019-03-05",
        "commitResults": []
      },
      {
        "insertions": 0,
        "deletions": 0,
        "date": "2019-03-06",
        "commitResults": []
      },
      {
        "insertions": 0,
        "deletions": 0,
        "date": "2019-03-07",
        "commitResults": []
      },
      {
        "insertions": 0,
        "deletions": 1,
        "date": "2019-03-08",
        "commitResults": [
          {
            "hash": "5043c85b09ecc6525f49ab584e7fb472958b072b",
            "message": "README: Removed `Learning Outcomes`",
            "insertions": 0,
            "deletions": 1
          }
        ]
      },
      {
        "insertions": 0,
        "deletions": 0,
        "date": "2019-03-09",
        "commitResults": []
      },
      {
        "insertions": 0,
        "deletions": 0,
        "date": "2019-03-10",
        "commitResults": []
      },
      {
        "insertions": 0,
        "deletions": 0,
        "date": "2019-03-11",
        "commitResults": []
      },
      {
        "insertions": 78,
        "deletions": 10,
        "date": "2019-03-12",
        "commitResults": [
          {
            "hash": "d29cdb148e1d8c5e9b9f6aa85e93b08356a11f6e",
            "message": "Fixed syntax in UserGuide.adoc",
            "insertions": 1,
            "deletions": 0
          },
          {
            "hash": "635293c425c029a8eb6413bf612ebb7dd8ac83b6",
            "message": "Syntax: Changed PREFIX and description of command",
            "insertions": 4,
            "deletions": 0
          },
          {
            "hash": "917fc622e0714d1f6b2438cd4ebabdd6a7f1bed8",
            "message": "Logic: Accept \u0027increase\u0027 but do nothing\u0027",
            "insertions": 67,
            "deletions": 7
          },
          {
            "hash": "c1a94374f6d31cd688ada11a22911d8fa421bce3",
            "message": "checkStyle edit: IncreaseCommand",
            "insertions": 1,
            "deletions": 0
          },
          {
            "hash": "362bad3c36525806c577a7365728706779c4efa1",
            "message": "checkStyle edit: IncreaseCommand",
            "insertions": 4,
            "deletions": 2
          },
          {
            "hash": "5cbd9cda71fa18c79cd87ba52510a93495da353a",
            "message": "checkStyle edit: added newline at EOF in IncreaseCommand",
            "insertions": 1,
            "deletions": 1
          }
        ]
      },
      {
        "insertions": 0,
        "deletions": 0,
        "date": "2019-03-13",
        "commitResults": []
      },
      {
        "insertions": 79,
        "deletions": 12,
        "date": "2019-03-14",
        "commitResults": [
          {
            "hash": "8b72a0646f0a2f98013f7b67688e0ffdee582a36",
            "message": "Logic: Teach app to accept `increase` with argument",
            "insertions": 73,
            "deletions": 6
          },
          {
            "hash": "948ff7829972777a0d9e96ced76ed53fb55f1b56",
            "message": "checkStyle fixes + collapse catch block",
            "insertions": 6,
            "deletions": 6
          }
        ]
      },
      {
        "insertions": 66,
        "deletions": 36,
        "date": "2019-03-15",
        "commitResults": [
          {
            "hash": "f4a21bbdb0618a60323106b5418368bab26d0a09",
            "message": "Tests: IncreaseCommand",
            "insertions": 65,
            "deletions": 34
          },
          {
            "hash": "bb092ffec1be75310f8ce11bde8ff9d5883f9306",
            "message": "checkStyle edit: Removed unused import, trailing whitespace",
            "insertions": 1,
            "deletions": 2
          }
        ]
      },
      {
        "insertions": 259,
        "deletions": 37,
        "date": "2019-03-16",
        "commitResults": [
          {
            "hash": "34b1565ef0f0b5031fa5931bda59e428379e306b",
            "message": "`allocate` command",
            "insertions": 12,
            "deletions": 0
          },
          {
            "hash": "b4ca52f9018d2bb4077e1c6584c19bba27e8ac87",
            "message": "`allocate` command",
            "insertions": 190,
            "deletions": 3
          },
          {
            "hash": "8d43b052beb1ac300d3954f8d7ffa086909d2f79",
            "message": "checkStyle: AllocateCommandTest FinanceTrackerParserTest",
            "insertions": 4,
            "deletions": 3
          },
          {
            "hash": "cd8f86a82b0dfd774190d471d09a91fa4b0b198a",
            "message": "Changed AllocoteCommand to accept only one category",
            "insertions": 53,
            "deletions": 31
          }
        ]
      },
      {
        "insertions": 0,
        "deletions": 0,
        "date": "2019-03-17",
        "commitResults": []
      },
      {
        "insertions": 4,
        "deletions": 4,
        "date": "2019-03-18",
        "commitResults": [
          {
            "hash": "f6dfb8519a6defed4f95409f2212aaed3815e7ff",
            "message": "Changed App Icon and Title",
            "insertions": 4,
            "deletions": 4
          }
        ]
      },
      {
        "insertions": 47,
        "deletions": 10,
        "date": "2019-03-19",
        "commitResults": [
          {
            "hash": "c726cc070c972599f39120997117225d25122286",
            "message": "AllocateCommandTest: Changed amount to include `$`",
            "insertions": 4,
            "deletions": 4
          },
          {
            "hash": "fca0b204c901e102bfae471fe00e2e7195acd929",
            "message": "Tests: include `$` in amounts`",
            "insertions": 2,
            "deletions": 2
          },
          {
            "hash": "21216ca3ab4cd5e6cc03e9e3d075ae7cd16d9f33",
            "message": "checkStyle: AllocateCommandTest",
            "insertions": 1,
            "deletions": 0
          },
          {
            "hash": "e6b3b7686d4bee7268d408fd68228cec343656b0",
            "message": "Updated DeveloperGuide with planned Security implementation",
            "insertions": 26,
            "deletions": 4
          },
          {
            "hash": "e6080b4eddd071db834ff983e663e9e5e21e38f2",
            "message": "DeveloperGuide: Security",
            "insertions": 13,
            "deletions": 0
          },
          {
            "hash": "a16333a507044cf9f31bbe486e7ced5160383f6d",
            "message": "v1.2 tag",
            "insertions": 1,
            "deletions": 0
          }
        ]
      },
      {
        "insertions": 0,
        "deletions": 0,
        "date": "2019-03-20",
        "commitResults": []
      },
      {
        "insertions": 0,
        "deletions": 0,
        "date": "2019-03-21",
        "commitResults": []
      },
      {
        "insertions": 0,
        "deletions": 0,
        "date": "2019-03-22",
        "commitResults": []
      },
      {
        "insertions": 0,
        "deletions": 0,
        "date": "2019-03-23",
        "commitResults": []
      },
      {
        "insertions": 0,
        "deletions": 0,
        "date": "2019-03-24",
        "commitResults": []
      },
      {
        "insertions": 0,
        "deletions": 0,
        "date": "2019-03-25",
        "commitResults": []
      },
      {
        "insertions": 1347,
        "deletions": 41,
        "date": "2019-03-26",
        "commitResults": [
          {
            "hash": "30762b5b0fe36951e127c12baa6cea01f5db427e",
            "message": "Added new Themes",
            "insertions": 1103,
            "deletions": 2
          },
          {
            "hash": "60f5da3a60c091937aa945c0e3fcf4bfdc6ddb59",
            "message": "Added command to switch theme `theme`/`colour`",
            "insertions": 182,
            "deletions": 14
          },
          {
            "hash": "6d9ef776ba1c111640f0b0f38070d73f443ebdd4",
            "message": "Theme command",
            "insertions": 28,
            "deletions": 5
          },
          {
            "hash": "8d27e573ce4df463e9ae843a60f60616e3da338a",
            "message": "checkStyle edits",
            "insertions": 33,
            "deletions": 19
          },
          {
            "hash": "bd59c84abff5a2554d4d8e87708e6309e332e177",
            "message": "Update FinanceTrackerParser.java",
            "insertions": 1,
            "deletions": 1
          }
        ]
      },
      {
        "insertions": 0,
        "deletions": 0,
        "date": "2019-03-27",
        "commitResults": []
      },
      {
        "insertions": 0,
        "deletions": 0,
        "date": "2019-03-28",
        "commitResults": []
      },
      {
        "insertions": 0,
        "deletions": 0,
        "date": "2019-03-29",
        "commitResults": []
      },
      {
        "insertions": 0,
        "deletions": 0,
        "date": "2019-03-30",
        "commitResults": []
      },
      {
        "insertions": 480,
        "deletions": 195,
        "date": "2019-03-31",
        "commitResults": [
          {
            "hash": "01b06a3c7e7b7d44cd6a9035d2883020a7bf4f7c",
            "message": "Allocate Command and CategoryBudget class implementation",
            "insertions": 480,
            "deletions": 195
          }
        ]
      },
      {
        "insertions": 1187,
        "deletions": 556,
        "date": "2019-04-01",
        "commitResults": [
          {
            "hash": "6de332675cc0cd00988e1404b6a07fd1f3f97f6b",
            "message": "Updated Tests to suit Budget implementation change",
            "insertions": 886,
            "deletions": 488
          },
          {
            "hash": "3319ff70625539caa29e3cf3ffda93cd9babe127",
            "message": "Added PPP `jackimaru96.adoc`",
            "insertions": 112,
            "deletions": 0
          },
          {
            "hash": "8e2b0a1b563d54179be51f1b2aabc5500ef784fd",
            "message": "Updated UserGuide and PPP",
            "insertions": 154,
            "deletions": 51
          },
          {
            "hash": "4db6e91c195c4269d938b134b89a2c2d2e9d1d19",
            "message": "Minor edits to UG tagging and `spend` command",
            "insertions": 35,
            "deletions": 17
          }
        ]
      },
      {
        "insertions": 98,
        "deletions": 72,
        "date": "2019-04-02",
        "commitResults": [
          {
            "hash": "43c97908b38ad5b261f31672024d79d8ffbaafd4",
            "message": "changed PPP name",
            "insertions": 1,
            "deletions": 1
          },
          {
            "hash": "f720781eb4e576bf97833430eff1f638a5779c4f",
            "message": "Fixed PPP bug",
            "insertions": 0,
            "deletions": 0
          },
          {
            "hash": "1fe9e769f44e3e11c2025814ba7ac69da37c4011",
            "message": "Update to DG and PPP",
            "insertions": 86,
            "deletions": 57
          },
          {
            "hash": "4f2e38cb0ca36be44d1918f521a61694fe6488e0",
            "message": "PPP formatting",
            "insertions": 0,
            "deletions": 6
          },
          {
            "hash": "29685d74800485f6ec465a47d07172fb6aa27801",
            "message": "Updated Ui.png",
            "insertions": 2,
            "deletions": 1
          },
          {
            "hash": "222506a1ad9eb47d48faba6af79f7717a92a6b7a",
            "message": "Updated PPP",
            "insertions": 9,
            "deletions": 7
          }
        ]
      }
    ],
    "eugeneyl": [
      {
        "insertions": 0,
        "deletions": 0,
        "date": "2019-02-10",
        "commitResults": []
      },
      {
        "insertions": 0,
        "deletions": 0,
        "date": "2019-02-11",
        "commitResults": []
      },
      {
        "insertions": 0,
        "deletions": 0,
        "date": "2019-02-12",
        "commitResults": []
      },
      {
        "insertions": 0,
        "deletions": 0,
        "date": "2019-02-13",
        "commitResults": []
      },
      {
        "insertions": 0,
        "deletions": 0,
        "date": "2019-02-14",
        "commitResults": []
      },
      {
        "insertions": 0,
        "deletions": 0,
        "date": "2019-02-15",
        "commitResults": []
      },
      {
        "insertions": 0,
        "deletions": 0,
        "date": "2019-02-16",
        "commitResults": []
      },
      {
        "insertions": 0,
        "deletions": 0,
        "date": "2019-02-17",
        "commitResults": []
      },
      {
        "insertions": 0,
        "deletions": 0,
        "date": "2019-02-18",
        "commitResults": []
      },
      {
        "insertions": 0,
        "deletions": 0,
        "date": "2019-02-19",
        "commitResults": []
      },
      {
        "insertions": 0,
        "deletions": 0,
        "date": "2019-02-20",
        "commitResults": []
      },
      {
        "insertions": 0,
        "deletions": 0,
        "date": "2019-02-21",
        "commitResults": []
      },
      {
        "insertions": 0,
        "deletions": 0,
        "date": "2019-02-22",
        "commitResults": []
      },
      {
        "insertions": 0,
        "deletions": 0,
        "date": "2019-02-23",
        "commitResults": []
      },
      {
        "insertions": 0,
        "deletions": 0,
        "date": "2019-02-24",
        "commitResults": []
      },
      {
        "insertions": 15,
        "deletions": 10,
        "date": "2019-02-25",
        "commitResults": [
          {
            "hash": "ee0aeee7b71fe58020ed76097569261df5c0127d",
            "message": "Updated README.adoc",
            "insertions": 14,
            "deletions": 9
          },
          {
            "hash": "612e17964ec5e4969b5251cb042e50ea966b6aae",
            "message": "Updated fig3 in DeveloperGuide.adoc",
            "insertions": 1,
            "deletions": 1
          }
        ]
      },
      {
        "insertions": 0,
        "deletions": 0,
        "date": "2019-02-26",
        "commitResults": []
      },
      {
        "insertions": 5,
        "deletions": 5,
        "date": "2019-02-27",
        "commitResults": [
          {
            "hash": "3085edeab4e2130676027087ac7b0f91c83eed50",
            "message": "Updated UI and Logic Component of developer guide (excl fig.6)",
            "insertions": 2,
            "deletions": 2
          },
          {
            "hash": "211cb9197221bd8640131b4cbf18452548cd74ff",
            "message": "Updated Model Component of Developer Guide",
            "insertions": 2,
            "deletions": 2
          },
          {
            "hash": "6b50d88e9d251421adc17d2804dd5afbab1f0747",
            "message": "Updated Storage Component of Developer Guide",
            "insertions": 1,
            "deletions": 1
          }
        ]
      },
      {
        "insertions": 0,
        "deletions": 0,
        "date": "2019-02-28",
        "commitResults": []
      },
      {
        "insertions": 172,
        "deletions": 172,
        "date": "2019-03-01",
        "commitResults": [
          {
            "hash": "6481a33e1f3a5c9538f6d4a73d0cf29a5e5675e0",
            "message": "Change \u0027find\u0027 command to \u0027search\u0027 and \u0027add\u0027 command to \u0027spend\u0027 as per userguide",
            "insertions": 139,
            "deletions": 139
          },
          {
            "hash": "13456e00ef8370b70c0bcd2a50f963d9f6f256d8",
            "message": "Edited order of import in AddressBookParser",
            "insertions": 2,
            "deletions": 2
          },
          {
            "hash": "5482ac6ace693a52e510e65c05639357ff469ce4",
            "message": "Minor bugfix",
            "insertions": 25,
            "deletions": 25
          },
          {
            "hash": "a7dd79d4ba0fe532dbec329f6d62a7321fddb2ea",
            "message": "Minor bugfix in testutil",
            "insertions": 2,
            "deletions": 2
          },
          {
            "hash": "e33ccb35589ec33f2d2835e897a6a0d1388a6749",
            "message": "Reordered import lines by lexicographical order",
            "insertions": 4,
            "deletions": 4
          }
        ]
      },
      {
        "insertions": 0,
        "deletions": 0,
        "date": "2019-03-02",
        "commitResults": []
      },
      {
        "insertions": 0,
        "deletions": 0,
        "date": "2019-03-03",
        "commitResults": []
      },
      {
        "insertions": 0,
        "deletions": 0,
        "date": "2019-03-04",
        "commitResults": []
      },
      {
        "insertions": 0,
        "deletions": 0,
        "date": "2019-03-05",
        "commitResults": []
      },
      {
        "insertions": 0,
        "deletions": 0,
        "date": "2019-03-06",
        "commitResults": []
      },
      {
        "insertions": 0,
        "deletions": 0,
        "date": "2019-03-07",
        "commitResults": []
      },
      {
        "insertions": 0,
        "deletions": 0,
        "date": "2019-03-08",
        "commitResults": []
      },
      {
        "insertions": 0,
        "deletions": 0,
        "date": "2019-03-09",
        "commitResults": []
      },
      {
        "insertions": 0,
        "deletions": 0,
        "date": "2019-03-10",
        "commitResults": []
      },
      {
        "insertions": 0,
        "deletions": 0,
        "date": "2019-03-11",
        "commitResults": []
      },
      {
        "insertions": 2214,
        "deletions": 2204,
        "date": "2019-03-12",
        "commitResults": [
          {
            "hash": "a1fd7d4a327ce56d84fbccd95bed3cabd4cd4b1d",
            "message": "Change all instances of person to record",
            "insertions": 2121,
            "deletions": 2166
          },
          {
            "hash": "372378cf4595c190c2966fe0269430f0da554cd2",
            "message": "Undo unwanted changes in LICENSE, UserGuide and README",
            "insertions": 12,
            "deletions": 12
          },
          {
            "hash": "b31d65f742a670e688700b43a7e29c735e0c29a0",
            "message": "Checkstyle fixes",
            "insertions": 29,
            "deletions": 4
          },
          {
            "hash": "78c74b71db138228dd78686eb0361ca09ca79b50",
            "message": "Checkstyle fixes",
            "insertions": 46,
            "deletions": 16
          },
          {
            "hash": "c3f9c3d23245989587a85acfbf95461b50414191",
            "message": "Checkstyle fixes",
            "insertions": 6,
            "deletions": 6
          }
        ]
      },
      {
        "insertions": 0,
        "deletions": 0,
        "date": "2019-03-13",
        "commitResults": []
      },
      {
        "insertions": 0,
        "deletions": 0,
        "date": "2019-03-14",
        "commitResults": []
      },
      {
        "insertions": 0,
        "deletions": 0,
        "date": "2019-03-15",
        "commitResults": []
      },
      {
        "insertions": 0,
        "deletions": 0,
        "date": "2019-03-16",
        "commitResults": []
      },
      {
        "insertions": 0,
        "deletions": 0,
        "date": "2019-03-17",
        "commitResults": []
      },
      {
        "insertions": 62,
        "deletions": 60,
        "date": "2019-03-18",
        "commitResults": [
          {
            "hash": "77d0dfd6bf81e6967e989bf8ab9878c617960d53",
            "message": "Amount will only allow 2 decimal place or no decimals at all",
            "insertions": 14,
            "deletions": 12
          },
          {
            "hash": "252336b1fda52285b5c4de3ee55556be8f9140a0",
            "message": "Amount will start with a $",
            "insertions": 45,
            "deletions": 45
          },
          {
            "hash": "fe37e5c8342a7f790336789f66d05112106f34ca",
            "message": "Checkstyle fix",
            "insertions": 2,
            "deletions": 2
          },
          {
            "hash": "9ad1476fcacb0a4afbac88e75b72771761db4446",
            "message": "Correct comments on INVALID_AMOUNT_DESC",
            "insertions": 1,
            "deletions": 1
          }
        ]
      },
      {
        "insertions": 40,
        "deletions": 0,
        "date": "2019-03-19",
        "commitResults": [
          {
            "hash": "beecfd5465ae799d3351c61525e185be2afd4216",
            "message": "Updated DeveloperGuide with search by tag implementation.",
            "insertions": 40,
            "deletions": 0
          }
        ]
      },
      {
        "insertions": 0,
        "deletions": 0,
        "date": "2019-03-20",
        "commitResults": []
      },
      {
        "insertions": 0,
        "deletions": 0,
        "date": "2019-03-21",
        "commitResults": []
      },
      {
        "insertions": 0,
        "deletions": 0,
        "date": "2019-03-22",
        "commitResults": []
      },
      {
        "insertions": 0,
        "deletions": 0,
        "date": "2019-03-23",
        "commitResults": []
      },
      {
        "insertions": 0,
        "deletions": 0,
        "date": "2019-03-24",
        "commitResults": []
      },
      {
        "insertions": 0,
        "deletions": 0,
        "date": "2019-03-25",
        "commitResults": []
      },
      {
        "insertions": 55,
        "deletions": 55,
        "date": "2019-03-26",
        "commitResults": [
          {
            "hash": "24cf65fabf2b32b46f82bb70cb9f64e9209e2629",
            "message": "Remove $ for amount.",
            "insertions": 51,
            "deletions": 51
          },
          {
            "hash": "938d6682cc4e0f5de6edc80735a3a0fef26a3f81",
            "message": "Checkstyle fix.",
            "insertions": 3,
            "deletions": 3
          },
          {
            "hash": "f7ff694da410c9d076f0b5feab6b4eb4a3fb493e",
            "message": "Added dollar sign prefix in record card before amount value.",
            "insertions": 1,
            "deletions": 1
          }
        ]
      },
      {
        "insertions": 104,
        "deletions": 37,
        "date": "2019-03-27",
        "commitResults": [
          {
            "hash": "5cd1dd28b421738978d5a25cd596d587eefc792f",
            "message": "Bug fixed.",
            "insertions": 2,
            "deletions": 2
          },
          {
            "hash": "407b7299f05ebc80c3e28f77a6767d357d1a3c8f",
            "message": "Checkstyle fixed.",
            "insertions": 1,
            "deletions": 1
          },
          {
            "hash": "57ed160f8bd28ec18646ba4acd273ecb00a3895e",
            "message": "Slight correction of comments",
            "insertions": 2,
            "deletions": 2
          },
          {
            "hash": "c98decdbf14a1d2f22f197dbfbb2e2321e29f71f",
            "message": "Added flag to search function to search by tag",
            "insertions": 91,
            "deletions": 29
          },
          {
            "hash": "bb4963c69ee40a1134640ecf23f44e7ff4b81f78",
            "message": "Updated user guider to reflect flag for search command",
            "insertions": 8,
            "deletions": 3
          }
        ]
      },
      {
        "insertions": 22,
        "deletions": 19,
        "date": "2019-03-28",
        "commitResults": [
          {
            "hash": "ea37f523340329667520373a3ba6365ac6d4d3d5",
            "message": "Checkstyle fix",
            "insertions": 16,
            "deletions": 13
          },
          {
            "hash": "23e257bbd4161496a0a52ed466523abeba8084c5",
            "message": "Checkstyle fix",
            "insertions": 1,
            "deletions": 1
          },
          {
            "hash": "40f70cb5994d9bb9d5e80c89833b5934a56fb1be",
            "message": "Checkstyle fix \u0026 change in message usage string for SearchCommand",
            "insertions": 5,
            "deletions": 5
          }
        ]
      },
      {
        "insertions": 0,
        "deletions": 0,
        "date": "2019-03-29",
        "commitResults": []
      },
      {
        "insertions": 0,
        "deletions": 0,
        "date": "2019-03-30",
        "commitResults": []
      },
      {
        "insertions": 0,
        "deletions": 0,
        "date": "2019-03-31",
        "commitResults": []
      },
      {
        "insertions": 0,
        "deletions": 0,
        "date": "2019-04-01",
        "commitResults": []
      },
      {
        "insertions": 477,
        "deletions": 129,
        "date": "2019-04-02",
        "commitResults": [
          {
            "hash": "24fc0543929a67cbe511448e23c81112f7cb7ac2",
            "message": "Added CategoryContainsKeywordsPredicate test.",
            "insertions": 137,
            "deletions": 52
          },
          {
            "hash": "5d985bd62ea2b7bf402ae56c2fca31a266ff2646",
            "message": "Added search by date function and relevant tests",
            "insertions": 137,
            "deletions": 6
          },
          {
            "hash": "553cb9e34f1020147b68219f401eee34a1cb4063",
            "message": "Taught application to display total sum of searched records and updated test.",
            "insertions": 16,
            "deletions": 3
          },
          {
            "hash": "92198e7392a422a6028ec4cfbd50528f48ba431b",
            "message": "Checkstyle fix",
            "insertions": 36,
            "deletions": 33
          },
          {
            "hash": "ae8e67057160aaac075bf4cb981e763960ea30ea",
            "message": "Checkstyle fix",
            "insertions": 12,
            "deletions": 10
          },
          {
            "hash": "2dcfb516770ee66e013f38e28ed9eef54a25f77f",
            "message": "Updated user guide to reflect changes in search function",
            "insertions": 5,
            "deletions": 3
          },
          {
            "hash": "0f875914c7541a1a3a660e9640768ed63567b18a",
            "message": "Updated developer guide for search command.",
            "insertions": 28,
            "deletions": 17
          },
          {
            "hash": "29c2d5a848039fe8ba950edc8209042c1338d10e",
            "message": "Change version number in mainApp",
            "insertions": 1,
            "deletions": 1
          },
          {
            "hash": "86a3f53dde2a7f8d1553f66855ee79b77bd27b4a",
            "message": "Created PPP for eugeneyl",
            "insertions": 96,
            "deletions": 1
          },
          {
            "hash": "5612e6a19431f7fcf1af231b497924b757cc4b0e",
            "message": "Updated eugeneyl PPP",
            "insertions": 9,
            "deletions": 3
          }
        ]
      }
    ],
    "kjiaxuan": [
      {
        "insertions": 0,
        "deletions": 0,
        "date": "2019-02-10",
        "commitResults": []
      },
      {
        "insertions": 0,
        "deletions": 0,
        "date": "2019-02-11",
        "commitResults": []
      },
      {
        "insertions": 0,
        "deletions": 0,
        "date": "2019-02-12",
        "commitResults": []
      },
      {
        "insertions": 0,
        "deletions": 0,
        "date": "2019-02-13",
        "commitResults": []
      },
      {
        "insertions": 0,
        "deletions": 0,
        "date": "2019-02-14",
        "commitResults": []
      },
      {
        "insertions": 0,
        "deletions": 0,
        "date": "2019-02-15",
        "commitResults": []
      },
      {
        "insertions": 0,
        "deletions": 0,
        "date": "2019-02-16",
        "commitResults": []
      },
      {
        "insertions": 0,
        "deletions": 0,
        "date": "2019-02-17",
        "commitResults": []
      },
      {
        "insertions": 63,
        "deletions": 10,
        "date": "2019-02-18",
        "commitResults": [
          {
            "hash": "360efdbc2d6fe71d409088ecc3591ce4ec33a0ca",
            "message": "Updated Non Functional Requirements",
            "insertions": 5,
            "deletions": 1
          },
          {
            "hash": "7fd92fcc2ad6ddfa4f9a445c40c20009368e4032",
            "message": "Updated glossary",
            "insertions": 8,
            "deletions": 2
          },
          {
            "hash": "7b484a16fa3383bacb5a23adbab3b8420b715277",
            "message": "Updated product survey",
            "insertions": 48,
            "deletions": 6
          },
          {
            "hash": "359d79b40d9403edbe3b42fa63968a6e7baef629",
            "message": "Made minor formatting changes",
            "insertions": 2,
            "deletions": 1
          }
        ]
      },
      {
        "insertions": 0,
        "deletions": 277,
        "date": "2019-02-19",
        "commitResults": [
          {
            "hash": "aae3ea00666f6740e082502acc74305a011d9fb2",
            "message": "Removed old Appendix A - Suggested Programming Tasks to Get Started",
            "insertions": 0,
            "deletions": 277
          }
        ]
      },
      {
        "insertions": 0,
        "deletions": 0,
        "date": "2019-02-20",
        "commitResults": []
      },
      {
        "insertions": 0,
        "deletions": 0,
        "date": "2019-02-21",
        "commitResults": []
      },
      {
        "insertions": 89,
        "deletions": 0,
        "date": "2019-02-22",
        "commitResults": [
          {
            "hash": "361fca96d340f4aa06344e31153ea32370b5a90e",
            "message": "Updated logic/commands to include alias function",
            "insertions": 10,
            "deletions": 0
          },
          {
            "hash": "e79fa508bf8f456b44d189babf8bf2c15e2e8e5f",
            "message": "Updated logic/parser to include alias function",
            "insertions": 10,
            "deletions": 0
          },
          {
            "hash": "0492bd703b3ebad81ca5f2ce9b48c2797ec1ff1c",
            "message": "Updated AddressBookParserTest.java to include alias tests",
            "insertions": 69,
            "deletions": 0
          }
        ]
      },
      {
        "insertions": 0,
        "deletions": 0,
        "date": "2019-02-23",
        "commitResults": []
      },
      {
        "insertions": 0,
        "deletions": 0,
        "date": "2019-02-24",
        "commitResults": []
      },
      {
        "insertions": 114,
        "deletions": 72,
        "date": "2019-02-25",
        "commitResults": [
          {
            "hash": "b391142f2b6367e7b4515f7b2f070007fe23bfba",
            "message": "Adjusted indentations in AddressBookParser.java",
            "insertions": 26,
            "deletions": 27
          },
          {
            "hash": "c69887bef72f4abaa7c3d27c6592f490db52ce72",
            "message": "Updated indentations in AddressBookParser.java",
            "insertions": 36,
            "deletions": 36
          },
          {
            "hash": "f2b377ba13037df57ed6fad3cd8c91426d2a0687",
            "message": "Updated formatting in AddressBookParserTest.java",
            "insertions": 3,
            "deletions": 2
          },
          {
            "hash": "0fa2dc98aedd61ea33012ec28b22c7088b272a1d",
            "message": "Updated Logic component to add in more aliases",
            "insertions": 46,
            "deletions": 4
          },
          {
            "hash": "3928995cb79b067409941e40228fabae3e2dc496",
            "message": "debugged an error in AddressBookParserTest.java",
            "insertions": 1,
            "deletions": 1
          },
          {
            "hash": "03f24c5c1af2b5a74de473ff520f094d481e74e3",
            "message": "Edited a method name in AddressBookParserTest.java",
            "insertions": 1,
            "deletions": 1
          },
          {
            "hash": "e06efd8c76bde407ee463ff3549e44011e9d00d3",
            "message": "Updated AddressBookParser.java to support case sensitivity in command words",
            "insertions": 1,
            "deletions": 1
          }
        ]
      },
      {
        "insertions": 0,
        "deletions": 0,
        "date": "2019-02-26",
        "commitResults": []
      },
      {
        "insertions": 0,
        "deletions": 0,
        "date": "2019-02-27",
        "commitResults": []
      },
      {
        "insertions": 0,
        "deletions": 0,
        "date": "2019-02-28",
        "commitResults": []
      },
      {
        "insertions": 0,
        "deletions": 0,
        "date": "2019-03-01",
        "commitResults": []
      },
      {
        "insertions": 0,
        "deletions": 0,
        "date": "2019-03-02",
        "commitResults": []
      },
      {
        "insertions": 0,
        "deletions": 0,
        "date": "2019-03-03",
        "commitResults": []
      },
      {
        "insertions": 0,
        "deletions": 0,
        "date": "2019-03-04",
        "commitResults": []
      },
      {
        "insertions": 0,
        "deletions": 0,
        "date": "2019-03-05",
        "commitResults": []
      },
      {
        "insertions": 0,
        "deletions": 0,
        "date": "2019-03-06",
        "commitResults": []
      },
      {
        "insertions": 0,
        "deletions": 0,
        "date": "2019-03-07",
        "commitResults": []
      },
      {
        "insertions": 0,
        "deletions": 0,
        "date": "2019-03-08",
        "commitResults": []
      },
      {
        "insertions": 0,
        "deletions": 0,
        "date": "2019-03-09",
        "commitResults": []
      },
      {
        "insertions": 0,
        "deletions": 0,
        "date": "2019-03-10",
        "commitResults": []
      },
      {
        "insertions": 0,
        "deletions": 0,
        "date": "2019-03-11",
        "commitResults": []
      },
      {
        "insertions": 691,
        "deletions": 673,
        "date": "2019-03-12",
        "commitResults": [
          {
            "hash": "cb71a91fa22cf65a5ae59fdfa563e8ef8503a291",
            "message": "Minor edits",
            "insertions": 1,
            "deletions": 1
          },
          {
            "hash": "289798778b258f2c47f9fcb337c78527ff5ea1a5",
            "message": "Included an introduction section",
            "insertions": 19,
            "deletions": 2
          },
          {
            "hash": "6f4c6c3d23e0798ab6f5387e8576f9f422e17418",
            "message": "Updated links in introduction",
            "insertions": 1,
            "deletions": 1
          },
          {
            "hash": "18d15dab535499f5d9e9a7870b0d5d7475bae5f5",
            "message": "commons: renamed directories",
            "insertions": 670,
            "deletions": 669
          }
        ]
      },
      {
        "insertions": 1480,
        "deletions": 1467,
        "date": "2019-03-13",
        "commitResults": [
          {
            "hash": "446c11521d1a3c9e3430dc20c5da8a807c9ede6e",
            "message": "logic: renamed directories",
            "insertions": 171,
            "deletions": 167
          },
          {
            "hash": "66c8d5d7f4b3452b8ea676732d1bea3c34bcdec6",
            "message": "model: renamed directories",
            "insertions": 155,
            "deletions": 156
          },
          {
            "hash": "01ade8892b5da5cfc601eb20c9cb20f1528610f5",
            "message": "storage: renamed directories",
            "insertions": 65,
            "deletions": 65
          },
          {
            "hash": "409020b5663ae9288fb1518fe9da1a209e28c15f",
            "message": "ui: renamed directories",
            "insertions": 27,
            "deletions": 27
          },
          {
            "hash": "849a3df5a6e56f0f7c7a40e4fbb52bb158ecb091",
            "message": "test/data and test/java/guitests: renamed directories",
            "insertions": 76,
            "deletions": 81
          },
          {
            "hash": "65c2f68bde95cbd35aaf9874ffe78043202017bb",
            "message": "test/..../commons: renamed directories",
            "insertions": 21,
            "deletions": 21
          },
          {
            "hash": "6d2100c4a7d3de9043c1d4d6d83204756dc2c07d",
            "message": "test/..../logic: Renamed directories",
            "insertions": 375,
            "deletions": 361
          },
          {
            "hash": "345c22254f4d71c26ab422e878b2316e4b29eb87",
            "message": "test/..../model: Renamed directories",
            "insertions": 213,
            "deletions": 213
          },
          {
            "hash": "9133e444293eea0eca845b9d3de2b937308c3bf0",
            "message": "test/..../storage: Renamed Directories",
            "insertions": 67,
            "deletions": 67
          },
          {
            "hash": "777d3e5ec92a49e3319da5ef450f09a93f0319f5",
            "message": "test/..../testutil: renamed directories",
            "insertions": 17,
            "deletions": 16
          },
          {
            "hash": "0f0d600a4a9083e14ae031e21b59d56e635e5f17",
            "message": "test/..../ui: renamed directories",
            "insertions": 34,
            "deletions": 34
          },
          {
            "hash": "d86df3d5da6b1743b49230b7570b7a700ed26c88",
            "message": "test/java/systemtests: Renamed directories",
            "insertions": 255,
            "deletions": 255
          },
          {
            "hash": "5de1c5e4ebaa550a92a2fbb154d5fdd0f6e4a2f3",
            "message": "test/resources/view/UiPartTest: Renamed directories",
            "insertions": 3,
            "deletions": 3
          },
          {
            "hash": "2a14f07be4afa760d53da3648c0e6ca74ea0a472",
            "message": "renamed addressbook.log to financetracker.log",
            "insertions": 1,
            "deletions": 1
          }
        ]
      },
      {
        "insertions": 107,
        "deletions": 76,
        "date": "2019-03-14",
        "commitResults": [
          {
            "hash": "1b34b093f615d31f2eec29f2dc141350e661d01c",
            "message": "checkstyle fix",
            "insertions": 17,
            "deletions": 10
          },
          {
            "hash": "11bfe3c69fdf27c2196217ae205ed3306d10990f",
            "message": "checkStyleMain fix 1",
            "insertions": 3,
            "deletions": 3
          },
          {
            "hash": "3cbd45a0ce3cee4badecd4ee081aab6d4b98c4f6",
            "message": "checkStyleTest fix 1",
            "insertions": 48,
            "deletions": 25
          },
          {
            "hash": "f51aacc0835ae3e48620ec482dad54afc843f6be",
            "message": "FinanceTrackerTest: formatted import statements",
            "insertions": 3,
            "deletions": 4
          },
          {
            "hash": "94e7c9496863724bf7e2422291704407d9ab0f98",
            "message": "Updated person to record in fxml files",
            "insertions": 33,
            "deletions": 30
          },
          {
            "hash": "ad868872685fc18adbf97504a2b509f1bc342e13",
            "message": "Checkstyle fix",
            "insertions": 0,
            "deletions": 1
          },
          {
            "hash": "f7958d4389206f31842f5a921337298cde019f17",
            "message": "resolve JsonSerializableFinanceTrackerTest error",
            "insertions": 3,
            "deletions": 3
          }
        ]
      },
      {
        "insertions": 0,
        "deletions": 0,
        "date": "2019-03-15",
        "commitResults": []
      },
      {
        "insertions": 0,
        "deletions": 0,
        "date": "2019-03-16",
        "commitResults": []
      },
      {
        "insertions": 0,
        "deletions": 0,
        "date": "2019-03-17",
        "commitResults": []
      },
      {
        "insertions": 0,
        "deletions": 0,
        "date": "2019-03-18",
        "commitResults": []
      },
      {
        "insertions": 75,
        "deletions": 29,
        "date": "2019-03-19",
        "commitResults": [
          {
            "hash": "f515c50b7f32013094811eec31d9a8e76a143a8e",
            "message": "Changed PREFIX_CATEGORY from t/ to c/",
            "insertions": 1,
            "deletions": 1
          },
          {
            "hash": "f546647b4cc27f61bc6cbd38ab3fee60615c25c7",
            "message": "Updated FinanceTrackerParser to accept case insensitive commands",
            "insertions": 1,
            "deletions": 1
          },
          {
            "hash": "c520b048922d4575c12ac858422b06d4b2aa54a1",
            "message": "Updated commandsystemtests to accept mixed case commands",
            "insertions": 14,
            "deletions": 10
          },
          {
            "hash": "a314ef1fcb4d75142ff942d5cc55ebdbaf9d86f8",
            "message": "Deleted unused import statements",
            "insertions": 0,
            "deletions": 4
          },
          {
            "hash": "8833266127942cedd31d6aae834d5a25cb6e4ab4",
            "message": "Travis fix",
            "insertions": 4,
            "deletions": 4
          },
          {
            "hash": "cc37a41ac3c0ad571f47c2a61f97557322eafb4b",
            "message": "Updated implementation section for sort feature",
            "insertions": 40,
            "deletions": 1
          },
          {
            "hash": "c51e8f1cd6cb43ef40eb0a9e2adf304b891d143e",
            "message": "Updated glossary sections of both doc to correspond",
            "insertions": 15,
            "deletions": 8
          }
        ]
      },
      {
        "insertions": 0,
        "deletions": 0,
        "date": "2019-03-20",
        "commitResults": []
      },
      {
        "insertions": 221,
        "deletions": 108,
        "date": "2019-03-21",
        "commitResults": [
          {
            "hash": "5882f1ca1619f4f6f7bb86ab9c4fa38d14c3a911",
            "message": "UserGuide: updated",
            "insertions": 217,
            "deletions": 105
          },
          {
            "hash": "ea03e41a95d7165fa9ed17ca6e76ada0a9074e1e",
            "message": "UG: minor formatting edits",
            "insertions": 4,
            "deletions": 3
          }
        ]
      },
      {
        "insertions": 0,
        "deletions": 0,
        "date": "2019-03-22",
        "commitResults": []
      },
      {
        "insertions": 0,
        "deletions": 0,
        "date": "2019-03-23",
        "commitResults": []
      },
      {
        "insertions": 0,
        "deletions": 0,
        "date": "2019-03-24",
        "commitResults": []
      },
      {
        "insertions": 0,
        "deletions": 0,
        "date": "2019-03-25",
        "commitResults": []
      },
      {
        "insertions": 95,
        "deletions": 31,
        "date": "2019-03-26",
        "commitResults": [
          {
            "hash": "823095e2299bee3f52d02d61dab25ef2183530b3",
            "message": "Included a DateTimeFormatter formatter and LocalDate date",
            "insertions": 45,
            "deletions": 15
          },
          {
            "hash": "dfdbbc15c4d3a3e2d82f230b5a5bf69aa6954e80",
            "message": "Created a ListReverseCommand class",
            "insertions": 40,
            "deletions": 0
          },
          {
            "hash": "cfa42e0f4017d2ea9efdc6017fc28444870b2a0f",
            "message": "Removed validation regex in Date.java",
            "insertions": 9,
            "deletions": 15
          },
          {
            "hash": "69fa189070e85abb6d16ea73c623551cb51a3a9f",
            "message": "Updated DateTest.java",
            "insertions": 1,
            "deletions": 1
          }
        ]
      },
      {
        "insertions": 133,
        "deletions": 26,
        "date": "2019-03-27",
        "commitResults": [
          {
            "hash": "cc121a520c703f863cf584cb5d3a679991e3ff0b",
            "message": "Implemented ReverseCommand, can only work on general list",
            "insertions": 37,
            "deletions": 12
          },
          {
            "hash": "7223354b7182997423d48e5f902b90ff5472c087",
            "message": "Added tests related to Reverse Command",
            "insertions": 80,
            "deletions": 0
          },
          {
            "hash": "8b6e487799cc4a8473d2090c7ae4e6b757934f6f",
            "message": "Checkstyle Fixes",
            "insertions": 16,
            "deletions": 14
          }
        ]
      },
      {
        "insertions": 292,
        "deletions": 7,
        "date": "2019-03-28",
        "commitResults": [
          {
            "hash": "e981af24aa171189d9695faa971058d09e6657f2",
            "message": "Added command logic for SortCommand",
            "insertions": 223,
            "deletions": 1
          },
          {
            "hash": "c4cf58689bdf1ec91e0b516bb388133a5a98c1ee",
            "message": "Implemented parsing of sort commands",
            "insertions": 69,
            "deletions": 6
          }
        ]
      },
      {
        "insertions": 205,
        "deletions": 14,
        "date": "2019-03-29",
        "commitResults": [
          {
            "hash": "69e0a7a5edb4fc606ccea49429109b859fcf9703",
            "message": "Edited SortCommandParser so that it will not accept -category just because -cat is inside",
            "insertions": 10,
            "deletions": 4
          },
          {
            "hash": "078ecb14396dd231133f35838c08610ded7ff177",
            "message": "Added SortCommandTest, SortCommandParserTest and updated FinanceTrackerParserTest",
            "insertions": 195,
            "deletions": 10
          }
        ]
      },
      {
        "insertions": 7,
        "deletions": 10,
        "date": "2019-03-30",
        "commitResults": [
          {
            "hash": "a8348cc03661bf693247760fdd39a9545dd91e30",
            "message": "Updated introduction in dg",
            "insertions": 7,
            "deletions": 10
          }
        ]
      },
      {
        "insertions": 0,
        "deletions": 0,
        "date": "2019-03-31",
        "commitResults": []
      },
      {
        "insertions": 333,
        "deletions": 269,
        "date": "2019-04-01",
        "commitResults": [
          {
            "hash": "499ef99ea0213b90ee6b2918495e5fc2795dd0a2",
            "message": "AboutUs: Updated roles and responsibilities",
            "insertions": 10,
            "deletions": 5
          },
          {
            "hash": "e4a12fcf1f0fbedceb45791c8c55dde1477201ce",
            "message": "UG: reordered features, added sort and reverse",
            "insertions": 176,
            "deletions": 122
          },
          {
            "hash": "0ff054899afb491f89f8c78b466016d8f52e2f46",
            "message": "Allow TOC in userguide to show smaller headings in features",
            "insertions": 1,
            "deletions": 0
          },
          {
            "hash": "413e607f863d05f01ed01a514b16e8a94d0d7707",
            "message": "Checking if menus and buttons working",
            "insertions": 11,
            "deletions": 8
          },
          {
            "hash": "4f6640e003c91016a9a412788e507a62900fb9bf",
            "message": "Experiementing with menu",
            "insertions": 1,
            "deletions": 5
          },
          {
            "hash": "0bc73294ba222028cadd3c39a328131c636152ec",
            "message": "Experiement with menus",
            "insertions": 1,
            "deletions": 1
          },
          {
            "hash": "bc0d1cbbcee93b5e62357e03cdd4da204aa164e8",
            "message": "Updated url and setting up section",
            "insertions": 11,
            "deletions": 11
          },
          {
            "hash": "47ab16d7783b5434220f8c5278dea47bdeff32f0",
            "message": "DG: updated 2.4.1 and 2.4.2",
            "insertions": 9,
            "deletions": 8
          },
          {
            "hash": "6c1c8fd687ed16c45e82d13b3bb09263bd0d04dc",
            "message": "DG: updated 3.1",
            "insertions": 9,
            "deletions": 7
          },
          {
            "hash": "8ab34102253db8ca5c159b5e629ff4cab8a8544b",
            "message": "UG: updated 3.2 UI component",
            "insertions": 5,
            "deletions": 3
          },
          {
            "hash": "aede8a5c8b31389cfa99ca45894641d718baa7e0",
            "message": "DG: updated logic, model, and storage sections",
            "insertions": 10,
            "deletions": 8
          },
          {
            "hash": "0fa6bcb5d2662e241e0d6f821ed2eb456413709c",
            "message": "DG: updated Implementation Undo/Redo Steps 1 - 4",
            "insertions": 22,
            "deletions": 16
          },
          {
            "hash": "feaaaad2f76b5829096b20aa91a8b6fbc70577e7",
            "message": "DG: updated sections before documentation",
            "insertions": 7,
            "deletions": 6
          },
          {
            "hash": "ede59fc0ea4efb4114cbc3aed397c24c2f77dc29",
            "message": "Updated dg",
            "insertions": 58,
            "deletions": 67
          },
          {
            "hash": "04ca2ef033e0a7b05dbd6946d10a693d8c44ffbd",
            "message": "minor edits to dg",
            "insertions": 2,
            "deletions": 2
          }
        ]
      },
      {
        "insertions": 215,
        "deletions": 105,
        "date": "2019-04-02",
        "commitResults": [
          {
            "hash": "0f9dbdf66fe227591ac1f684936f59e1c69ce8c5",
            "message": "Removed previous sort implementation text in dg",
            "insertions": 0,
            "deletions": 23
          },
          {
            "hash": "e7257c1e64a9a2530420ffc8d70f88dccf2324bc",
            "message": "Allowing duplicate records in spend command",
            "insertions": 29,
            "deletions": 25
          },
          {
            "hash": "6ce01c7c07391d5f7d9d6eef2a4ee9b33f77c617",
            "message": "Updated SpendCommandTest",
            "insertions": 15,
            "deletions": 13
          },
          {
            "hash": "ced47f0c5e0f14c310b31e77d664cdecb3352a82",
            "message": "Fix checkstyle error",
            "insertions": 2,
            "deletions": 4
          },
          {
            "hash": "e54b4e81ce49e84872bc6282e00c7e49d723fc43",
            "message": "Fixed tests",
            "insertions": 9,
            "deletions": 7
          },
          {
            "hash": "5431f1f104dfbacd0fcd9e0f4d29d57175c72ad6",
            "message": "Updated edit command to allow duplicate records",
            "insertions": 18,
            "deletions": 29
          },
          {
            "hash": "ddcad6f9290703a491d4156d22ee48027dd77b6a",
            "message": "Updated Implementation section: Sort Feature",
            "insertions": 50,
            "deletions": 1
          },
          {
            "hash": "2a5811cef99ac791d395f8f3849e5f230ecc21cb",
            "message": "DG: updated implementation section\u0027s reverse feature",
            "insertions": 24,
            "deletions": 2
          },
          {
            "hash": "653d480c1ab8743480bf6a73fb047ed36b314f04",
            "message": "Added template for ppp",
            "insertions": 15,
            "deletions": 0
          },
          {
            "hash": "9b5ea12119cf35b572d950c06a836233791524e4",
            "message": "ppp edits",
            "insertions": 52,
            "deletions": 0
          },
          {
            "hash": "ea0ab1858dc3384ebdd03a79d56e5494881271be",
            "message": "newline",
            "insertions": 1,
            "deletions": 1
          }
        ]
      }
    ]
  },
  "authorFinalContributionMap": {
    "geezlouisee": 1247,
    "JeremyLoye": 1247,
    "Jackimaru96": 3662,
    "eugeneyl": 1943,
    "kjiaxuan": 3357
  },
  "authorContributionVariance": {
    "geezlouisee": 26855.027,
    "JeremyLoye": 73992.3,
    "Jackimaru96": 106969.68,
    "eugeneyl": 372989.53,
    "kjiaxuan": 200825.16
  },
  "authorDisplayNameMap": {
    "geezlouisee": "LOUISE LEE HUI LING",
    "JeremyLoye": "LOYE HEAN WEI JEREMY",
    "Jackimaru96": "JACK CHEN YU JIE",
    "eugeneyl": "YONG LE EUGENE",
    "kjiaxuan": "KOK JIA XUAN"
  }
}
