{
  "authorDailyContributionsMap": {
    "bentwj": [
      {
        "insertions": 0,
        "deletions": 0,
        "date": "2019-02-10",
        "commitResults": []
      },
      {
        "insertions": 0,
        "deletions": 0,
        "date": "2019-02-11",
        "commitResults": []
      },
      {
        "insertions": 0,
        "deletions": 0,
        "date": "2019-02-12",
        "commitResults": []
      },
      {
        "insertions": 0,
        "deletions": 0,
        "date": "2019-02-13",
        "commitResults": []
      },
      {
        "insertions": 0,
        "deletions": 0,
        "date": "2019-02-14",
        "commitResults": []
      },
      {
        "insertions": 0,
        "deletions": 0,
        "date": "2019-02-15",
        "commitResults": []
      },
      {
        "insertions": 16,
        "deletions": 17,
        "date": "2019-02-16",
        "commitResults": [
          {
            "hash": "22b8f83b2431fa1aa847be7a7b8cce144db71834",
            "message": "AboutUs.adoc: add Tan Wenjian picture and github info",
            "insertions": 6,
            "deletions": 6
          },
          {
            "hash": "0b5fc7bab81e7ba89599d713003048e16b813a39",
            "message": "update README.adoc",
            "insertions": 3,
            "deletions": 3
          },
          {
            "hash": "37b4ce90474c1234c046474745969519c0c3eb18",
            "message": "fix trailing whitespaces",
            "insertions": 3,
            "deletions": 3
          },
          {
            "hash": "fe6ff9df485b7f32d20a01aed4aa1a30e0fe5bec",
            "message": "update docs",
            "insertions": 4,
            "deletions": 5
          }
        ]
      },
      {
        "insertions": 25,
        "deletions": 17,
        "date": "2019-02-17",
        "commitResults": [
          {
            "hash": "dbd70b0a7bd3767b61ec65d77e07708437a4b740",
            "message": "UserGuide: update 3.1.5. Administration - viewing statistics: stats",
            "insertions": 25,
            "deletions": 17
          }
        ]
      },
      {
        "insertions": 59,
        "deletions": 1,
        "date": "2019-02-18",
        "commitResults": [
          {
            "hash": "0f97deccd8939557f1c0c951add2ab5d88b842ec",
            "message": "DeveloperGuide.adoc: add use case for viewing statistics",
            "insertions": 59,
            "deletions": 1
          }
        ]
      },
      {
        "insertions": 22,
        "deletions": 11,
        "date": "2019-02-19",
        "commitResults": [
          {
            "hash": "d49baa07ab8d4c0bdbf9d4e25e4f707e9bdb3e27",
            "message": "update user guide for alias support",
            "insertions": 12,
            "deletions": 11
          },
          {
            "hash": "67701ffc3e2efe603bdd7c7f7dd9ccfa187f2d47",
            "message": "Logic: add command alias for add command",
            "insertions": 10,
            "deletions": 0
          }
        ]
      },
      {
        "insertions": 0,
        "deletions": 0,
        "date": "2019-02-20",
        "commitResults": []
      },
      {
        "insertions": 0,
        "deletions": 0,
        "date": "2019-02-21",
        "commitResults": []
      },
      {
        "insertions": 0,
        "deletions": 0,
        "date": "2019-02-22",
        "commitResults": []
      },
      {
        "insertions": 0,
        "deletions": 0,
        "date": "2019-02-23",
        "commitResults": []
      },
      {
        "insertions": 0,
        "deletions": 0,
        "date": "2019-02-24",
        "commitResults": []
      },
      {
        "insertions": 0,
        "deletions": 0,
        "date": "2019-02-25",
        "commitResults": []
      },
      {
        "insertions": 0,
        "deletions": 0,
        "date": "2019-02-26",
        "commitResults": []
      },
      {
        "insertions": 0,
        "deletions": 0,
        "date": "2019-02-27",
        "commitResults": []
      },
      {
        "insertions": 202,
        "deletions": 0,
        "date": "2019-02-28",
        "commitResults": [
          {
            "hash": "5f4882e98e7a0277ec523a998eae4d8fd5f74b58",
            "message": "barebones for record and statistics",
            "insertions": 202,
            "deletions": 0
          }
        ]
      },
      {
        "insertions": 0,
        "deletions": 0,
        "date": "2019-03-01",
        "commitResults": []
      },
      {
        "insertions": 0,
        "deletions": 0,
        "date": "2019-03-02",
        "commitResults": []
      },
      {
        "insertions": 0,
        "deletions": 0,
        "date": "2019-03-03",
        "commitResults": []
      },
      {
        "insertions": 206,
        "deletions": 86,
        "date": "2019-03-04",
        "commitResults": [
          {
            "hash": "80a6a6d2427ca9d7f0548ea9a779060341990863",
            "message": "Record and subclasses",
            "insertions": 180,
            "deletions": 84
          },
          {
            "hash": "41d8cf698bac2870743bb0a352152f55b28c9e30",
            "message": "statistics command",
            "insertions": 26,
            "deletions": 2
          }
        ]
      },
      {
        "insertions": 593,
        "deletions": 94,
        "date": "2019-03-05",
        "commitResults": [
          {
            "hash": "ee6d6690b519a40dbc44cfb4984799cc7e6e4eaf",
            "message": "add StatisticsCommandTest and StatisticsCommandParserTest",
            "insertions": 136,
            "deletions": 28
          },
          {
            "hash": "85715127435fcdb1768e5afea463009073d64b61",
            "message": "add FinanceStatistics and ConsultationStatistics",
            "insertions": 107,
            "deletions": 18
          },
          {
            "hash": "d01b3e75cdf189429c96db03266574087ee4463c",
            "message": "add newline at test eof",
            "insertions": 4,
            "deletions": 2
          },
          {
            "hash": "226e6431e295877b1d03e2f0439a4be77c78d021",
            "message": "StatisticsCommandTest.java: fix import statements",
            "insertions": 0,
            "deletions": 2
          },
          {
            "hash": "61a09c73a9c25b9f8df85649c39aad364da14e47",
            "message": "add ConsultationRecordTest",
            "insertions": 38,
            "deletions": 0
          },
          {
            "hash": "ddd05ed18aa0770c55060ebbcc07ad8248fe8802",
            "message": "add FinancesStatisticsTest",
            "insertions": 31,
            "deletions": 4
          },
          {
            "hash": "fc39a84fe8aeeda0951f40d99cc1548945f0d8cc",
            "message": "add MedicinePurchaseRecordTest",
            "insertions": 13,
            "deletions": 2
          },
          {
            "hash": "e21a5813d0b9da71850ad6d5536f35c729fcc21f",
            "message": "add ConsultationStatisticsTest",
            "insertions": 32,
            "deletions": 4
          },
          {
            "hash": "9d1d6eaa61d3c0ed2d5475079279d415bc502476",
            "message": "add MonthRecordTest",
            "insertions": 40,
            "deletions": 0
          },
          {
            "hash": "7a50d5428d05067e583524175ae54983b6d348d0",
            "message": "add StatisticsTest",
            "insertions": 70,
            "deletions": 2
          },
          {
            "hash": "83ca8253c5f5302ea3d5fc34f291c106e09e6a78",
            "message": "add StatisticsCommandTest",
            "insertions": 65,
            "deletions": 3
          },
          {
            "hash": "fe18cd84c5fed561847d58d0902872ec953243c3",
            "message": "add RecordManagerTest",
            "insertions": 45,
            "deletions": 0
          },
          {
            "hash": "b2b8541991acb2f2b0c2c31e8b833f179b92029c",
            "message": "update UserGuide for statistics command",
            "insertions": 7,
            "deletions": 24
          },
          {
            "hash": "d3bb9317263d8fa43fabf3285466e603879947da",
            "message": "fix checkstyle for Record/Statistics tests",
            "insertions": 4,
            "deletions": 4
          },
          {
            "hash": "9b019c2fa0aa35ca7ba97f898035c7c731beddf3",
            "message": "fix missing javadoc error",
            "insertions": 1,
            "deletions": 1
          }
        ]
      },
      {
        "insertions": 0,
        "deletions": 0,
        "date": "2019-03-06",
        "commitResults": []
      },
      {
        "insertions": 0,
        "deletions": 0,
        "date": "2019-03-07",
        "commitResults": []
      },
      {
        "insertions": 0,
        "deletions": 0,
        "date": "2019-03-08",
        "commitResults": []
      },
      {
        "insertions": 0,
        "deletions": 0,
        "date": "2019-03-09",
        "commitResults": []
      },
      {
        "insertions": 0,
        "deletions": 0,
        "date": "2019-03-10",
        "commitResults": []
      },
      {
        "insertions": 0,
        "deletions": 0,
        "date": "2019-03-11",
        "commitResults": []
      },
      {
        "insertions": 70,
        "deletions": 49,
        "date": "2019-03-12",
        "commitResults": [
          {
            "hash": "d45ede15bd740a27234fd1024dc1643cbc85c20d",
            "message": "change ConsultationRecord and MedicinePurchaseRecord constructors, update relevant tests",
            "insertions": 63,
            "deletions": 48
          },
          {
            "hash": "39414f272f19787cfe783a81f9ef92a0110662c3",
            "message": "fix checkstyle for StatisticTest",
            "insertions": 7,
            "deletions": 1
          }
        ]
      },
      {
        "insertions": 0,
        "deletions": 0,
        "date": "2019-03-13",
        "commitResults": []
      },
      {
        "insertions": 0,
        "deletions": 0,
        "date": "2019-03-14",
        "commitResults": []
      },
      {
        "insertions": 0,
        "deletions": 0,
        "date": "2019-03-15",
        "commitResults": []
      },
      {
        "insertions": 0,
        "deletions": 0,
        "date": "2019-03-16",
        "commitResults": []
      },
      {
        "insertions": 262,
        "deletions": 57,
        "date": "2019-03-17",
        "commitResults": [
          {
            "hash": "1f7a71552ff374f316e5c34609586b0baadda6c0",
            "message": "update user guide",
            "insertions": 9,
            "deletions": 6
          },
          {
            "hash": "2816497eadc769168f5ddcf44a22de84ee6a2c43",
            "message": "add SetConsultationFeeCommand and it\u0027s parser",
            "insertions": 107,
            "deletions": 1
          },
          {
            "hash": "1d306958917e0ad03d621942898536e9ac7c1e8b",
            "message": "add SetConsultationFeeCommandParserTest",
            "insertions": 47,
            "deletions": 2
          },
          {
            "hash": "38240c40b19b90ae3998e423746e5583ff721b15",
            "message": "add SetConsultationFeeCommandTest",
            "insertions": 49,
            "deletions": 19
          },
          {
            "hash": "53425ce6ee610407caec061704f43811d61f74a7",
            "message": "fix setConsultationFee output format and test",
            "insertions": 4,
            "deletions": 2
          },
          {
            "hash": "3a979332d9cba042a469aa1282eff983d61b95ce",
            "message": "update PurchaseMedicineRecord",
            "insertions": 3,
            "deletions": 3
          },
          {
            "hash": "0ee1039e9d50ee4fdd3f33d1e818110f4e241337",
            "message": "changed Statistics.currencyFormat() method comments",
            "insertions": 3,
            "deletions": 3
          },
          {
            "hash": "da29665154ed621db10f9dfe502a3235029434ef",
            "message": "update ConsultationRecord and its test",
            "insertions": 7,
            "deletions": 3
          },
          {
            "hash": "98039544a84c8b495acf995fa23f68cef45a1473",
            "message": "fix EndConsultationTest due to ConsultationRecord change with medicine price",
            "insertions": 2,
            "deletions": 0
          },
          {
            "hash": "344ef5337d341c413e2429b5522c666a1705e0b2",
            "message": "fix StatisticsCommandTest checkstyle",
            "insertions": 2,
            "deletions": 1
          },
          {
            "hash": "8eab609a0257003ae945cb5f41d3c69e0648faa1",
            "message": "changed ConsultationRecord to be able to take in medicine without prices for now",
            "insertions": 10,
            "deletions": 1
          },
          {
            "hash": "92ebfcc1ab378b1f24b0871c5e60c8f296f90afe",
            "message": "add alias for SetConsultationFeeCommand",
            "insertions": 12,
            "deletions": 6
          },
          {
            "hash": "76b3bf8afcc6a1ddffd0c5562dfa1419fdb5b43a",
            "message": "changed how SetConsultationFeeCommand is parsed and updated the tests",
            "insertions": 7,
            "deletions": 10
          }
        ]
      },
      {
        "insertions": 0,
        "deletions": 0,
        "date": "2019-03-18",
        "commitResults": []
      },
      {
        "insertions": 408,
        "deletions": 206,
        "date": "2019-03-19",
        "commitResults": [
          {
            "hash": "e890a2ee31ab6ac221bd25a2e1e60bfc1e43df49",
            "message": "update user guide",
            "insertions": 59,
            "deletions": 42
          },
          {
            "hash": "5d77d7c403878bbbcca8766fa6fe0bc4148f3c09",
            "message": "update legends to its own section",
            "insertions": 29,
            "deletions": 17
          },
          {
            "hash": "f08431ca9b2aa176ed136cdf6a5688196ae9ef60",
            "message": "update userguide formatting for features and added FAQ",
            "insertions": 162,
            "deletions": 111
          },
          {
            "hash": "cf7e4f25e3f25aa2c985aea8a5666309a6da1cee",
            "message": "update user guide with command summary and links",
            "insertions": 67,
            "deletions": 14
          },
          {
            "hash": "8b32bb1980ae7d68a202799608f5121b95c32053",
            "message": "fix userguide typo",
            "insertions": 0,
            "deletions": 1
          },
          {
            "hash": "0883a0718e443257205a4619be64539d995fbc91",
            "message": "update userguide",
            "insertions": 0,
            "deletions": 5
          },
          {
            "hash": "7894bc800bda7c17842a0670cbe3e35685f28dd6",
            "message": "userguide: fix bullet points for command summary",
            "insertions": 5,
            "deletions": 0
          },
          {
            "hash": "1353c2a7a16f98d3d5ee64ffd8958eb2ccf25f12",
            "message": "userguide: fix bullet points for command summary again",
            "insertions": 1,
            "deletions": 0
          },
          {
            "hash": "9aa5a1c7290697364f693a250083d23251767ded",
            "message": "update DG for Logic component",
            "insertions": 27,
            "deletions": 5
          },
          {
            "hash": "f494eb2da826ad42023c46dabec3b9b097209a56",
            "message": "update DG for individual implementation description",
            "insertions": 58,
            "deletions": 11
          }
        ]
      },
      {
        "insertions": 0,
        "deletions": 0,
        "date": "2019-03-20",
        "commitResults": []
      },
      {
        "insertions": 0,
        "deletions": 0,
        "date": "2019-03-21",
        "commitResults": []
      },
      {
        "insertions": 0,
        "deletions": 0,
        "date": "2019-03-22",
        "commitResults": []
      },
      {
        "insertions": 0,
        "deletions": 0,
        "date": "2019-03-23",
        "commitResults": []
      }
    ],
    "ongaaron96": [
      {
        "insertions": 0,
        "deletions": 0,
        "date": "2019-02-10",
        "commitResults": []
      },
      {
        "insertions": 0,
        "deletions": 0,
        "date": "2019-02-11",
        "commitResults": []
      },
      {
        "insertions": 0,
        "deletions": 0,
        "date": "2019-02-12",
        "commitResults": []
      },
      {
        "insertions": 0,
        "deletions": 0,
        "date": "2019-02-13",
        "commitResults": []
      },
      {
        "insertions": 0,
        "deletions": 0,
        "date": "2019-02-14",
        "commitResults": []
      },
      {
        "insertions": 0,
        "deletions": 0,
        "date": "2019-02-15",
        "commitResults": []
      },
      {
        "insertions": 0,
        "deletions": 0,
        "date": "2019-02-16",
        "commitResults": []
      },
      {
        "insertions": 0,
        "deletions": 0,
        "date": "2019-02-17",
        "commitResults": []
      },
      {
        "insertions": 0,
        "deletions": 0,
        "date": "2019-02-18",
        "commitResults": []
      },
      {
        "insertions": 0,
        "deletions": 0,
        "date": "2019-02-19",
        "commitResults": []
      },
      {
        "insertions": 0,
        "deletions": 0,
        "date": "2019-02-20",
        "commitResults": []
      },
      {
        "insertions": 0,
        "deletions": 0,
        "date": "2019-02-21",
        "commitResults": []
      },
      {
        "insertions": 0,
        "deletions": 0,
        "date": "2019-02-22",
        "commitResults": []
      },
      {
        "insertions": 0,
        "deletions": 0,
        "date": "2019-02-23",
        "commitResults": []
      },
      {
        "insertions": 0,
        "deletions": 0,
        "date": "2019-02-24",
        "commitResults": []
      },
      {
        "insertions": 0,
        "deletions": 0,
        "date": "2019-02-25",
        "commitResults": []
      },
      {
        "insertions": 0,
        "deletions": 0,
        "date": "2019-02-26",
        "commitResults": []
      },
      {
        "insertions": 0,
        "deletions": 0,
        "date": "2019-02-27",
        "commitResults": []
      },
      {
        "insertions": 0,
        "deletions": 0,
        "date": "2019-02-28",
        "commitResults": []
      },
      {
        "insertions": 0,
        "deletions": 0,
        "date": "2019-03-01",
        "commitResults": []
      },
      {
        "insertions": 0,
        "deletions": 0,
        "date": "2019-03-02",
        "commitResults": []
      },
      {
        "insertions": 0,
        "deletions": 0,
        "date": "2019-03-03",
        "commitResults": []
      },
      {
        "insertions": 0,
        "deletions": 0,
        "date": "2019-03-04",
        "commitResults": []
      },
      {
        "insertions": 0,
        "deletions": 0,
        "date": "2019-03-05",
        "commitResults": []
      },
      {
        "insertions": 0,
        "deletions": 0,
        "date": "2019-03-06",
        "commitResults": []
      },
      {
        "insertions": 0,
        "deletions": 0,
        "date": "2019-03-07",
        "commitResults": []
      },
      {
        "insertions": 0,
        "deletions": 0,
        "date": "2019-03-08",
        "commitResults": []
      },
      {
        "insertions": 0,
        "deletions": 0,
        "date": "2019-03-09",
        "commitResults": []
      },
      {
        "insertions": 0,
        "deletions": 0,
        "date": "2019-03-10",
        "commitResults": []
      },
      {
        "insertions": 0,
        "deletions": 0,
        "date": "2019-03-11",
        "commitResults": []
      },
      {
        "insertions": 0,
        "deletions": 0,
        "date": "2019-03-12",
        "commitResults": []
      },
      {
        "insertions": 0,
        "deletions": 0,
        "date": "2019-03-13",
        "commitResults": []
      },
      {
        "insertions": 0,
        "deletions": 0,
        "date": "2019-03-14",
        "commitResults": []
      },
      {
        "insertions": 0,
        "deletions": 0,
        "date": "2019-03-15",
        "commitResults": []
      },
      {
        "insertions": 0,
        "deletions": 0,
        "date": "2019-03-16",
        "commitResults": []
      },
      {
        "insertions": 0,
        "deletions": 0,
        "date": "2019-03-17",
        "commitResults": []
      },
      {
        "insertions": 0,
        "deletions": 0,
        "date": "2019-03-18",
        "commitResults": []
      },
      {
        "insertions": 0,
        "deletions": 0,
        "date": "2019-03-19",
        "commitResults": []
      },
      {
        "insertions": 0,
        "deletions": 0,
        "date": "2019-03-20",
        "commitResults": []
      },
      {
        "insertions": 0,
        "deletions": 0,
        "date": "2019-03-21",
        "commitResults": []
      },
      {
        "insertions": 0,
        "deletions": 0,
        "date": "2019-03-22",
        "commitResults": []
      },
      {
        "insertions": 0,
        "deletions": 0,
        "date": "2019-03-23",
        "commitResults": []
      }
    ],
    "simjiazhi": [
      {
        "insertions": 0,
        "deletions": 0,
        "date": "2019-02-10",
        "commitResults": []
      },
      {
        "insertions": 0,
        "deletions": 0,
        "date": "2019-02-11",
        "commitResults": []
      },
      {
        "insertions": 0,
        "deletions": 0,
        "date": "2019-02-12",
        "commitResults": []
      },
      {
        "insertions": 1,
        "deletions": 1,
        "date": "2019-02-13",
        "commitResults": [
          {
            "hash": "fce3c915c6bad4a21545f1368ca22686ab0b1a38",
            "message": "removed codacy badge",
            "insertions": 1,
            "deletions": 1
          }
        ]
      },
      {
        "insertions": 0,
        "deletions": 0,
        "date": "2019-02-14",
        "commitResults": []
      },
      {
        "insertions": 0,
        "deletions": 0,
        "date": "2019-02-15",
        "commitResults": []
      },
      {
        "insertions": 195,
        "deletions": 208,
        "date": "2019-02-16",
        "commitResults": [
          {
            "hash": "249f06989f1d8edc8605ec530e8226e12d5cc5b9",
            "message": "Added Sim Jia Zhi\u0027s Picture and github information for aboutUs page.",
            "insertions": 5,
            "deletions": 4
          },
          {
            "hash": "950c343c86589a91f6d1f15543bbaefe89b91cad",
            "message": "Updated simjiazhi.png to actual png format, change team description on top of aboutus.adoc",
            "insertions": 10,
            "deletions": 18
          },
          {
            "hash": "d650641df32701d5d27c519ebab61632962c6b45",
            "message": "Edited contactUs and README pages",
            "insertions": 5,
            "deletions": 12
          },
          {
            "hash": "9b1177b407c8d219ad1f015777ca6cd5fc4d4b09",
            "message": "Added Ui Mockup for README.adoc",
            "insertions": 2,
            "deletions": 2
          },
          {
            "hash": "cad65805f82c27c7bd46662ac5435c842c55de60",
            "message": "Replace Ui file with mockup png",
            "insertions": 2,
            "deletions": 2
          },
          {
            "hash": "a10dd05103ad8237621fe35c344738395cf3f12e",
            "message": "Updated user guide to quickdoc\u0027s documentation",
            "insertions": 168,
            "deletions": 167
          },
          {
            "hash": "71eaffd7c2f0c5bf783fea07c7e184cfb222ab64",
            "message": "Update user guide author and publishing date",
            "insertions": 1,
            "deletions": 1
          },
          {
            "hash": "16a7863a0d973311740765bbaae77bada76ba424",
            "message": "Remove trailing spaces for user guide for travis ci tests",
            "insertions": 2,
            "deletions": 2
          }
        ]
      },
      {
        "insertions": 177,
        "deletions": 25,
        "date": "2019-02-17",
        "commitResults": [
          {
            "hash": "03fd2dc660457939341e74cb4c262d5a9a8b145b",
            "message": "addition of total persons saved statusbar label",
            "insertions": 12,
            "deletions": 2
          },
          {
            "hash": "fdd5eb6e31436b1b0ee39aa16e4a13703a1bb0e2",
            "message": "Assign colors to tags in PersonCards using hashcode",
            "insertions": 74,
            "deletions": 3
          },
          {
            "hash": "f8344bbda709428c493dc12ae4bd5dcf46396867",
            "message": "Added next line for css EOF",
            "insertions": 1,
            "deletions": 1
          },
          {
            "hash": "7c1f4a9b2ae907114860c1328d058790164d421c",
            "message": "Added user stories to developer guide",
            "insertions": 16,
            "deletions": 7
          },
          {
            "hash": "66689d4a83417b3572bcfcd2f2383aa9d3864538",
            "message": "Added use cases for patient management",
            "insertions": 74,
            "deletions": 12
          }
        ]
      },
      {
        "insertions": 33,
        "deletions": 6,
        "date": "2019-02-18",
        "commitResults": [
          {
            "hash": "7b7d0b51daee47cb88e5ada6f309da74061cd731",
            "message": "Edited use cases for view patient records and consultation to handle more specific extensions",
            "insertions": 33,
            "deletions": 6
          }
        ]
      },
      {
        "insertions": 12,
        "deletions": 9,
        "date": "2019-02-19",
        "commitResults": [
          {
            "hash": "634b73e6f86dccf7c58ed3a0b9e9c0cd70db52cc",
            "message": "Fixed trailing space and use case title formatting",
            "insertions": 6,
            "deletions": 6
          },
          {
            "hash": "e93f276fe90bff9895821f3bab80b045dccdf037",
            "message": "Change lexicographical order of import in model/addressbook",
            "insertions": 1,
            "deletions": 1
          },
          {
            "hash": "237c516dc415f61427a86e40ffe4f37293d7cce8",
            "message": "Remove sub heading in use case section and added non functional requirements",
            "insertions": 5,
            "deletions": 2
          }
        ]
      },
      {
        "insertions": 0,
        "deletions": 0,
        "date": "2019-02-20",
        "commitResults": []
      },
      {
        "insertions": 0,
        "deletions": 0,
        "date": "2019-02-21",
        "commitResults": []
      },
      {
        "insertions": 0,
        "deletions": 0,
        "date": "2019-02-22",
        "commitResults": []
      },
      {
        "insertions": 142,
        "deletions": 5,
        "date": "2019-02-23",
        "commitResults": [
          {
            "hash": "3651c976a8e8626f656f0acac59b4e902c71de42",
            "message": "Created UI for QuickDocs",
            "insertions": 134,
            "deletions": 5
          },
          {
            "hash": "f398ca8951a5e5422b79db93b2c4554b2849d499",
            "message": "Added getDisplay() method in RootLayoutController",
            "insertions": 8,
            "deletions": 0
          }
        ]
      },
      {
        "insertions": 0,
        "deletions": 0,
        "date": "2019-02-24",
        "commitResults": []
      },
      {
        "insertions": 0,
        "deletions": 0,
        "date": "2019-02-25",
        "commitResults": []
      },
      {
        "insertions": 0,
        "deletions": 0,
        "date": "2019-02-26",
        "commitResults": []
      },
      {
        "insertions": 0,
        "deletions": 0,
        "date": "2019-02-27",
        "commitResults": []
      },
      {
        "insertions": 680,
        "deletions": 14,
        "date": "2019-02-28",
        "commitResults": [
          {
            "hash": "7be13545a68f6dfdcd243032b7c49384ce4b7220",
            "message": "Modified UI to accept and display CommandResult",
            "insertions": 22,
            "deletions": 9
          },
          {
            "hash": "4c9de038e9b5675245cea800956cb16d3c0dc72f",
            "message": "Written Name class and its test for patient class",
            "insertions": 72,
            "deletions": 0
          },
          {
            "hash": "6f7df4ab76a64c850564021dabe03edae639c208",
            "message": "Written Nric class and its test for patient class",
            "insertions": 82,
            "deletions": 0
          },
          {
            "hash": "c570355f949213e11cdea734c4c0c76b2912b4a8",
            "message": "Written Email class and its test for patient class",
            "insertions": 76,
            "deletions": 0
          },
          {
            "hash": "dc4b3c70a5b4f21d9e9625336c3d64fa08276eec",
            "message": "Written Address Class with its test for patient class",
            "insertions": 56,
            "deletions": 0
          },
          {
            "hash": "cc4e8913b71431db94f501cfd325d2533f045a38",
            "message": "Written Contact class and its test for patient class",
            "insertions": 65,
            "deletions": 0
          },
          {
            "hash": "a3071c42624848d58344ec3735b591cbf0c8181a",
            "message": "Written Gender Class and its test for patient class",
            "insertions": 65,
            "deletions": 0
          },
          {
            "hash": "47c07523dcf5354f459b36ebd0741fbd5dc1705f",
            "message": "Written Dob Class and its test for patient class",
            "insertions": 109,
            "deletions": 0
          },
          {
            "hash": "4009bf685249ca1aefbe6c66cbc068b4d03af5d7",
            "message": "Written Patient class and its test, rectified email regex checking",
            "insertions": 130,
            "deletions": 1
          },
          {
            "hash": "4ca57e6b74b2bc513536c117a5e1a603351fc1e5",
            "message": "Added Javadoc comment for address class",
            "insertions": 3,
            "deletions": 0
          },
          {
            "hash": "b3945d848ff4677059a14d99b45b09a41076f822",
            "message": "Removed unused imports for NameTest",
            "insertions": 0,
            "deletions": 4
          }
        ]
      },
      {
        "insertions": 2257,
        "deletions": 17,
        "date": "2019-03-01",
        "commitResults": [
          {
            "hash": "5fe3ffca2bff3fc42101db967f405a4fef85f278",
            "message": "Added AddPatientCommand, its parser and test cases",
            "insertions": 464,
            "deletions": 1
          },
          {
            "hash": "b128df2c0df031bd4156be9290bf66e698fbfee3",
            "message": "removed unused import in addpatientparser test",
            "insertions": 0,
            "deletions": 2
          },
          {
            "hash": "07749e84ff32a9572aa756315473f61c9b480bdb",
            "message": "Updated test files for Patient attribute classes and AddressBookParserTest",
            "insertions": 149,
            "deletions": 2
          },
          {
            "hash": "7db859b05cbe421c977198cad420f1208e1386bd",
            "message": "Added EditPatientCommand, parser, logic handling and JUnit Tests",
            "insertions": 784,
            "deletions": 2
          },
          {
            "hash": "0c2a9e473ec93a81117a909ed553f5881ff8ea60",
            "message": "Modify PatientEditedFields to check for optional value instead of equals null",
            "insertions": 8,
            "deletions": 8
          },
          {
            "hash": "6a9786bb70e1d10b8d3bb009303d6f913d307604",
            "message": "Added ListPatientCommand, ListPatientParser and its JUnit tests",
            "insertions": 852,
            "deletions": 0
          },
          {
            "hash": "ed1d4a87ae38b8080727a5955aa5dc38a0b3a4a1",
            "message": "Removed unused import for ListPatientParser",
            "insertions": 0,
            "deletions": 2
          }
        ]
      },
      {
        "insertions": 1024,
        "deletions": 28,
        "date": "2019-03-02",
        "commitResults": [
          {
            "hash": "0b716bf4748048eb2496f262d33837e2b635fc8b",
            "message": "Added Symptom class for diagnosis",
            "insertions": 75,
            "deletions": 0
          },
          {
            "hash": "15f42d04c0c78d399b71de8802d904d512702084",
            "message": "Added Assessment class for diagnosis",
            "insertions": 68,
            "deletions": 4
          },
          {
            "hash": "4541541968f0fda63ec2799100723456f1a51b30",
            "message": "Added Diagnosis class",
            "insertions": 105,
            "deletions": 0
          },
          {
            "hash": "6f9b1467a1a7858aae1b819c2fa0e13aee075006",
            "message": "Added prescription and consultation class",
            "insertions": 118,
            "deletions": 0
          },
          {
            "hash": "ddc9f47f3351f06ac35d35d107690fe6ef48cd45",
            "message": "Added CreateConsultationCommand",
            "insertions": 311,
            "deletions": 14
          },
          {
            "hash": "25b0c59cc384fb22af83b043ce6a193260527bb9",
            "message": "Added DiagnosePatientCommand and its corresponding classes",
            "insertions": 225,
            "deletions": 7
          },
          {
            "hash": "a1942c6034e713f37d407b15417acd800a11c63a",
            "message": "Fixed checkstyle issues for Assessment and Consultation classes",
            "insertions": 3,
            "deletions": 1
          },
          {
            "hash": "fa56436a695e54fca8710ea967143ed70ed676d8",
            "message": "Added JUnit tests for diagnosis and consultation commands",
            "insertions": 119,
            "deletions": 2
          }
        ]
      },
      {
        "insertions": 0,
        "deletions": 0,
        "date": "2019-03-03",
        "commitResults": []
      },
      {
        "insertions": 521,
        "deletions": 16,
        "date": "2019-03-04",
        "commitResults": [
          {
            "hash": "2ba3d030f6adb877d019e03a78d44cc6232cada7",
            "message": "Added prescription command",
            "insertions": 317,
            "deletions": 3
          },
          {
            "hash": "c56b9364df4274b572d67951ecc4336af1937921",
            "message": "Fixed checkstyle issues for PrescriptionCommand and its parser",
            "insertions": 4,
            "deletions": 1
          },
          {
            "hash": "52d6b25a285e54f8714808e313e3049f0f817d9a",
            "message": "Fixed unusedimport in prescriptioncommandtest",
            "insertions": 0,
            "deletions": 4
          },
          {
            "hash": "6b29c7f32c42c5989bb19c33804d9eb5e7ab7230",
            "message": "Add EndConsultation Command and fixed prescription setting",
            "insertions": 197,
            "deletions": 2
          },
          {
            "hash": "b88ee98b046904fdf146df217b87644b9aeb1ba4",
            "message": "Removed unused imports for EndConsultation tests",
            "insertions": 0,
            "deletions": 3
          },
          {
            "hash": "47a57bd4a6ae636124f4fbde6071d0bf22136ad5",
            "message": "Fixed ConsultationCommandTest to include next line to match expected output",
            "insertions": 3,
            "deletions": 3
          }
        ]
      },
      {
        "insertions": 81,
        "deletions": 54,
        "date": "2019-03-05",
        "commitResults": [
          {
            "hash": "661dda6f732f41044c6828f5962b97c18f3ed161",
            "message": "Edited documentation to reflected updated patient module commands",
            "insertions": 81,
            "deletions": 54
          }
        ]
      },
      {
        "insertions": 0,
        "deletions": 0,
        "date": "2019-03-06",
        "commitResults": []
      },
      {
        "insertions": 0,
        "deletions": 0,
        "date": "2019-03-07",
        "commitResults": []
      },
      {
        "insertions": 0,
        "deletions": 0,
        "date": "2019-03-08",
        "commitResults": []
      },
      {
        "insertions": 517,
        "deletions": 1047,
        "date": "2019-03-09",
        "commitResults": [
          {
            "hash": "b58057dafe704397027fb7976b8441b9e725f12e",
            "message": "Modified prescription\u0027s medicine field to be represented by a Medicine class object",
            "insertions": 103,
            "deletions": 41
          },
          {
            "hash": "03c6d39bd3063641957046657997955b9aa5203e",
            "message": "Added ListConsultationCommand",
            "insertions": 374,
            "deletions": 2
          },
          {
            "hash": "4dcf7501392c073cc901824d242b454abb1e6337",
            "message": "Removed AB4\u0027s edit command classes and tests",
            "insertions": 1,
            "deletions": 965
          },
          {
            "hash": "71387bb30f7f4bf185a8dad89a11818fea76165e",
            "message": "Create ConsultationRecords each time consultation ends",
            "insertions": 1,
            "deletions": 4
          },
          {
            "hash": "abb0a6299bb1633da1a593103bd8bc6ee0e48e66",
            "message": "Updated images in user guide and title in developer guide",
            "insertions": 3,
            "deletions": 3
          },
          {
            "hash": "763f9a2203555fa116dc88afc3ece5db083ed7b2",
            "message": "commented out imports due for tests files pertaining to prescription",
            "insertions": 35,
            "deletions": 32
          }
        ]
      },
      {
        "insertions": 0,
        "deletions": 0,
        "date": "2019-03-10",
        "commitResults": []
      },
      {
        "insertions": 81,
        "deletions": 2,
        "date": "2019-03-11",
        "commitResults": [
          {
            "hash": "11abaa76136ac709c12c58edbef61e5497b205b0",
            "message": "Added history handling in userInput textField",
            "insertions": 81,
            "deletions": 2
          }
        ]
      },
      {
        "insertions": 599,
        "deletions": 51,
        "date": "2019-03-12",
        "commitResults": [
          {
            "hash": "aa139078460dc2330650535c5e7329659295aaf9",
            "message": "Implemented writing and saving of patient records",
            "insertions": 176,
            "deletions": 5
          },
          {
            "hash": "6b7b34481483e0d6f158b4ff808288701e159d2c",
            "message": "Editing of patient records now reflected in JSON",
            "insertions": 37,
            "deletions": 10
          },
          {
            "hash": "b4094c90e88ab5cc30b31505a428ebec96a040e6",
            "message": "Added JUnit tests for JsonAdaptedPatient",
            "insertions": 382,
            "deletions": 31
          },
          {
            "hash": "ae0ba3765b568ca0c85884affbb1a4006cea8f85",
            "message": "Fixed Checkstyle issues with gui and modelManager class",
            "insertions": 1,
            "deletions": 2
          },
          {
            "hash": "72a59aaae0280100812113c27ffa226dff85d49a",
            "message": "Added newline at EOF for test addressbook json files",
            "insertions": 3,
            "deletions": 3
          }
        ]
      },
      {
        "insertions": 0,
        "deletions": 0,
        "date": "2019-03-13",
        "commitResults": []
      },
      {
        "insertions": 0,
        "deletions": 0,
        "date": "2019-03-14",
        "commitResults": []
      },
      {
        "insertions": 0,
        "deletions": 0,
        "date": "2019-03-15",
        "commitResults": []
      },
      {
        "insertions": 436,
        "deletions": 9,
        "date": "2019-03-16",
        "commitResults": [
          {
            "hash": "a1938ad26c73e16b37fd06a03c070926c99a508e",
            "message": "Added centralised QuickDocs Storage, storage of patients and consultation in JSON format",
            "insertions": 436,
            "deletions": 5
          },
          {
            "hash": "16076d533b5c23118fe95067fe022be74d6c9771",
            "message": "Removed unused import for patient class",
            "insertions": 0,
            "deletions": 4
          }
        ]
      },
      {
        "insertions": 0,
        "deletions": 0,
        "date": "2019-03-17",
        "commitResults": []
      },
      {
        "insertions": 158,
        "deletions": 271,
        "date": "2019-03-18",
        "commitResults": [
          {
            "hash": "f80d791138f16c7ebe3e89054a471b838ae47925",
            "message": "Added UI section, architecture component sequence diagram, consultation component details to developer guide",
            "insertions": 123,
            "deletions": 59
          },
          {
            "hash": "e140da452580aa05f00338c8de445f98e1c7ae62",
            "message": "Acknowledged AB4, edited user guide for patient and consultation command wrt UG feedback",
            "insertions": 35,
            "deletions": 15
          },
          {
            "hash": "6a40e9eb28fb74e9b8b8298984f88f263e16ac46",
            "message": "Removed ClearCommand and related tests",
            "insertions": 0,
            "deletions": 197
          }
        ]
      },
      {
        "insertions": 18,
        "deletions": 281,
        "date": "2019-03-19",
        "commitResults": [
          {
            "hash": "223320a0d50a84ec1ec04d0917d80e57d288cc38",
            "message": "Added SD for rest of consultation process",
            "insertions": 14,
            "deletions": 1
          },
          {
            "hash": "235667bc886b099f31e88a7119069e1d90cbba86",
            "message": "Edited targeted user and value preposition, removed AB4 enhancement guide",
            "insertions": 4,
            "deletions": 280
          }
        ]
      },
      {
        "insertions": 0,
        "deletions": 0,
        "date": "2019-03-20",
        "commitResults": []
      },
      {
        "insertions": 0,
        "deletions": 0,
        "date": "2019-03-21",
        "commitResults": []
      },
      {
        "insertions": 0,
        "deletions": 0,
        "date": "2019-03-22",
        "commitResults": []
      },
      {
        "insertions": 29,
        "deletions": 1,
        "date": "2019-03-23",
        "commitResults": [
          {
            "hash": "0543660b21a1c4eb6c6e5308cb49fd843bb4b9e9",
            "message": "Added Reposense config file and updated gitignore for reposense",
            "insertions": 28,
            "deletions": 0
          },
          {
            "hash": "55ed7afed429d28986595c2140675bca48579965",
            "message": "EOF blank for _reposenseconfig.json",
            "insertions": 1,
            "deletions": 1
          }
        ]
      }
    ],
    "Xue-Chenyang": [
      {
        "insertions": 0,
        "deletions": 0,
        "date": "2019-02-10",
        "commitResults": []
      },
      {
        "insertions": 0,
        "deletions": 0,
        "date": "2019-02-11",
        "commitResults": []
      },
      {
        "insertions": 0,
        "deletions": 0,
        "date": "2019-02-12",
        "commitResults": []
      },
      {
        "insertions": 0,
        "deletions": 0,
        "date": "2019-02-13",
        "commitResults": []
      },
      {
        "insertions": 0,
        "deletions": 0,
        "date": "2019-02-14",
        "commitResults": []
      },
      {
        "insertions": 0,
        "deletions": 0,
        "date": "2019-02-15",
        "commitResults": []
      },
      {
        "insertions": 0,
        "deletions": 0,
        "date": "2019-02-16",
        "commitResults": []
      },
      {
        "insertions": 2,
        "deletions": 2,
        "date": "2019-02-17",
        "commitResults": [
          {
            "hash": "ecefacb8016f7883eaf17aa9f9c0cf11d93a85ad",
            "message": "Update AboutUs.adoc",
            "insertions": 2,
            "deletions": 2
          }
        ]
      },
      {
        "insertions": 84,
        "deletions": 0,
        "date": "2019-02-18",
        "commitResults": [
          {
            "hash": "3c332175a74601e466ac7a361acd53567517e1c2",
            "message": "Update DeveloperGuide.adoc",
            "insertions": 84,
            "deletions": 0
          }
        ]
      },
      {
        "insertions": 109,
        "deletions": 4,
        "date": "2019-02-19",
        "commitResults": [
          {
            "hash": "2cc6fb70fcc2e5036444ef778523a67137eb3a91",
            "message": "Add removetag in model",
            "insertions": 108,
            "deletions": 4
          },
          {
            "hash": "e2c1ff7b54032e7f0253041751657893254ba25f",
            "message": "Update DeveloperGuide.adoc",
            "insertions": 1,
            "deletions": 0
          }
        ]
      },
      {
        "insertions": 122,
        "deletions": 0,
        "date": "2019-02-20",
        "commitResults": [
          {
            "hash": "47ccb80a9846fb60a6a4ef794ceb4513dc30774e",
            "message": "Added model for medicine",
            "insertions": 122,
            "deletions": 0
          }
        ]
      },
      {
        "insertions": 0,
        "deletions": 0,
        "date": "2019-02-21",
        "commitResults": []
      },
      {
        "insertions": 0,
        "deletions": 0,
        "date": "2019-02-22",
        "commitResults": []
      },
      {
        "insertions": 0,
        "deletions": 0,
        "date": "2019-02-23",
        "commitResults": []
      },
      {
        "insertions": 0,
        "deletions": 0,
        "date": "2019-02-24",
        "commitResults": []
      },
      {
        "insertions": 480,
        "deletions": 50,
        "date": "2019-02-25",
        "commitResults": [
          {
            "hash": "6061128989e124ec08af4f7afa5745e930432524",
            "message": "Completed model for medicine module",
            "insertions": 235,
            "deletions": 40
          },
          {
            "hash": "e02729c6d55b76c1872e7e0b27bef78d8f336444",
            "message": "Furnished models for medicine module and completed tests for them",
            "insertions": 245,
            "deletions": 10
          }
        ]
      },
      {
        "insertions": 161,
        "deletions": 4,
        "date": "2019-02-26",
        "commitResults": [
          {
            "hash": "257d6a20db53747a5a8fe0da059269c1bd75742c",
            "message": "fix import checkstyle",
            "insertions": 5,
            "deletions": 1
          },
          {
            "hash": "517112d9f6362937c08e612e50ad2c20f8c95166",
            "message": "Update DeveloperGuide.adoc",
            "insertions": 0,
            "deletions": 1
          },
          {
            "hash": "97c3dbba5e5e8fca511443192fde8bf51a737628",
            "message": "Added addMedicine command, its parser and tests",
            "insertions": 156,
            "deletions": 2
          }
        ]
      },
      {
        "insertions": 229,
        "deletions": 4,
        "date": "2019-02-27",
        "commitResults": [
          {
            "hash": "a3380d941cc627d16cc088f7d103ad4b02ef183b",
            "message": "Added PurchaseMedicineCommand and its respective parser and test fixed bugs in AddMedicine command",
            "insertions": 229,
            "deletions": 4
          }
        ]
      },
      {
        "insertions": 119,
        "deletions": 46,
        "date": "2019-02-28",
        "commitResults": [
          {
            "hash": "767588bed13b6b422737a7f42fa096d4302d8cb3",
            "message": "Updated the ModelManager",
            "insertions": 100,
            "deletions": 20
          },
          {
            "hash": "ada12dadedffdb333948549d6051ed54a57b27ad",
            "message": "remove unused import",
            "insertions": 0,
            "deletions": 4
          },
          {
            "hash": "db17f895a7cc2d6a62e50e0130d3da50f2b4671f",
            "message": "fixed checkstyle error",
            "insertions": 4,
            "deletions": 4
          },
          {
            "hash": "7dd98233190bcd6c121449d9dfdc01470b7fd623",
            "message": "checkstyle",
            "insertions": 1,
            "deletions": 1
          },
          {
            "hash": "20941d850f0e45ff599ed5895c16875736843019",
            "message": "restore model",
            "insertions": 14,
            "deletions": 17
          }
        ]
      },
      {
        "insertions": 173,
        "deletions": 7,
        "date": "2019-03-01",
        "commitResults": [
          {
            "hash": "fb2350aa04e31a8fcd530f568ecb941819f99bc0",
            "message": "Added ViewStorageCommand and its parser and tests",
            "insertions": 173,
            "deletions": 7
          }
        ]
      },
      {
        "insertions": 0,
        "deletions": 0,
        "date": "2019-03-02",
        "commitResults": []
      },
      {
        "insertions": 0,
        "deletions": 0,
        "date": "2019-03-03",
        "commitResults": []
      },
      {
        "insertions": 0,
        "deletions": 0,
        "date": "2019-03-04",
        "commitResults": []
      },
      {
        "insertions": 414,
        "deletions": 56,
        "date": "2019-03-05",
        "commitResults": [
          {
            "hash": "e3d1b4b7465c56d7526bac60b38d497af0ba7452",
            "message": "Fixed conflicts around model; added tests for two commands",
            "insertions": 210,
            "deletions": 22
          },
          {
            "hash": "a2d7e019795c2bca68e33432af09cc39f2ca023f",
            "message": "Added another two tests for Purchase and View",
            "insertions": 181,
            "deletions": 21
          },
          {
            "hash": "3fb65227af941b31673e7a676aef93c94a24628c",
            "message": "Update UserGuide.adoc",
            "insertions": 18,
            "deletions": 8
          },
          {
            "hash": "49470bae0c3398c22083a938b56dd3983d66ad66",
            "message": "Update User doc",
            "insertions": 3,
            "deletions": 3
          },
          {
            "hash": "959579a967f603193196de1f6aec9285c6e67856",
            "message": "fixed trailing whitespace",
            "insertions": 2,
            "deletions": 2
          }
        ]
      },
      {
        "insertions": 310,
        "deletions": 1441,
        "date": "2019-03-06",
        "commitResults": [
          {
            "hash": "50191807eeb89d4e7692cc3c36ed7f348d1a8e81",
            "message": "Added AlarmCommand and its parser; Updated tests and models",
            "insertions": 272,
            "deletions": 36
          },
          {
            "hash": "41d59c373d735cc8237fa769827d0b0840bcf9a3",
            "message": "Safely deleted AddCommand from AB4",
            "insertions": 29,
            "deletions": 1108
          },
          {
            "hash": "83c1fb2ee5c22372200d69b67e83a3e45ce4082e",
            "message": "checkstyle",
            "insertions": 9,
            "deletions": 10
          },
          {
            "hash": "c859d03381728308450ab9820cda87bc975ecd56",
            "message": "deleted trouble maker",
            "insertions": 0,
            "deletions": 287
          }
        ]
      },
      {
        "insertions": 0,
        "deletions": 0,
        "date": "2019-03-07",
        "commitResults": []
      },
      {
        "insertions": 0,
        "deletions": 0,
        "date": "2019-03-08",
        "commitResults": []
      },
      {
        "insertions": 0,
        "deletions": 0,
        "date": "2019-03-09",
        "commitResults": []
      },
      {
        "insertions": 285,
        "deletions": 63,
        "date": "2019-03-10",
        "commitResults": [
          {
            "hash": "5d02253a992cee5e425213bbefa0c9b4915c2138",
            "message": "Added AddDirectory Command and its parser; Abstracted fromPathToString method into StringUtil",
            "insertions": 129,
            "deletions": 32
          },
          {
            "hash": "9863b7fc9738b83410761fdbd3e2a2eca9b650b0",
            "message": "created tests for addDirectory Command",
            "insertions": 113,
            "deletions": 0
          },
          {
            "hash": "e9e6a2fda3d1a284a49a2e8d0c4d61a1263322b4",
            "message": "minor fix",
            "insertions": 1,
            "deletions": 1
          },
          {
            "hash": "dc1b0a7bec772d7bf6470fb0608664b92329c3e7",
            "message": "updated ABParser",
            "insertions": 10,
            "deletions": 26
          },
          {
            "hash": "4008547f0d06870c41ff084ef87376dd1f822eb4",
            "message": "updated ab4parser",
            "insertions": 29,
            "deletions": 1
          },
          {
            "hash": "9a4f7d06b7cbff705d1270c4f279d02f4f0450cc",
            "message": "Revert \"minor fix\"",
            "insertions": 1,
            "deletions": 1
          },
          {
            "hash": "f0e2a71f9e20394b92cc457a5de7d253c301047e",
            "message": "Minor change to exception messages",
            "insertions": 2,
            "deletions": 2
          }
        ]
      },
      {
        "insertions": 93,
        "deletions": 1,
        "date": "2019-03-11",
        "commitResults": [
          {
            "hash": "1355c50e1cffdb6156903cf5adcde8c06c2e90ab",
            "message": "Added new tests and modified implementation of set threshold",
            "insertions": 93,
            "deletions": 1
          }
        ]
      },
      {
        "insertions": 304,
        "deletions": 64,
        "date": "2019-03-12",
        "commitResults": [
          {
            "hash": "ccfb81137936ccd5ce427317d98df149b512d32a",
            "message": "added price field in Medicine; updated all files to resolve conflicts",
            "insertions": 133,
            "deletions": 57
          },
          {
            "hash": "993089315322aa7fb58818b00ef0b9576747f300",
            "message": "Added SetPrice Command and its parser",
            "insertions": 171,
            "deletions": 7
          }
        ]
      },
      {
        "insertions": 0,
        "deletions": 447,
        "date": "2019-03-13",
        "commitResults": [
          {
            "hash": "730c344210a26ee49b12da0f4f9268228533ee86",
            "message": "Safely deleted FindCommand from AB4",
            "insertions": 0,
            "deletions": 447
          }
        ]
      },
      {
        "insertions": 0,
        "deletions": 0,
        "date": "2019-03-14",
        "commitResults": []
      },
      {
        "insertions": 0,
        "deletions": 0,
        "date": "2019-03-15",
        "commitResults": []
      },
      {
        "insertions": 0,
        "deletions": 0,
        "date": "2019-03-16",
        "commitResults": []
      },
      {
        "insertions": 22,
        "deletions": 0,
        "date": "2019-03-17",
        "commitResults": [
          {
            "hash": "a5cdee791e7c73e0bfdc60d497cff7a21a8ef035",
            "message": "added SetPriceViaPathCommandTest",
            "insertions": 22,
            "deletions": 0
          }
        ]
      },
      {
        "insertions": 0,
        "deletions": 0,
        "date": "2019-03-18",
        "commitResults": []
      },
      {
        "insertions": 75,
        "deletions": 304,
        "date": "2019-03-19",
        "commitResults": [
          {
            "hash": "4e8c1453162a01e2dff6a133bc04cb2d42d1f9b4",
            "message": "Added Model diagrams, and my implementations",
            "insertions": 68,
            "deletions": 8
          },
          {
            "hash": "2d92b4f9cda8dc209a48bddbdb4dda4b9a01e4b5",
            "message": "checkstyle",
            "insertions": 2,
            "deletions": 2
          },
          {
            "hash": "c36f8f2e148695ac6bf6130d6fcd339dddbc88d3",
            "message": "code checkstyle",
            "insertions": 5,
            "deletions": 4
          },
          {
            "hash": "37652602003a317b09dcb0f6e635084645fb11fd",
            "message": "deleted left over AB4 content",
            "insertions": 0,
            "deletions": 283
          },
          {
            "hash": "0e165b4e31fbbe883aba9ae8b2634ab518ea10c4",
            "message": "travis",
            "insertions": 0,
            "deletions": 7
          }
        ]
      },
      {
        "insertions": 0,
        "deletions": 0,
        "date": "2019-03-20",
        "commitResults": []
      },
      {
        "insertions": 0,
        "deletions": 0,
        "date": "2019-03-21",
        "commitResults": []
      },
      {
        "insertions": 0,
        "deletions": 0,
        "date": "2019-03-22",
        "commitResults": []
      },
      {
        "insertions": 0,
        "deletions": 0,
        "date": "2019-03-23",
        "commitResults": []
      }
    ]
  },
  "authorFinalContributionMap": {
    "bentwj": 1455,
    "ongaaron96": 0,
    "simjiazhi": 6392,
    "Xue-Chenyang": 2549
  },
  "authorContributionVariance": {
    "bentwj": 22886.652,
    "ongaaron96": 0.0,
    "simjiazhi": 207369.23,
    "Xue-Chenyang": 86648.99
  },
  "authorDisplayNameMap": {
    "bentwj": "TAN...IAN",
    "ongaaron96": "ONG...RON",
    "simjiazhi": "SIM...ZHI",
    "Xue-Chenyang": "XUE...ANG"
  }
}
