{
  "authorDailyContributionsMap": {
    "suriruhani": [
      {
        "insertions": 0,
        "deletions": 0,
        "date": "2019-02-10",
        "commitResults": []
      },
      {
        "insertions": 0,
        "deletions": 0,
        "date": "2019-02-11",
        "commitResults": []
      },
      {
        "insertions": 0,
        "deletions": 0,
        "date": "2019-02-12",
        "commitResults": []
      },
      {
        "insertions": 0,
        "deletions": 0,
        "date": "2019-02-13",
        "commitResults": []
      },
      {
        "insertions": 0,
        "deletions": 0,
        "date": "2019-02-14",
        "commitResults": []
      },
      {
        "insertions": 0,
        "deletions": 0,
        "date": "2019-02-15",
        "commitResults": []
      },
      {
        "insertions": 0,
        "deletions": 0,
        "date": "2019-02-16",
        "commitResults": []
      },
      {
        "insertions": 0,
        "deletions": 0,
        "date": "2019-02-17",
        "commitResults": []
      },
      {
        "insertions": 0,
        "deletions": 0,
        "date": "2019-02-18",
        "commitResults": []
      },
      {
        "insertions": 56,
        "deletions": 24,
        "date": "2019-02-19",
        "commitResults": [
          {
            "hash": "d1ea651b7dcc2116e5feeb5e3244eae6423073e3",
            "message": "Update AboutUs.adoc",
            "insertions": 47,
            "deletions": 21
          },
          {
            "hash": "ac93c0f0d1759acf92ba3748578cbdbdcdf483e8",
            "message": "Update ContactUs.adoc",
            "insertions": 9,
            "deletions": 3
          }
        ]
      },
      {
        "insertions": 0,
        "deletions": 0,
        "date": "2019-02-20",
        "commitResults": []
      },
      {
        "insertions": 0,
        "deletions": 0,
        "date": "2019-02-21",
        "commitResults": []
      },
      {
        "insertions": 0,
        "deletions": 0,
        "date": "2019-02-22",
        "commitResults": []
      },
      {
        "insertions": 0,
        "deletions": 0,
        "date": "2019-02-23",
        "commitResults": []
      },
      {
        "insertions": 0,
        "deletions": 0,
        "date": "2019-02-24",
        "commitResults": []
      },
      {
        "insertions": 8,
        "deletions": 19,
        "date": "2019-02-25",
        "commitResults": [
          {
            "hash": "0ffa9103cde0ee9206f8bfcb0aa2440a4e85d030",
            "message": "Added pictures to AboutUs.adoc",
            "insertions": 5,
            "deletions": 5
          },
          {
            "hash": "c12600798ff5e2d451eea893131b6a94ce2d019c",
            "message": "Updated AboutUs.adoc",
            "insertions": 2,
            "deletions": 6
          },
          {
            "hash": "9018433e4e4ca898dfe7798b0327f2526c009624",
            "message": "minor bug fixes",
            "insertions": 1,
            "deletions": 8
          }
        ]
      },
      {
        "insertions": 0,
        "deletions": 0,
        "date": "2019-02-26",
        "commitResults": []
      },
      {
        "insertions": 0,
        "deletions": 0,
        "date": "2019-02-27",
        "commitResults": []
      },
      {
        "insertions": 0,
        "deletions": 0,
        "date": "2019-02-28",
        "commitResults": []
      },
      {
        "insertions": 0,
        "deletions": 0,
        "date": "2019-03-01",
        "commitResults": []
      },
      {
        "insertions": 0,
        "deletions": 0,
        "date": "2019-03-02",
        "commitResults": []
      },
      {
        "insertions": 0,
        "deletions": 0,
        "date": "2019-03-03",
        "commitResults": []
      },
      {
        "insertions": 0,
        "deletions": 0,
        "date": "2019-03-04",
        "commitResults": []
      },
      {
        "insertions": 34,
        "deletions": 10,
        "date": "2019-03-05",
        "commitResults": [
          {
            "hash": "38585f8d71230129c4c95813061fdb908e56d27f",
            "message": "Edit ListCommand.java success message",
            "insertions": 2,
            "deletions": 2
          },
          {
            "hash": "87c75d82b6fb46bc2b522aa5c712192b5c175bcb",
            "message": "Accept \u0027greet\u0027 command and display success message",
            "insertions": 24,
            "deletions": 0
          },
          {
            "hash": "7327663f0f76db72369c4ac5ef5d2e34b1b4aac5",
            "message": "Update MESSAGE_SUCCESS to display the greeting",
            "insertions": 2,
            "deletions": 1
          },
          {
            "hash": "eb747fb7b0a37f06e40d38c87af5168dd934b037",
            "message": "Minor checkstyle fixes",
            "insertions": 2,
            "deletions": 3
          },
          {
            "hash": "df4710606b9d0fd10ea801ad998d663559a2efc9",
            "message": "Revert changes to ListCommand.java",
            "insertions": 2,
            "deletions": 2
          },
          {
            "hash": "290a79473c3eb93b8763e5912e9822378d0ac89c",
            "message": "Checkstyle fixes",
            "insertions": 1,
            "deletions": 1
          },
          {
            "hash": "d6bf14bff49bd74d07f526ea72678edfd980a933",
            "message": "Checkstyle fixes yet again",
            "insertions": 1,
            "deletions": 1
          }
        ]
      },
      {
        "insertions": 0,
        "deletions": 0,
        "date": "2019-03-06",
        "commitResults": []
      },
      {
        "insertions": 0,
        "deletions": 0,
        "date": "2019-03-07",
        "commitResults": []
      },
      {
        "insertions": 0,
        "deletions": 0,
        "date": "2019-03-08",
        "commitResults": []
      },
      {
        "insertions": 0,
        "deletions": 0,
        "date": "2019-03-09",
        "commitResults": []
      },
      {
        "insertions": 0,
        "deletions": 0,
        "date": "2019-03-10",
        "commitResults": []
      },
      {
        "insertions": 0,
        "deletions": 0,
        "date": "2019-03-11",
        "commitResults": []
      },
      {
        "insertions": 0,
        "deletions": 0,
        "date": "2019-03-12",
        "commitResults": []
      },
      {
        "insertions": 0,
        "deletions": 0,
        "date": "2019-03-13",
        "commitResults": []
      },
      {
        "insertions": 0,
        "deletions": 0,
        "date": "2019-03-14",
        "commitResults": []
      },
      {
        "insertions": 0,
        "deletions": 0,
        "date": "2019-03-15",
        "commitResults": []
      },
      {
        "insertions": 0,
        "deletions": 0,
        "date": "2019-03-16",
        "commitResults": []
      },
      {
        "insertions": 10,
        "deletions": 55,
        "date": "2019-03-17",
        "commitResults": [
          {
            "hash": "acfe0bef904ea6659110541b931bad1fe8ed71a8",
            "message": "update Storage.java and SourceDatabaseStorage.java interfaces",
            "insertions": 10,
            "deletions": 55
          }
        ]
      },
      {
        "insertions": 313,
        "deletions": 262,
        "date": "2019-03-18",
        "commitResults": [
          {
            "hash": "4822484b0acc11b292a731aa1d2d997082db89d5",
            "message": "update JsonSourceDatabaseStorage.java interface",
            "insertions": 0,
            "deletions": 80
          },
          {
            "hash": "2a02d86288c35fed9de2ea92c920f070413e30f3",
            "message": "update classes JsonSourceDatabaseStorage.java and JsonSerializableSourceDatabase.java",
            "insertions": 0,
            "deletions": 60
          },
          {
            "hash": "a57f52186d781c65f95aca489965e632a082d948",
            "message": "update class JsonAdaptedSource.java",
            "insertions": 0,
            "deletions": 109
          },
          {
            "hash": "e784077fdc7effd00be0256786d878be3c8d7aa0",
            "message": "update class StorageManager.java",
            "insertions": 13,
            "deletions": 13
          },
          {
            "hash": "98f3b3c5efeb1f2982ede1e9ef25a7245a6d374a",
            "message": "add class JsonAdaptedSource.java",
            "insertions": 113,
            "deletions": 0
          },
          {
            "hash": "3eca4288b661148fdae65e96b60ee8b8cab68f98",
            "message": "add class JsonSerializableSourceDatabase.java",
            "insertions": 61,
            "deletions": 0
          },
          {
            "hash": "5cd1e0ee8e9b8a6cc1e89b01457489e7e6f5b86a",
            "message": "add class JsonSourceDatabaseStorage.java",
            "insertions": 80,
            "deletions": 0
          },
          {
            "hash": "b5cd04cd829e588f17c11a36cfe82fa1bc357e48",
            "message": "add class SourceDatabaseStorage.java",
            "insertions": 46,
            "deletions": 0
          }
        ]
      }
    ],
    "DoItTomorrow": [
      {
        "insertions": 0,
        "deletions": 0,
        "date": "2019-02-10",
        "commitResults": []
      },
      {
        "insertions": 0,
        "deletions": 0,
        "date": "2019-02-11",
        "commitResults": []
      },
      {
        "insertions": 0,
        "deletions": 0,
        "date": "2019-02-12",
        "commitResults": []
      },
      {
        "insertions": 0,
        "deletions": 0,
        "date": "2019-02-13",
        "commitResults": []
      },
      {
        "insertions": 0,
        "deletions": 0,
        "date": "2019-02-14",
        "commitResults": []
      },
      {
        "insertions": 0,
        "deletions": 0,
        "date": "2019-02-15",
        "commitResults": []
      },
      {
        "insertions": 0,
        "deletions": 0,
        "date": "2019-02-16",
        "commitResults": []
      },
      {
        "insertions": 0,
        "deletions": 0,
        "date": "2019-02-17",
        "commitResults": []
      },
      {
        "insertions": 0,
        "deletions": 0,
        "date": "2019-02-18",
        "commitResults": []
      },
      {
        "insertions": 0,
        "deletions": 0,
        "date": "2019-02-19",
        "commitResults": []
      },
      {
        "insertions": 0,
        "deletions": 0,
        "date": "2019-02-20",
        "commitResults": []
      },
      {
        "insertions": 0,
        "deletions": 0,
        "date": "2019-02-21",
        "commitResults": []
      },
      {
        "insertions": 0,
        "deletions": 0,
        "date": "2019-02-22",
        "commitResults": []
      },
      {
        "insertions": 0,
        "deletions": 0,
        "date": "2019-02-23",
        "commitResults": []
      },
      {
        "insertions": 0,
        "deletions": 0,
        "date": "2019-02-24",
        "commitResults": []
      },
      {
        "insertions": 0,
        "deletions": 0,
        "date": "2019-02-25",
        "commitResults": []
      },
      {
        "insertions": 0,
        "deletions": 0,
        "date": "2019-02-26",
        "commitResults": []
      },
      {
        "insertions": 0,
        "deletions": 0,
        "date": "2019-02-27",
        "commitResults": []
      },
      {
        "insertions": 0,
        "deletions": 0,
        "date": "2019-02-28",
        "commitResults": []
      },
      {
        "insertions": 0,
        "deletions": 0,
        "date": "2019-03-01",
        "commitResults": []
      },
      {
        "insertions": 0,
        "deletions": 0,
        "date": "2019-03-02",
        "commitResults": []
      },
      {
        "insertions": 0,
        "deletions": 0,
        "date": "2019-03-03",
        "commitResults": []
      },
      {
        "insertions": 0,
        "deletions": 0,
        "date": "2019-03-04",
        "commitResults": []
      },
      {
        "insertions": 54,
        "deletions": 4,
        "date": "2019-03-05",
        "commitResults": [
          {
            "hash": "9acd1bc279df685c97f96374cb5cc62bce9cf6af",
            "message": "Added biblio command",
            "insertions": 17,
            "deletions": 0
          },
          {
            "hash": "86bbbdce3a566d696aa5385b87dddc2006ec9923",
            "message": "Fixed syntax error in BiblioCommand",
            "insertions": 1,
            "deletions": 2
          },
          {
            "hash": "91d60a79b1382cbc833624539ec11c9e5351a126",
            "message": "no message",
            "insertions": 10,
            "deletions": 1
          },
          {
            "hash": "1b3eac2bf9bb7baf211f7463545fdf1da79364ae",
            "message": "no message",
            "insertions": 1,
            "deletions": 1
          },
          {
            "hash": "f80a45db3a83740a6a50cd6833dd823b741e681a",
            "message": "Added BiblioCommand",
            "insertions": 25,
            "deletions": 0
          }
        ]
      },
      {
        "insertions": 0,
        "deletions": 0,
        "date": "2019-03-06",
        "commitResults": []
      },
      {
        "insertions": 0,
        "deletions": 0,
        "date": "2019-03-07",
        "commitResults": []
      },
      {
        "insertions": 0,
        "deletions": 0,
        "date": "2019-03-08",
        "commitResults": []
      },
      {
        "insertions": 0,
        "deletions": 0,
        "date": "2019-03-09",
        "commitResults": []
      },
      {
        "insertions": 0,
        "deletions": 0,
        "date": "2019-03-10",
        "commitResults": []
      },
      {
        "insertions": 0,
        "deletions": 0,
        "date": "2019-03-11",
        "commitResults": []
      },
      {
        "insertions": 0,
        "deletions": 0,
        "date": "2019-03-12",
        "commitResults": []
      },
      {
        "insertions": 0,
        "deletions": 0,
        "date": "2019-03-13",
        "commitResults": []
      },
      {
        "insertions": 0,
        "deletions": 0,
        "date": "2019-03-14",
        "commitResults": []
      },
      {
        "insertions": 0,
        "deletions": 0,
        "date": "2019-03-15",
        "commitResults": []
      },
      {
        "insertions": 0,
        "deletions": 0,
        "date": "2019-03-16",
        "commitResults": []
      },
      {
        "insertions": 0,
        "deletions": 0,
        "date": "2019-03-17",
        "commitResults": []
      },
      {
        "insertions": 0,
        "deletions": 0,
        "date": "2019-03-18",
        "commitResults": []
      }
    ],
    "case141": [
      {
        "insertions": 0,
        "deletions": 0,
        "date": "2019-02-10",
        "commitResults": []
      },
      {
        "insertions": 0,
        "deletions": 0,
        "date": "2019-02-11",
        "commitResults": []
      },
      {
        "insertions": 0,
        "deletions": 0,
        "date": "2019-02-12",
        "commitResults": []
      },
      {
        "insertions": 0,
        "deletions": 0,
        "date": "2019-02-13",
        "commitResults": []
      },
      {
        "insertions": 0,
        "deletions": 0,
        "date": "2019-02-14",
        "commitResults": []
      },
      {
        "insertions": 0,
        "deletions": 0,
        "date": "2019-02-15",
        "commitResults": []
      },
      {
        "insertions": 0,
        "deletions": 0,
        "date": "2019-02-16",
        "commitResults": []
      },
      {
        "insertions": 0,
        "deletions": 0,
        "date": "2019-02-17",
        "commitResults": []
      },
      {
        "insertions": 0,
        "deletions": 0,
        "date": "2019-02-18",
        "commitResults": []
      },
      {
        "insertions": 89,
        "deletions": 86,
        "date": "2019-02-19",
        "commitResults": [
          {
            "hash": "38614c593b266ed9cc248d5916bad61b061b33d0",
            "message": "made required changes to userguide and contactus to suit our product",
            "insertions": 89,
            "deletions": 86
          }
        ]
      },
      {
        "insertions": 3,
        "deletions": 4,
        "date": "2019-02-20",
        "commitResults": [
          {
            "hash": "50ac02db55521c5ddb6e7a14f92183a6b559c23a",
            "message": "changed UI mockup to Infinity Machine product",
            "insertions": 1,
            "deletions": 1
          },
          {
            "hash": "4e227cadc3bfbfc67b15b070129c58e4a382e560",
            "message": "changed Ui.jpg to png",
            "insertions": 1,
            "deletions": 1
          },
          {
            "hash": "342d071cedbdaf1ca6d276b374d2aefa9d70cb0c",
            "message": "Updated README: corrected grammatical errors",
            "insertions": 1,
            "deletions": 1
          },
          {
            "hash": "1bb6f13d3460be314e056addb0209106c3061f32",
            "message": "removed redundant dummy text from aboutus page",
            "insertions": 0,
            "deletions": 1
          }
        ]
      },
      {
        "insertions": 0,
        "deletions": 0,
        "date": "2019-02-21",
        "commitResults": []
      },
      {
        "insertions": 0,
        "deletions": 0,
        "date": "2019-02-22",
        "commitResults": []
      },
      {
        "insertions": 0,
        "deletions": 0,
        "date": "2019-02-23",
        "commitResults": []
      },
      {
        "insertions": 0,
        "deletions": 0,
        "date": "2019-02-24",
        "commitResults": []
      },
      {
        "insertions": 0,
        "deletions": 0,
        "date": "2019-02-25",
        "commitResults": []
      },
      {
        "insertions": 0,
        "deletions": 0,
        "date": "2019-02-26",
        "commitResults": []
      },
      {
        "insertions": 0,
        "deletions": 0,
        "date": "2019-02-27",
        "commitResults": []
      },
      {
        "insertions": 0,
        "deletions": 0,
        "date": "2019-02-28",
        "commitResults": []
      },
      {
        "insertions": 0,
        "deletions": 0,
        "date": "2019-03-01",
        "commitResults": []
      },
      {
        "insertions": 0,
        "deletions": 0,
        "date": "2019-03-02",
        "commitResults": []
      },
      {
        "insertions": 0,
        "deletions": 0,
        "date": "2019-03-03",
        "commitResults": []
      },
      {
        "insertions": 0,
        "deletions": 0,
        "date": "2019-03-04",
        "commitResults": []
      },
      {
        "insertions": 85,
        "deletions": 10,
        "date": "2019-03-05",
        "commitResults": [
          {
            "hash": "854a03ede98276e62a2694b68dce9e27f4b9de07",
            "message": "add count command class to logic component",
            "insertions": 24,
            "deletions": 0
          },
          {
            "hash": "e8cee03d01d9026a8f8519b055329078f5c4ea65",
            "message": "update parser with count command",
            "insertions": 4,
            "deletions": 0
          },
          {
            "hash": "ccbdd26956aca3a7796c1586954018e4e43a5e8e",
            "message": "add getcount method to model.java",
            "insertions": 5,
            "deletions": 0
          },
          {
            "hash": "3c05460a9e26f5e6723bdd0ef327585003248fed",
            "message": "update modelmanager.java with count command",
            "insertions": 5,
            "deletions": 0
          },
          {
            "hash": "153c69b9cb5a41bfd08e0766de4c82c9a87d953c",
            "message": "fixed travis errors",
            "insertions": 3,
            "deletions": 2
          },
          {
            "hash": "b9d8f7a32e4b9fd874c244489b1a572513e68728",
            "message": "removed unused import and added missing javadoc",
            "insertions": 3,
            "deletions": 1
          },
          {
            "hash": "70e8d36379cdba873797b266ae597796be8307e7",
            "message": "add CountCommandTest.java for tests",
            "insertions": 22,
            "deletions": 0
          },
          {
            "hash": "1e21c739e1f46c2a4129c2ec43f542d71176f834",
            "message": "add count command test to parser",
            "insertions": 6,
            "deletions": 0
          },
          {
            "hash": "8e97b7ebc6ff51df7dc8d835deae438619b990ef",
            "message": "resolve errors with count command tests",
            "insertions": 13,
            "deletions": 7
          }
        ]
      },
      {
        "insertions": 0,
        "deletions": 0,
        "date": "2019-03-06",
        "commitResults": []
      },
      {
        "insertions": 0,
        "deletions": 0,
        "date": "2019-03-07",
        "commitResults": []
      },
      {
        "insertions": 0,
        "deletions": 0,
        "date": "2019-03-08",
        "commitResults": []
      },
      {
        "insertions": 0,
        "deletions": 0,
        "date": "2019-03-09",
        "commitResults": []
      },
      {
        "insertions": 0,
        "deletions": 0,
        "date": "2019-03-10",
        "commitResults": []
      },
      {
        "insertions": 0,
        "deletions": 0,
        "date": "2019-03-11",
        "commitResults": []
      },
      {
        "insertions": 314,
        "deletions": 31,
        "date": "2019-03-12",
        "commitResults": [
          {
            "hash": "fd8ffa6b1583f167199ea3854c43b23218dd4ec3",
            "message": "added new source package to current ab4 model",
            "insertions": 278,
            "deletions": 19
          },
          {
            "hash": "26649cca48ea841ba9eb4590fc61aa939012e324",
            "message": "added missing javadocs",
            "insertions": 23,
            "deletions": 6
          },
          {
            "hash": "b8512c355eea79157a9f8ce2666be6eb5275493c",
            "message": "fixed code styles",
            "insertions": 10,
            "deletions": 3
          },
          {
            "hash": "650e13e7e6ed464310f6db769cd3902454239490",
            "message": "fixed more travis errors",
            "insertions": 3,
            "deletions": 3
          }
        ]
      },
      {
        "insertions": 0,
        "deletions": 0,
        "date": "2019-03-13",
        "commitResults": []
      },
      {
        "insertions": 0,
        "deletions": 0,
        "date": "2019-03-14",
        "commitResults": []
      },
      {
        "insertions": 0,
        "deletions": 0,
        "date": "2019-03-15",
        "commitResults": []
      },
      {
        "insertions": 0,
        "deletions": 0,
        "date": "2019-03-16",
        "commitResults": []
      },
      {
        "insertions": 0,
        "deletions": 0,
        "date": "2019-03-17",
        "commitResults": []
      },
      {
        "insertions": 0,
        "deletions": 0,
        "date": "2019-03-18",
        "commitResults": []
      }
    ],
    "DarrenDragonLee": [
      {
        "insertions": 0,
        "deletions": 0,
        "date": "2019-02-10",
        "commitResults": []
      },
      {
        "insertions": 0,
        "deletions": 0,
        "date": "2019-02-11",
        "commitResults": []
      },
      {
        "insertions": 0,
        "deletions": 0,
        "date": "2019-02-12",
        "commitResults": []
      },
      {
        "insertions": 0,
        "deletions": 0,
        "date": "2019-02-13",
        "commitResults": []
      },
      {
        "insertions": 0,
        "deletions": 0,
        "date": "2019-02-14",
        "commitResults": []
      },
      {
        "insertions": 0,
        "deletions": 0,
        "date": "2019-02-15",
        "commitResults": []
      },
      {
        "insertions": 0,
        "deletions": 0,
        "date": "2019-02-16",
        "commitResults": []
      },
      {
        "insertions": 0,
        "deletions": 0,
        "date": "2019-02-17",
        "commitResults": []
      },
      {
        "insertions": 0,
        "deletions": 0,
        "date": "2019-02-18",
        "commitResults": []
      },
      {
        "insertions": 24,
        "deletions": 22,
        "date": "2019-02-19",
        "commitResults": [
          {
            "hash": "11db80a3d6c3de4474650064c8b6d7edde78a7eb",
            "message": "Readded images and changes to AboutUs document",
            "insertions": 24,
            "deletions": 22
          }
        ]
      },
      {
        "insertions": 0,
        "deletions": 0,
        "date": "2019-02-20",
        "commitResults": []
      },
      {
        "insertions": 0,
        "deletions": 0,
        "date": "2019-02-21",
        "commitResults": []
      },
      {
        "insertions": 0,
        "deletions": 0,
        "date": "2019-02-22",
        "commitResults": []
      },
      {
        "insertions": 0,
        "deletions": 0,
        "date": "2019-02-23",
        "commitResults": []
      },
      {
        "insertions": 0,
        "deletions": 0,
        "date": "2019-02-24",
        "commitResults": []
      },
      {
        "insertions": 0,
        "deletions": 0,
        "date": "2019-02-25",
        "commitResults": []
      },
      {
        "insertions": 0,
        "deletions": 0,
        "date": "2019-02-26",
        "commitResults": []
      },
      {
        "insertions": 0,
        "deletions": 0,
        "date": "2019-02-27",
        "commitResults": []
      },
      {
        "insertions": 0,
        "deletions": 0,
        "date": "2019-02-28",
        "commitResults": []
      },
      {
        "insertions": 0,
        "deletions": 0,
        "date": "2019-03-01",
        "commitResults": []
      },
      {
        "insertions": 0,
        "deletions": 0,
        "date": "2019-03-02",
        "commitResults": []
      },
      {
        "insertions": 303,
        "deletions": 62,
        "date": "2019-03-03",
        "commitResults": [
          {
            "hash": "de0b8a2cee374da210797e1d9728093b1f6eda11",
            "message": "Massive update for storage model",
            "insertions": 207,
            "deletions": 0
          },
          {
            "hash": "88c59e3f2a66a972a8ee250fb611052d4cf27d35",
            "message": "Removed \"whitespaces\"",
            "insertions": 22,
            "deletions": 23
          },
          {
            "hash": "66cfd5ee77794ad7c8fa71092ab3f8139bad94f1",
            "message": "Removed \"whitespaces\" again",
            "insertions": 1,
            "deletions": 1
          },
          {
            "hash": "9f07b3385a62a5909ffc3823b251983fa7bd73df",
            "message": "Added javadocs",
            "insertions": 24,
            "deletions": 9
          },
          {
            "hash": "cb8de1046229b742bb4b415b4715839aa3659796",
            "message": "Modified Java Docs and made minor changes",
            "insertions": 43,
            "deletions": 23
          },
          {
            "hash": "20358307c513c1daf5fe8309eeb267909f1043ac",
            "message": "Removed \"whitespaces\"",
            "insertions": 3,
            "deletions": 3
          },
          {
            "hash": "f058444596e97ec764e04c008922794a496b8f45",
            "message": "Modified import order",
            "insertions": 3,
            "deletions": 3
          }
        ]
      },
      {
        "insertions": 0,
        "deletions": 0,
        "date": "2019-03-04",
        "commitResults": []
      },
      {
        "insertions": 7,
        "deletions": 7,
        "date": "2019-03-05",
        "commitResults": [
          {
            "hash": "e34fb19bedab14cf85b75ab94bc526859fa23c8b",
            "message": "Renamed all images and chenged the AboutUs document accordingly",
            "insertions": 5,
            "deletions": 5
          },
          {
            "hash": "6f47aa787c1df62fdced8c2f615f1765b4b47da7",
            "message": "Replaced Yang Yang\u0027s photo and corrected typo in Fabian\u0027s username",
            "insertions": 2,
            "deletions": 2
          }
        ]
      },
      {
        "insertions": 0,
        "deletions": 0,
        "date": "2019-03-06",
        "commitResults": []
      },
      {
        "insertions": 0,
        "deletions": 0,
        "date": "2019-03-07",
        "commitResults": []
      },
      {
        "insertions": 0,
        "deletions": 0,
        "date": "2019-03-08",
        "commitResults": []
      },
      {
        "insertions": 427,
        "deletions": 131,
        "date": "2019-03-09",
        "commitResults": [
          {
            "hash": "f494ad2d812688bd2fb9ba1ac3ea878e3c6473f7",
            "message": "Massive improvement to the source model",
            "insertions": 287,
            "deletions": 1
          },
          {
            "hash": "1101786d172eff4f8db0519af07d5b666b0efa3b",
            "message": "Removed 1 whitespace",
            "insertions": 1,
            "deletions": 1
          },
          {
            "hash": "b4f0e6ea020e060343da1a10d452b03d90d7408c",
            "message": "Added java docs for main method and shifted indentations for entire codebase",
            "insertions": 137,
            "deletions": 127
          },
          {
            "hash": "dd76043608ca2acdd749da01b21765166d727c10",
            "message": "Added 2 whitespaces",
            "insertions": 2,
            "deletions": 2
          }
        ]
      },
      {
        "insertions": 0,
        "deletions": 0,
        "date": "2019-03-10",
        "commitResults": []
      },
      {
        "insertions": 0,
        "deletions": 0,
        "date": "2019-03-11",
        "commitResults": []
      },
      {
        "insertions": 0,
        "deletions": 0,
        "date": "2019-03-12",
        "commitResults": []
      },
      {
        "insertions": 0,
        "deletions": 0,
        "date": "2019-03-13",
        "commitResults": []
      },
      {
        "insertions": 0,
        "deletions": 0,
        "date": "2019-03-14",
        "commitResults": []
      },
      {
        "insertions": 0,
        "deletions": 0,
        "date": "2019-03-15",
        "commitResults": []
      },
      {
        "insertions": 0,
        "deletions": 0,
        "date": "2019-03-16",
        "commitResults": []
      },
      {
        "insertions": 209,
        "deletions": 300,
        "date": "2019-03-17",
        "commitResults": [
          {
            "hash": "3fff75f7f3e122fc48e4befa2a699803abe4741a",
            "message": "Update for Add and Edit commands and related files",
            "insertions": 209,
            "deletions": 300
          }
        ]
      },
      {
        "insertions": 0,
        "deletions": 0,
        "date": "2019-03-18",
        "commitResults": []
      }
    ],
    "fterh": [
      {
        "insertions": 0,
        "deletions": 0,
        "date": "2019-02-10",
        "commitResults": []
      },
      {
        "insertions": 0,
        "deletions": 0,
        "date": "2019-02-11",
        "commitResults": []
      },
      {
        "insertions": 0,
        "deletions": 0,
        "date": "2019-02-12",
        "commitResults": []
      },
      {
        "insertions": 0,
        "deletions": 0,
        "date": "2019-02-13",
        "commitResults": []
      },
      {
        "insertions": 0,
        "deletions": 0,
        "date": "2019-02-14",
        "commitResults": []
      },
      {
        "insertions": 0,
        "deletions": 0,
        "date": "2019-02-15",
        "commitResults": []
      },
      {
        "insertions": 0,
        "deletions": 0,
        "date": "2019-02-16",
        "commitResults": []
      },
      {
        "insertions": 0,
        "deletions": 0,
        "date": "2019-02-17",
        "commitResults": []
      },
      {
        "insertions": 0,
        "deletions": 0,
        "date": "2019-02-18",
        "commitResults": []
      },
      {
        "insertions": 0,
        "deletions": 0,
        "date": "2019-02-19",
        "commitResults": []
      },
      {
        "insertions": 0,
        "deletions": 0,
        "date": "2019-02-20",
        "commitResults": []
      },
      {
        "insertions": 0,
        "deletions": 0,
        "date": "2019-02-21",
        "commitResults": []
      },
      {
        "insertions": 0,
        "deletions": 0,
        "date": "2019-02-22",
        "commitResults": []
      },
      {
        "insertions": 0,
        "deletions": 0,
        "date": "2019-02-23",
        "commitResults": []
      },
      {
        "insertions": 0,
        "deletions": 0,
        "date": "2019-02-24",
        "commitResults": []
      },
      {
        "insertions": 0,
        "deletions": 0,
        "date": "2019-02-25",
        "commitResults": []
      },
      {
        "insertions": 0,
        "deletions": 0,
        "date": "2019-02-26",
        "commitResults": []
      },
      {
        "insertions": 0,
        "deletions": 0,
        "date": "2019-02-27",
        "commitResults": []
      },
      {
        "insertions": 0,
        "deletions": 0,
        "date": "2019-02-28",
        "commitResults": []
      },
      {
        "insertions": 0,
        "deletions": 0,
        "date": "2019-03-01",
        "commitResults": []
      },
      {
        "insertions": 0,
        "deletions": 0,
        "date": "2019-03-02",
        "commitResults": []
      },
      {
        "insertions": 0,
        "deletions": 0,
        "date": "2019-03-03",
        "commitResults": []
      },
      {
        "insertions": 0,
        "deletions": 0,
        "date": "2019-03-04",
        "commitResults": []
      },
      {
        "insertions": 0,
        "deletions": 0,
        "date": "2019-03-05",
        "commitResults": []
      },
      {
        "insertions": 0,
        "deletions": 0,
        "date": "2019-03-06",
        "commitResults": []
      },
      {
        "insertions": 0,
        "deletions": 0,
        "date": "2019-03-07",
        "commitResults": []
      },
      {
        "insertions": 0,
        "deletions": 0,
        "date": "2019-03-08",
        "commitResults": []
      },
      {
        "insertions": 0,
        "deletions": 0,
        "date": "2019-03-09",
        "commitResults": []
      },
      {
        "insertions": 0,
        "deletions": 0,
        "date": "2019-03-10",
        "commitResults": []
      },
      {
        "insertions": 0,
        "deletions": 0,
        "date": "2019-03-11",
        "commitResults": []
      },
      {
        "insertions": 0,
        "deletions": 0,
        "date": "2019-03-12",
        "commitResults": []
      },
      {
        "insertions": 0,
        "deletions": 0,
        "date": "2019-03-13",
        "commitResults": []
      },
      {
        "insertions": 0,
        "deletions": 0,
        "date": "2019-03-14",
        "commitResults": []
      },
      {
        "insertions": 0,
        "deletions": 0,
        "date": "2019-03-15",
        "commitResults": []
      },
      {
        "insertions": 0,
        "deletions": 0,
        "date": "2019-03-16",
        "commitResults": []
      },
      {
        "insertions": 0,
        "deletions": 0,
        "date": "2019-03-17",
        "commitResults": []
      },
      {
        "insertions": 0,
        "deletions": 0,
        "date": "2019-03-18",
        "commitResults": []
      }
    ]
  },
  "authorFinalContributionMap": {
    "suriruhani": 253,
    "DoItTomorrow": 25,
    "case141": 384,
    "DarrenDragonLee": 160,
    "fterh": 0
  },
  "authorContributionVariance": {
    "suriruhani": 8837.966,
    "DoItTomorrow": 88.461655,
    "case141": 4007.235,
    "DarrenDragonLee": 17454.543,
    "fterh": 0.0
  },
  "authorDisplayNameMap": {
    "suriruhani": "RUH...URI",
    "DoItTomorrow": "YAN...ANG",
    "case141": "LOW...SEY",
    "DarrenDragonLee": "LEE...REN",
    "fterh": "TER...WEI"
  }
}
